name,city,rating,reviews_count,reviewsDistribution_oneStar,reviewsDistribution_twoStar,reviewsDistribution_threeStar,reviewsDistribution_fourStar,reviewsDistribution_fiveStar
Wanted Restaurant,Bhaktapur,4.7,15,0,0,1,6,8
Khushi Khaja Ghar,Suryabinayak,5.0,2,0,0,0,1,1
Crave Corner,Suryabinayak,5.0,1,0,0,0,0,1
Bardali Kitchen & Sekuwa Ghar,Suryabinayak,4.7,45,0,0,2,18,25
Taboche Restaurant and coffee shop,Bhaktapur,4.6,111,0,0,7,47,57
The Burger House and Crunchy Fried Chicken,Suryabinayak,3.4,255,1,23,118,99,14
Paradise Foodland,Bhaktapur,3.3,138,1,16,68,48,5
Sarlahi Khaja Ghar,Suryabinayak,5.0,1,0,0,0,0,1
Maila Daiko Khaja Ghar,Suryabinayak,4.7,3,0,0,0,1,2
Sushmita Khaja Ghar,Bhaktapur,5.0,1,0,0,0,0,1
Universal Tandoori Cafe,Bhaktapur,3.5,179,0,13,77,76,13
North Rooftop Restaurant,Bhaktapur,4.1,54,0,1,10,29,14
Bluemoon homestay and Restaurant,Bhaktapur,4.8,13,0,0,0,5,8
Old Town Food: Best Late-Night Food in Bhaktapur,Changunarayan,4.1,344,0,4,63,186,91
Newa Nanee,Bhaktapur,4.2,57,0,0,9,30,18
Mi:loco Cafe' n Restaurant,Bhaktapur,4.0,85,0,1,19,46,19
Swastik Newari Khaja Ghar (Authentic Newari Restaurant),Bhaktapur,5.0,14,0,0,0,4,10
Jai MataDi Sweet and Chat House,Suryabinayak,3.7,7,0,0,2,4,1
Lakshmi Khaja Ghar,Suryabinayak,4.2,9,0,0,1,5,3
Cafe JAC Bhaktapur,Suryabinayak,5.0,3,0,0,0,1,2
Maa‚Äôs Cafe,Bhaktapur,4.9,52,0,0,1,17,34
Caf√©:In,Bhaktapur,4.8,12,0,0,1,4,7
Cin Cin Garden,Bhaktapur,4.7,402,0,0,18,158,226
The light cafe and restaurant,Suryabinayak,5.0,1,0,0,0,0,1
Baiga Cafe and Rooftop,Bhaktapur,4.9,10,0,0,0,3,7
MOMO MUNI CAFE,Suryabinayak,5.0,1,0,0,0,0,1
La Bella Restro srijananagar bhaktapur,Bhaktapur,4.6,10,0,0,1,4,5
CULTURE CAFE & BAR,Bhaktapur,4.7,43,0,0,2,17,24
Bhaktapur Dairy And Coffee Shop,Bhaktapur,5.0,1,0,0,0,0,1
The Pottery Cafe and bar,Bhaktapur,4.5,271,0,0,21,125,125
Sunapati Ramechhap Khaja Ghar,Bhaktapur,1.0,1,1,0,0,0,0
The Golden Lion,Height,5.0,3,0,0,0,1,2
mrp sekuwa adda ‡§∏‡•á‡§ï‡•Å‡§µ‡§æ KG ‡§∞‡§ï‡•ç‡§∏‡•Ä MRP ‡§Æ‡§æ,Bhaktapur,4.2,47,0,0,7,25,15
Battle Snooker,Bhaktapur,5.0,1,0,0,0,0,1
The Garuda Bar,Bhaktapur,4.2,103,0,1,15,55,32
Tas-ka Bar,Bhaktapur,4.1,15,0,0,3,8,4
Ja foodland and Bar,Bhaktapur,3.4,21,0,2,10,8,1
Lawaju Mithai Bhandar (‡§≤‡§µ‡§ú‡•Ç ‡§Æ‡§ø‡§†‡§æ‡§á ‡§≠‡§£‡•ç‡§°‡§æ‡§∞),Bhaktapur,3.8,39,0,1,12,20,6
‡§∏‡§ø‡§ß‡•ç‡§¶‡§ø‡§≤‡§ï‡•ç‡§∑‡•ç‡§Æ‡•Ä ‡§Æ‡§ø‡§†‡§æ‡§à ‡§≠‡§£‡•ç‡§°‡§æ‡§∞,Suryabinayak,3.6,80,0,4,31,37,8
Balakhu Food Point,Bhaktapur,4.8,268,0,0,9,95,164
Na:Pukhu Fast Food,Bhaktapur,3.4,108,0,10,50,42,6
Tryst Fast Food Restaurant,Bhaktapur,3.5,179,0,13,77,76,13
Stick Fast Food,Bhaktapur,4.0,2,0,0,1,1,0
3rd eyes fast food,Suryabinayak,5.0,3,0,0,0,1,2
New Diamond Restaurant,Changunarayan,5.0,2,0,0,0,1,1
Kyodong Laphing and Fast Food,Bhaktapur,4.0,1,0,0,0,1,0
‡§ï‡§æ‡§®‡•ç‡§§‡§ø‡§™‡•Å‡§∞ ‡§ó‡•á‡§∑‡•ç‡§ü ‡§π‡§æ‡§â‡§∏ ‡§è‡§£‡•ç‡§° ‡§∞‡•á‡§∑‡•ç‡§ü‡•Å‡§∞‡•á‡§®‡•ç‡§ü,Bhaktapur,3.2,17,0,2,9,5,1
New York Bites,Bhaktapur,5.0,1,0,0,0,0,1
Swadishta Momo And Fast Food,Bhaktapur,3.0,2,0,1,1,0,0
De Temple Cafe,Bhaktapur,4.4,197,0,1,19,96,81
Madhikarmi JuJu Dhau Center,Bhaktapur,4.5,59,0,0,5,27,27
Hada Ice Cream,Bhaktapur,4.0,438,0,6,97,238,97
Hotel Prisha and Rooftop,Bhaktapur,4.3,35,0,0,4,18,13
Timmure kamalbinayak,Bhaktapur,4.0,115,0,2,25,63,25
Fresh coffe House and Barkery,Suryabinayak,5.0,1,0,0,0,0,1
Roshani Coffee Shop,Bhaktapur,3.4,38,0,3,18,15,2
Shrestha Coffee Shop,Bhaktapur,3.4,21,0,2,10,8,1
Drip Cafe,Bhaktapur,5.0,1,0,0,0,0,1
UnderGround Cafe,Bhaktapur,5.0,3,0,0,0,1,2
Prabin Cold Store,Bhaktapur,5.0,1,0,0,0,0,1
"suryabinayak,5 katunje",Suryabinayak,5.0,1,0,0,0,0,1
The bekary & coffee shop,Bhaktapur,5.0,1,0,0,0,0,1
Bhajya Pukhu Coffee,Bhaktapur,4.0,334,0,5,74,181,74
Shova Coffee Shop,Bhaktapur,3.2,22,0,3,11,7,1
Durbar Coffee & Eatery,Bhaktapur,4.6,24,0,0,2,10,12
Coffee Klatch,Bhaktapur,4.5,70,0,0,6,32,32
The Street Coffee House,Maidan,5.0,23,0,0,0,7,16
Refesh Coffee House and Bakery,Suryabinayak,5.0,1,0,0,0,0,1
One O One Coffee & Barista School,Bhaktapur,4.7,487,0,0,22,191,274
The Morrison Cafe,Bhaktapur,5.0,4,0,0,0,1,3
Hillside beans barista coffee school,Suryabinayak,4.8,80,0,0,3,28,49
Enjoycoffeeshop,Bhaktapur,5.0,5,0,0,0,1,4
FreshPresso Coffee Bar,‡§¨‡§≤‡§ñ‡•Å,4.6,39,0,0,2,17,20
Refresh Cafe,Bhaktapur,4.5,2,0,0,0,1,1
Abc Cafe,Suryabinayak,5.0,1,0,0,0,0,1
TUSHARO CAFE,Bhaktapur,5.0,1,0,0,0,0,1
Janakpur Sweet and chat house,Changunarayan,5.0,3,0,0,0,1,2
Busy Bee Restro,Bhaktapur,4.3,4,0,0,1,2,1
Salla Cafe,Bhaktapur,3.3,3,0,0,2,1,0
–í–∫—É—Å–Ω–∞—è –µ–¥–∞,Bhaktapur,4.7,3,0,0,0,1,2
Subecchya Restaurant (Shree Ram Birbal),Bhaktapur,4.0,1,0,0,0,1,0
Jaiswal Handi mutton Restaurant,Bhaktapur,4.0,4,0,0,1,2,1
Newa Kitchen & Sekuwa House,Bhaktapur,2.0,1,0,1,0,0,0
Khwopa Garden Restaurant,Bhaktapur,4.0,1,0,0,0,1,0
Mayur Restaurant,Bhaktapur,4.3,311,0,1,38,160,112
"Bhadrakali Snooker,pool,Cafe and Hookah",Bhaktapur,4.0,1,0,0,0,1,0
Divyashree Restaurant And Banquet,Bhaktapur,3.8,13,0,0,4,7,2
Hena Coffee,Bhaktapur,5.0,10,0,0,0,3,7
Old Mill Cafe,Bhaktapur,5.0,8,0,0,0,2,6
MR BAKE Coffee,Bhaktapur,3.9,21,0,0,6,11,4
The Coffee Time,Bhaktapur,5.0,1,0,0,0,0,1
Chiya Daboo,Bhaktapur,5.0,1,0,0,0,0,1
Sanereetaz Balakhu Caf√©,Balakhu,5.0,7,0,0,0,2,5
Food Bowl Restaurant,Bhaktapur,4.6,58,0,0,3,25,30
Kaman Coffee Shop,Bhaktapur,4.1,41,0,0,8,22,11
Coffee in Style,Bhaktapur,4.4,105,0,0,10,52,43
Himalayan Java Coffee - Bhaktapur,Bhaktapur,4.7,193,0,0,9,76,108
Bikerz Point,Bhaktapur,4.8,6,0,0,0,2,4
Nyasa Cafe,Bhaktapur,5.0,4,0,0,0,1,3
Time's Cafe And Restro,Bhaktapur,4.0,189,0,3,42,102,42
JUJU CAFE,‡§¨‡§≤‡§ñ‡•Å,4.4,57,0,0,6,28,23
Fursad cafe,Bhaktapur,5.0,3,0,0,0,1,2
Chiya Sangai: Best Tea Shop in Bhaktapur,Bhaktapur,5.0,1,0,0,0,0,1
Bhintuna food cafe,Bhaktapur,4.8,31,0,0,1,11,19
Moody Cafe,Bhaktapur,4.5,15,0,0,1,7,7
Restaurant Tusa,Bhaktapur,4.7,109,0,0,5,43,61
Lovely Milk Bar Bhaktapur,Bhaktapur,5.0,13,0,0,0,4,9
De' Hide Out Cafe With Restro,Bhaktapur,4.2,26,0,0,4,14,8
HADA STORE (BHAKTAPUR JUJU DHAU Â∑¥Âæ∑Â≤óËÄÅÈÖ∏Â•∂Â∫óÔºâ,Bhaktapur,4.5,36,0,0,3,17,16
Namaste Coffee Shop,Bhaktapur,4.5,8,0,0,0,4,4
Jhee Newa Cafe,Bhaktapur,4.0,1,0,0,0,1,0
Kissing Fish Spa,Bhaktapur,5.0,1,0,0,0,0,1
Kopu burger cafe,Bhaktapur,5.0,1,0,0,0,0,1
Ichu galli,Kathmandu,5.0,1,0,0,0,0,1
DAAMI Cafe,Bhaktapur,5.0,1,0,0,0,0,1
Kanxi chiya pasal,Bhaktapur,1.0,1,1,0,0,0,0
Coffee Break,Bhaktapur,5.0,5,0,0,0,1,4
Pulanchhen,Bhaktapur,5.0,1,0,0,0,0,1
Sha-Jhya Cafe & Funkey Delights,Bhaktapur,3.7,158,0,6,55,78,19
Bhaktapur King Curd,Bhaktapur,4.4,8,0,0,1,4,3
Community at The Nanee,Bhaktapur,4.7,63,0,0,3,25,35
Baiga Vutoo,Bhaktapur,4.9,13,0,0,0,4,9
De Arena Restaurant Paryatak Pasal,Bhaktapur,4.6,30,0,0,2,13,15
Jhegu newa kitchen restro,Bhaktapur,4.4,10,0,0,1,5,4
Temple Terrace Restaurant,Bhaktapur,5.0,1,0,0,0,0,1
Samsara thakali restaurant,Bhaktapur,4.5,10,0,0,1,5,4
Gwakhancha,Bhaktapur,5.0,7,0,0,0,2,5
Awal Newari Khaja Ghar,Bhaktapur,5.0,1,0,0,0,0,1
The Golden Eyes Restaurant & Cafe,Bhaktapur,3.5,85,0,6,37,36,6
Chiya & Cheers,Bhaktapur,4.9,22,0,0,1,7,14
D'Ja Cafe & Sports Bar with Rooftop Restaurant,Bhaktapur,3.8,33,0,1,10,17,5
Namaste Restaurant,Bhaktapur,3.9,209,0,4,55,112,38
Ravi Dai Newa Chhen (Dattatraya Khaja Ghar / ‡§¶‡§§‡•ç‡§§‡§æ‡§§‡•ç‡§∞‡§Ø ‡§ñ‡§æ‡§ú‡§æ ‡§ò‡§∞),Bhaktapur,3.9,80,0,2,21,43,14
Narey's Caf√©,Suryabinayak,5.0,5,0,0,0,1,4
Coffee land,Suryabinayak,5.0,7,0,0,0,2,5
CoffeeStation&Bakery,Suryabinayak,5.0,2,0,0,0,1,1
Beans - The Coffee shop,Suryabinayak,4.1,35,0,0,7,19,9
Ghising Khaja Ghar,Suryabinayak,5.0,1,0,0,0,0,1
Twayana Nasa: Chhe,Suryabinayak,5.0,2,0,0,0,1,1
Swiss Tea House,Suryabinayak,5.0,4,0,0,0,1,3
K2 Coffee (Nepali Arabica Coffee Supplier),Bhaktapur,5.0,1,0,0,0,0,1
Everest Bakery's Coffee Shop,Suryabinayak,4.1,7,0,0,1,4,2
GK Coffee Cold Store,Bhaktapur,4.4,16,0,0,2,8,6
Kumar Special Panipuri and Coffee Shop,Bhaktapur,5.0,1,0,0,0,0,1
Komeda Cafe,Bhaktapur,4.8,9,0,0,0,3,6
ASALfood and beverage,Suryabinayak,4.5,8,0,0,0,4,4
Yonjan,Suryabinayak,5.0,1,0,0,0,0,1
S & S Khaja Ghar & Sekuwa Corner,Suryabinayak,5.0,3,0,0,0,1,2
Nasika Sekuwa and Burger Station,Suryabinayak,5.0,1,0,0,0,0,1
Everest Momo & Newari Khaja Ghar,Suryabinayak,4.7,3,0,0,0,1,2
Dreamland Kitchen Restaurant,Bhaktapur,5.0,2,0,0,0,1,1
Uttam Dai Ko MoMo,Bhaktapur,4.2,53,0,0,8,28,17
De Newa Kitchen,Bhaktapur,5.0,3,0,0,0,1,2
Ajima cafe,Bhaktapur,5.0,3,0,0,0,1,2
A-One Fast Food & Chaat Center,Bhaktapur,5.0,1,0,0,0,0,1
D icon Restaurant,Bhaktapur,5.0,2,0,0,0,1,1
D&R Fast Food,Bhaktapur,3.6,16,0,1,6,7,2
Araniko Khaja Ghar,Suryabinayak,4.1,12,0,0,2,7,3
Dashinkali everest momo center,Bhaktapur,4.0,7,0,0,2,4,1
Aalucha,Bhaktapur,3.9,587,0,12,153,315,107
The Lazy Lump,Bhaktapur,5.0,6,0,0,0,2,4
‡§§‡§æ‡§∞‡§æ ‡§¶‡§æ‡§à‡§ï‡•ã ‡§°‡•Å‡§®‡§ü ‡§™‡§∏‡§≤,Bhaktapur,3.3,9,0,1,5,3,0
Everest MoMo,Bhaktapur,3.8,123,0,4,37,64,18
Kavreli khajaghar,Bhaktapur,5.0,1,0,0,0,0,1
Sunil tea shop,Bhaktapur,3.9,16,0,0,4,9,3
Barahi Coffee Shop,Bhaktapur,3.3,12,0,1,6,4,1
The 1990 Yummy Laphing & Momo Center,Bhaktapur,4.3,247,0,1,30,127,89
The Burger House And Crunchy Fried Chicken,Bhaktapur,5.0,8,0,0,0,2,6
Unique Khaja Ghar,Bhaktapur,5.0,2,0,0,0,1,1
"Lumbini tandoori bhojanalaya,suryabinayak",Suryabinayak,5.0,6,0,0,0,2,4
Grill and chill,Bhaktapur,4.5,10,0,0,1,5,4
Mo: Mo Shop,Bhaktapur,5.0,3,0,0,0,1,2
times cafe,Suryabinayak,4.1,8,0,0,2,4,2
Moori De lounge,Bhaktapur,5.0,1,0,0,0,0,1
Barahi Liquors,Bhaktapur,5.0,1,0,0,0,0,1
Purbeli chiya pasal,Bhaktapur,5.0,5,0,0,0,1,4
Creative Burger & Pasta House,Bhaktapur,4.8,105,0,0,4,37,64
Good Mood Food Cafe,Bhaktapur,3.6,29,0,2,11,13,3
Ningleku House,dsad,5.0,1,0,0,0,0,1
Bijay Coffee Shop,Bhaktapur,4.0,5,0,0,1,3,1
Underground Gamers Cafe,Bhaktapur,4.0,2,0,0,1,1,0
Subin Cafe,Bhaktapur,3.2,23,0,3,12,7,1
Halesi meat shop and sekuwa corner,Bhaktapur,5.0,1,0,0,0,0,1
Royal jagati khajaghar and sekuwa corner,Bhaktapur,5.0,1,0,0,0,0,1
A One Liquor Shop,Bhaktapur,5.0,3,0,0,0,1,2
Namaste Kabhre Restro,Bhaktapur,3.0,2,0,1,1,0,0
Nawa Durga Khaja Ghar and Fast Food,Bhaktapur,3.0,2,0,1,1,0,0
KV Lounge and Jagatiko Chhoila Pasal,Bhaktapur,4.0,134,0,2,30,73,29
The Box Hub,Bhaktapur,5.0,8,0,0,0,2,6
Keshab Coffee Shop,Bhaktapur,3.9,16,0,0,4,9,3
Nagarkot Khaja & Thakali Bhojanalaya,Bhaktapur,5.0,6,0,0,0,2,4
Yes Cafe,Bhaktapur,3.0,4,0,1,2,1,0
Matina Cafe,Bhaktapur,3.2,86,1,13,44,26,2
Planet Bhaktapur Hotel,Bhaktapur,4.7,273,0,0,12,107,154
Mo:mo pasal,Bhaktapur,5.0,6,0,0,0,2,4
Mohan Newa Khazaghar,Bhaktapur,4.3,3,0,0,0,2,1
Yomari Pasa:,Bhaktapur,5.0,2,0,0,0,1,1
Gamenic Cafe (Game Bar & Cafe),Bhaktapur,3.3,4,0,1,2,1,0
Sagar tea shop,Bhaktapur,5.0,1,0,0,0,0,1
SISHIR RESORT,Changunarayan,5.0,2,0,0,0,1,1
Namaste Newa Fastfood,Bhaktapur,3.6,122,0,7,47,57,11
Alfa home,Suryabinayak,5.0,2,0,0,0,1,1
bhanye,Bhaktapur,5.0,1,0,0,0,0,1
Sathiko Bakes & Cakes,Suryabinayak,3.0,2,0,1,1,0,0
Phaidhoka Khaja Ghar,‡§´‡•à‡§¢‡•ã‡§ï‡§æ,4.7,27,0,0,1,11,15
Jay Himalayan Family Resort Restro,Nalinchowk,3.9,18,0,0,5,10,3
Blunch Resort,Suryabinayak,4.3,45,0,0,6,23,16
Nakha Chhen Newari Restaurant,Bhaktapur,4.9,7,0,0,0,2,5
‡§π‡§æ‡§á‡§µ‡•á ‡§ñ‡§æ‡§ú‡§æ ‡§ò‡§∞,Bhaktapur,1.0,1,1,0,0,0,0
black cherry cafe,Suryabinayak,5.0,1,0,0,0,0,1
LA: WO: Station,Bhaktapur,4.7,9,0,0,0,4,5
Purushottam Newa Khaja Ghar Restro,Bhaktapur,4.0,108,0,1,24,59,24
Chawo khaja Ghar And Tea Point,Bhaktapur,4.5,2,0,0,0,1,1
Chyasha cafe,Bhaktapur,5.0,2,0,0,0,1,1
Thakali Station,Bhaktapur,3.6,99,0,5,39,46,9
Easy Fast Food,Mahamanjushree Nagarkot,4.4,7,0,0,1,3,3
Pratik's Cafe,Changunarayan,3.2,14,0,2,7,4,1
Chhusyaki Traders,Bhaktapur,3.6,21,0,1,8,10,2
Maligaun high Cafe,Suryabinayak,4.5,2,0,0,0,1,1
Camper 01,Mahamanjushree Nagarkot,3.6,8,0,0,3,4,1
Chusky's,Suryabinayak,5.0,4,0,0,0,1,3
Balram khaja ghar,Suryabinayak,5.0,2,0,0,0,1,1
Doleshwor Village Resort,Suryabinayak,4.0,153,0,2,34,83,34
Friendship restro,Kathmandu,4.0,4,0,0,1,2,1
Maya khaja ghar,Suryabinayak,5.0,1,0,0,0,0,1
Peaceful Baansghari Resort,Suryabinayak,3.2,22,0,3,11,7,1
Dhanush Restaurant,Kathmandu,4.3,3,0,0,0,2,1
Seed & Spoon,Bhaktapur,3.8,16,0,1,5,8,2
Hotel Simpani khabab khaja Ghar,Suryabinayak,4.3,3,0,0,0,2,1
Grocery shop,Suryabinayak,4.0,5,0,0,1,3,1
Chicken Station Kamalbinayak,Bhaktapur,3.0,2,0,1,1,0,0
Ghyampe view Point Restaurant,Anantalingeshwar,5.0,1,0,0,0,0,1
Food Zone Duwakot,Bhaktapur,4.9,41,0,0,1,13,27
"KFC, Thimi",Madhyapur Thimi,4.0,583,0,8,129,317,129
S Kitchen Fast Food,Madhyapur Thimi,3.7,11,0,0,4,6,1
Aaylaa Garden Resturant,Madhyapur Thimi,5.0,31,0,0,0,9,22
Cafe Boh,Bhaktapur,4.6,227,0,0,14,97,116
Dream Beans Cafe,Bhaktapur,4.9,41,0,0,1,13,27
Baleshi Food Hub,Madhyapur Thimi,5.0,6,0,0,0,2,4
Pride food cafe,Madhyapur Thimi,5.0,1,0,0,0,0,1
Sawaa Garden Cafe,Madhyapur Thimi,4.2,139,0,1,21,74,43
United Food Cafe,Madhyapur Thimi,4.2,38,0,0,6,20,12
New Tapari Mo:Mo,Bhaktapur,5.0,3,0,0,0,1,2
Vintage Tea House,Madhyapur Thimi,4.6,14,0,0,1,6,7
HAPPINESS COFFE & CHIYA GHAR,Suryabinayak,5.0,1,0,0,0,0,1
Ilam Organic green tea (IOCP TEA),Kathmandu,4.1,10,0,0,2,5,3
Thulogau,Suryabinayak,3.7,7,0,0,2,4,1
Chiya Vibes,Madhyapur Thimi,4.4,14,0,0,1,7,6
Ramchandra Chiya Pasal,Anantalingeshwar,4.6,11,0,0,1,5,5
Orenda Square,Madhyapur Thimi,5.0,1,0,0,0,0,1
Hot duck Brothers point,Changunarayan,5.0,2,0,0,0,1,1
Doleshwor Bakery,Suryabinayak,4.8,11,0,0,0,4,7
Happy Cakes & Bakery,Bhaktapur,4.8,187,0,0,6,67,114
Modern Bakery,Suryabinayak,4.3,4,0,0,1,2,1
Mui Bakery,Madhyapur Thimi,4.7,26,0,0,1,10,15
Cream Cakes and Bakery,Suryabinayak,4.7,7,0,0,0,3,4
Rai's bakery Darjeeling height,Suryabinayak,5.0,2,0,0,0,1,1
Thimi Live Bakery & Reading Hub,Madhyapur Thimi,4.6,20,0,0,1,9,10
THE BEST BAKERY,Bhaktapur,4.3,24,0,0,3,12,9
Cookie Jar Bakery And Cafe,Madhyapur Thimi,5.0,7,0,0,0,2,5
Chiya hood,Bhaktapur,5.0,4,0,0,0,1,3
Kings Cafe,Madhyapur Thimi,4.2,28,0,0,4,15,9
Kaliyuga Cafe,Bhaktapur,4.4,91,0,0,9,45,37
Shrestha Cold Store,Anantalingeshwar,4.1,36,0,0,7,20,9
The Red Triangle Snooker & Bar,Bhaktapur,5.0,3,0,0,0,1,2
Jigri Sekuwa - Kaushaltar,Bhaktapur,4.7,377,0,0,17,148,212
Haadi Bistro and Cafe : Radhe Radhe,Madhyapur Thimi,4.7,449,0,1,20,176,252
The Guras Restaurant,Anantalingeshwar,5.0,2,0,0,0,1,1
It's Bee's Knees Tavern & Lounge,Bhaktapur,4.9,30,0,0,1,9,20
90's Cafe,Bhaktapur,4.8,25,0,0,1,9,15
Mount RED BEANS COFFEE and roastery,Bhaktpure,5.0,9,0,0,0,3,6
Belis Bakery,Madhyapur Thimi,4.7,3,0,0,0,1,2
Coffee shop,Madhyapur Thimi,5.0,1,0,0,0,0,1
Urmi Coffee Shop,Madhyapur Thimi,4.5,77,0,0,6,36,35
View Vibe & Chai,Anantalingeshwar,5.0,1,0,0,0,0,1
ranjit ‡§¨‡•ã‡§®‡•ç‡§∏‡§æ‡§à ‡§Ö‡§∞‡•ç‡§ï‡•Ä‡§° ‡§ò‡§∞,Suryabinayak,4.5,2,0,0,0,1,1
Samdan sekuwa corner,Suryabinayak,5.0,2,0,0,0,1,1
Goma Sweet House,Kathmandu,4.9,10,0,0,0,3,7
dUmpling MoMO,Suryabinayak,4.6,12,0,0,1,5,6
5I Restaurant,Changunarayan,4.8,13,0,0,0,5,8
Darjeeling Fast Food,Suryabinayak,2.0,1,0,1,0,0,0
Cafe Sayto Kalo,Madhyapur Thimi,4.8,13,0,0,0,5,8
Tropical Bagaicha Marga,Kageshwori Manohara,5.0,2,0,0,0,1,1
Aroj Home,Kathmandu,5.0,1,0,0,0,0,1
Cafe United,Madhyapur Thimi,5.0,4,0,0,0,1,3
1-shika caf√© and Chat house,Bhaktapur,5.0,1,0,0,0,0,1
Cafe Silichung,Madhyapur Thimi,5.0,3,0,0,0,1,2
Coffee Corner,Madhyapur Thimi,4.0,106,0,2,23,58,23
Tea Time,Madhyapur Thimi,3.5,4,0,0,2,2,0
Nescafe coffee center,Madhyapur Thimi,4.3,6,0,0,1,3,2
Chiya Pasal,Madhyapur Thimi,4.6,23,0,0,1,10,12
Chiya party,Kageshwori Manohara,5.0,24,0,0,0,7,17
Sweet House,Madhyapur Thimi,5.0,3,0,0,0,1,2
Aakash sweets and chat house,Anantalingeshwar,5.0,3,0,0,0,1,2
Madhyapur Fast Food,Madhyapur Thimi,4.4,9,0,0,1,4,4
"Madhyapur Thimi Burger House and Crunchy Fried Chicken,",Madhyapur Thimi,3.8,116,0,4,35,60,17
The Burger King & Crunchy Fried Chicken,bhaktapur,3.7,86,0,3,30,43,10
Ugratara fastfood,Madhyapur Thimi,3.7,9,0,0,3,5,1
B and B fast food,Madhyapur Thimi,1.0,2,1,1,0,0,0
Streat 9 fast food and cafe,Madhyapur Thimi,5.0,1,0,0,0,0,1
U.S Fast Food,Madhyapur Thimi,5.0,1,0,0,0,0,1
Sagar fast food and cafe,Madhyapur Thimi,3.3,6,0,1,3,2,0
A2 Matka Chiya and Fastfood,Madhyapur Thimi,4.3,81,0,0,10,42,29
Choya Food Land,Madhyapur Thimi,5.0,1,0,0,0,0,1
Neewaaz Restaurant With Snooker,Madhyapur Thimi,3.5,32,0,2,14,14,2
Dhuncho Street Food Khaja Ghar,Madhyapur Thimi,3.3,7,0,1,4,2,0
Three Point Restaurant and Sekuwa Ghar,Kageshwori Manohara,4.7,6,0,0,0,2,4
BLUE HEAVEN RESTRO & SWIMMING POOL,Kageshwori Manohara,3.9,48,0,1,12,26,9
Aveeva Cafe,Madhyapur Thimi,5.0,9,0,0,0,3,6
Lwaka Baka,Madhyapur Thimi,4.7,3,0,0,0,1,2
Chhito Mitho MoMo,Madhyapur Thimi,4.5,6,0,0,0,3,3
Ghar Tea and Bites Since 2081,Madhyapur Thimi,4.8,6,0,0,0,2,4
"Bashuki Live Bakery, Nagadesh",Madhyapur Thimi,5.0,2,0,0,0,1,1
Kumar Bakery and Coffee Shop,Madhyapur Thimi,4.2,48,0,0,7,26,15
Live Cake Studio and Bakery,Kageshwori Manohara,4.4,51,0,0,5,25,21
MY BAKERY,Madhyapur Thimi,3.4,11,0,1,5,4,1
New Star Live Bakery & Cafe,Kageshwori Manohara,4.3,3,0,0,0,2,1
Live bakery birendra chowk,Kageshwori Manohara,5.0,1,0,0,0,0,1
Parichaya Bakery ‡§™‡§∞‡§ø‡§ö‡§Ø ‡§¨‡•á‡§ï‡§∞‡•Ä,Madhyapur Thimi,4.5,42,0,0,3,20,19
Baguette Bakery,Kathmandu,4.2,9,0,0,1,5,3
The best bakery,Kageshwori Manohara,3.0,4,0,1,2,1,0
Sathi Bhai Dairy and Bakery Farm,Madhyapur Thimi,5.0,6,0,0,0,2,4
Rangasala Sports Lounge Private Limited,Kathmandu,4.6,29,0,0,2,12,15
J B R Restro and Bar,Kathmandu,5.0,1,0,0,0,0,1
"Gatthaghar-3, Bhaktapur",Madhyapur Thimi,5.0,1,0,0,0,0,1
Aafno chotu panipuri and dahipuri,Madhyapur Thimi,5.0,1,0,0,0,0,1
Prajapati Snooker & Pool House,Madhyapur Thimi,2.8,16,1,5,8,2,0
Sabin Bhabuk Residence,Bhaktapur,5.0,2,0,0,0,1,1
Real Taste Khaja Ghar,Suryabinayak,5.0,1,0,0,0,0,1
Sujan Khaja Ghar,Bhaktapur,5.0,1,0,0,0,0,1
Gundu chaur,Anantalingeshwar,4.0,1,0,0,0,1,0
The Biryani house,Madhyapur Thimi,4.9,163,0,0,4,52,107
Voi pvt/ltd,Anantalingeshwar,5.0,1,0,0,0,0,1
Bamboo Cottage Darjeeling Height,Suryabinayak,5.0,1,0,0,0,0,1
Our Cafe,Madhyapur Thimi,4.6,13,0,0,1,5,7
Nita Didi ko Chiya Pasal,Madhyapur Thimi,4.8,6,0,0,0,2,4
Arjun Tea Shop,Madhyapur Thimi,4.2,5,0,0,1,3,1
Chiya Guthi,Madhyapur Thimi,5.0,3,0,0,0,1,2
Chiyamala,Madhyapur Thimi,5.0,5,0,0,0,1,4
Chiya Sport,Madhyapur Thimi,4.9,22,0,0,1,7,14
Kalakriti cafe and tattoo inn,Bhaktapur,5.0,1,0,0,0,0,1
Midpoint Cafe,Kathmandu,5.0,4,0,0,0,1,3
Bhetghat Cafe And Restro,Kageshwori Manohara,4.1,124,0,1,23,67,33
Namaste,Kathmandu,5.0,1,0,0,0,0,1
Gully Guff,Kageshwori Manohara,5.0,1,0,0,0,0,1
Chiya dharane,Kathmandu,5.0,6,0,0,0,2,4
"Jyoti coffee shop, Gankhu",Madhyapur Thimi,5.0,2,0,0,0,1,1
The Food Gallery & Sekuwa Station,Kageshwori Manohara,4.1,67,0,1,12,36,18
Madhyapur Family Restaurant,Madhyapur Thimi,3.9,380,0,8,99,204,69
Hide out Restro,Kageshwori Manohara,4.4,85,0,0,8,42,35
Chimpooz Kitchen,Kageshwori Manohara,4.9,7,0,0,0,2,5
KUN CAFE . COM,Kathmandu,5.0,3,0,0,0,1,2
Hamro Restaurant And Cafe,Madhyapur Thimi,4.3,4,0,0,1,2,1
Buddy's Cafe Gothatar,Kathmandu,4.4,47,0,0,5,23,19
Kalinchwok khaja ghar,Kageshwori Manohara,5.0,1,0,0,0,0,1
The Burger House & Crunchy Fried Chicken - Kadaghari khasimod,Kageshwori Manohara,3.9,115,0,2,30,62,21
‡§ö‡§ø‡§Ø‡§æ Guff,Madhyapur Thimi,4.0,2,0,0,1,1,0
Chakati Foodland & Sekuwa corner,Madhyapur Thimi,4.5,4,0,0,0,2,2
Roadside Cafe,Kageshwori Manohara,4.5,56,0,0,4,26,26
Live Fresh Bakery,Madhyapur Thimi,1.0,1,1,0,0,0,0
T K wine shop,Kathmandu,3.9,14,0,0,4,7,3
Newazone cake shop,Bhaktapur,5.0,19,0,0,0,6,13
Mamaj cafe (Sukute Beach Contact),Madhyapur Thimi,4.3,23,0,0,3,12,8
Diamond Dai ko Cafe,Madhyapur Thimi,5.0,10,0,0,0,3,7
ELEGANT CAKES,Bhaktapur,3.8,41,0,1,13,21,6
Divya's Cakes & Snacks,Bhaktapur,3.9,67,0,1,18,36,12
The Chiya Vibes and restro,Madhyapur Thimi,4.5,22,0,0,2,10,10
Sekuwa park,Bhaktapur,4.4,117,0,1,11,57,48
‡§ö‡§ø‡§Ø‡§æ- chhey,Madhyapur Thimi,4.5,26,0,0,2,12,12
Lasa Kusa (Newari food) restaurant,Madhyapur Thimi,4.6,14,0,0,1,6,7
"The Wings Factory, Radhe Radhe",Madhyapur Thimi,4.3,316,0,1,39,163,113
Kausi Restro,Madhyapur Thimi,5.0,1,0,0,0,0,1
CafeGippum,Madhyapur Thimi,4.3,26,0,0,3,14,9
TWIST Newari Khaja Ghar & Restaurant,Madhyapur Thimi,5.0,1,0,0,0,0,1
Himalayan momo plus house,Madhyapur Thimi,4.8,6,0,0,0,2,4
Momo Crave,Madhyapur Thimi,5.0,2,0,0,0,1,1
Chillout Hookah Cafe & Sekuwa Lounge,Madhyapur Thimi,4.5,11,0,0,1,5,5
Shreezan house,Bhaktapur,5.0,1,0,0,0,0,1
Daju bhai dharane sekuva kuna,Madhyapur Thimi,5.0,3,0,0,0,1,2
LUKY SEVEN DUDH DAIRY & CAFE,Madhyapur Thimi,5.0,1,0,0,0,0,1
Saila saili pasal,Madhyapur Thimi,5.0,1,0,0,0,0,1
Freshco Cafe and Barista Coffee School,Madhyapur Thimi,4.1,24,0,0,5,13,6
Arabica coffee Radhe Radhe,Bhaktapur,3.8,63,0,2,19,33,9
Khwopa Coffee Hub,Madhyapur Thimi,4.7,20,0,0,1,8,11
GS cafe & khaja ghar,Suryabinayak,5.0,1,0,0,0,0,1
CAFE D.KEBAH:,Madhyapur Thimi,5.0,3,0,0,0,1,2
Haang Cafe (‡§π‡§æ‡§ô‡•ç‡§ó ‡§ï‡•ç‡§Ø‡§æ‡§´‡•á),Madhyapur Thimi,5.0,2,0,0,0,1,1
Mushroom Hub Cafe and Fast Food,Madhyapur Thimi,5.0,2,0,0,0,1,1
Hatimahakal Garden Cafe,Madhyapur Thimi,4.3,16,0,0,2,8,6
SR dairy bakery & coffee shop,Bhaktapur,5.0,4,0,0,0,1,3
Matka Tea And Cafe,Madhyapur Thimi,4.2,35,0,0,5,19,11
The Burger House And Crunchy Fried Chicken (Radhe radhe),Madhyapur Thimi,3.1,144,2,26,76,37,3
Chicken Station Radhe Radhe Bhaktapur,Madhyapur Thimi,3.4,100,0,9,47,39,5
KKFC BHAKTAPUR THIMI,Kathmandu,4.2,10,0,0,2,5,3
Fast and Fresh Food,Madhyapur Thimi,2.0,2,1,1,0,0,0
Ramailo momo,Bhaktapur,4.1,7,0,0,1,4,2
Pranjal Fast Food & Cafe,Madhyapur Thimi,3.9,7,0,0,2,4,1
3 R khaja ghar,Bhaktapur,4.8,8,0,0,0,3,5
Abi Khaja Ghar And Fastfood,Madhyapur Thimi,5.0,6,0,0,0,2,4
The Messiah Cafe,Madhyapur Thimi,5.0,1,0,0,0,0,1
Valley Top MoMo,Madhyapur Thimi,4.0,6,0,0,2,3,1
Shivakoti Tea Shop,Madhyapur Thimi,5.0,1,0,0,0,0,1
Aadhya's Bakery,Bhaktapur,5.0,2,0,0,0,1,1
Lucky Bakery,Madhyapur Thimi,4.6,8,0,0,1,3,4
Gankhu bakery,Bhaktapur,3.5,2,0,0,1,1,0
Nhu Kewa newari khajaghar,Madhyapur Thimi,3.8,5,0,0,1,3,1
Aarogya Bakery,Bhaktapur,4.0,7,0,0,2,4,1
Sabaiko Live Bakery,Anantalingeshwar,4.0,106,0,2,23,58,23
Alex and Aliz Snooker House,Bhaktapur,4.6,5,0,0,0,2,3
"Karuwa Food, Beverage, Restaurant bar &Tcafe",Bhaktapur,4.5,13,0,0,1,6,6
‡§á‡§®‡•ç‡§¶ ‡§ï‡§Æ‡§≤ ‡§≤‡§ø‡§ï‡•ç‡§µ‡•á‡§∞ ‡§∂‡§™,Madhyapur Thimi,5.0,2,0,0,0,1,1
Aankhijhyal Restaurant and Lounge,Madhyapur Thimi,3.4,10,0,1,5,4,0
A.G LIQUOR SHOP,Madhyapur Thimi,5.0,1,0,0,0,0,1
The A-One Bakery,Suryabinayak,5.0,5,0,0,0,1,4
Sheraton Banquet,Suryabinayak,4.5,22,0,0,2,10,10
"Ba:Gale Newa Chhen, Libali, bhaktapur",Bhaktapur,5.0,2,0,0,0,1,1
Suryabinayak Tea Shop,Suryabinayak,5.0,1,0,0,0,0,1
Royal java time,Bhaktapur,3.8,14,0,1,4,7,2
Naisha's Cake And Bake House,Bhaktapur,5.0,2,0,0,0,1,1
BAR:BQ Cafe & Resto,mahatgau,4.5,6,0,0,0,3,3
Green View Restaurant,Suryabinayak,4.3,20,0,0,3,10,7
Swagatam momo pasal,Suryabinayak,5.0,3,0,0,0,1,2
Family Resort & Trout Hub,Suryabinayak,4.3,4,0,0,1,2,1
Daura Chulo,Banepa,4.0,26,0,0,6,14,6
Highway Restaurant,Suryabinayak,1.0,1,1,0,0,0,0
‡§™‡•ç‡§∞‡§¶‡•Ä‡§™ jack tea shop,Mahamanjushree Nagarkot,5.0,1,0,0,0,0,1
New momo,Dandagaun,5.0,1,0,0,0,0,1
Hotel Byron P.v.t L.t.d,Suryabinayak,4.5,4,0,0,0,2,2
‡§Ö‡§®‡•ç‡§ú‡§®‡§æ ‡§ñ‡§æ‡§ú‡§æ ‡§ò‡§∞,marga,5.0,4,0,0,0,1,3
The family bakery cafe,Bhaktapur,5.0,1,0,0,0,0,1
Hamro cake and bakery,Bhaktapur,4.6,8,0,0,1,3,4
Welcome cafe & restaurant,Kageshwori Manohara,3.0,2,0,1,1,0,0
D Ace Cafe,Kathmandu,5.0,1,0,0,0,0,1
YO-YO Sekuwa Corner & Cafe,Kageshwori Manohara,3.7,3,0,0,1,2,0
Garud's Cottage,Changunarayan,5.0,5,0,0,0,1,4
The pine bakery,Kageshwori Manohara,5.0,3,0,0,0,1,2
Chessung Bakery House,Kageshwori Manohara,4.8,5,0,0,0,2,3
Tsuneel's kitchen & Pool house,Kageshwori Manohara,4.8,17,0,0,1,6,10
Balkot Chulho,Anantalingeshwar,5.0,1,0,0,0,0,1
Aananda Baba Cafe,Anantalingeshwar,4.1,23,0,0,4,13,6
Brothers cafe.,Anantalingeshwar,5.0,1,0,0,0,0,1
YaNi cafe,Bhaktapur,5.0,13,0,0,0,4,9
Ella brew and bites,Suryabinayak,4.0,22,0,0,5,12,5
Dinoj's Cafe & Restaurant,Madhyapur Thimi,5.0,4,0,0,0,1,3
Under Ground Cafe,Madhyapur Thimi,5.0,2,0,0,0,1,1
DHANAKUTE LUNGAKO KHAJA GHAR ‡§ß‡§®‡§ï‡•Å‡§ü‡•á ‡§≤‡•Å‡§ô‡•ç‡§ó‡§æ‡§ï‡•ã ‡§ñ‡§æ‡§ú‡§æ ‡§ò‡§∞,Anantalingeshwar,4.3,3,0,0,0,2,1
Puzzles: Not Just A Caf√©,Madhyapur Thimi,3.8,40,0,1,12,21,6
Cafe Lucid,Madhyapur Thimi,4.7,10,0,0,0,4,6
Yakchhen Restaurant,Changunarayan,5.0,3,0,0,0,1,2
Shree Dolkha Khaja Ghar and Restaurant,Changunarayan,3.5,13,0,1,6,5,1
Dhruba Dai ko Khaja ghar,Anantalingeshwar,4.6,10,0,0,1,4,5
Baskota Khaja Ghar,Anantalingeshwar,5.0,4,0,0,0,1,3
The Hunger Food,Anantalingeshwar,3.0,2,0,1,1,0,0
The Moon Restaurant,Madhyapur Thimi,4.1,8,0,0,2,4,2
Khadka Khaja Ghar and Sekuwa House,Anantalingeshwar,5.0,1,0,0,0,0,1
Samsara Restro,Kathmandu,4.1,225,0,2,42,122,59
Daily See Us,Anantalingeshwar,4.9,11,0,0,0,4,7
ALX VARIETY FOOD,Bhaktapur,4.2,71,0,0,11,38,22
SanjaBunja (‡§∏‡§ú‡•Ö‡§Ç‡§¨‡•Å‡§ú‡•Ö‡§Ç),Bhaktapur,4.4,33,0,0,3,16,14
Kausi Restaurant,Anantalingeshwar,4.1,70,0,1,13,38,18
Duku Family Restaurant & Sekuwa Hub,Madhyapur Thimi,3.9,42,0,1,11,22,8
Banglamukhi Dairy and Bakery,Anantalingeshwar,4.6,55,0,0,3,24,28
Ghumaowne chwok (RUPAK BOSS),Anantalingeshwar,5.0,1,0,0,0,0,1
Sip Station,Anantalingeshwar,5.0,2,0,0,0,1,1
Indreni food stick,Madhyapur Thimi,4.6,15,0,0,1,6,8
The Baristas Coffee School (Bhaktapur Branch),Bhaktapur,4.8,444,0,0,15,158,271
The Squad House Cafe,Changunarayan,4.4,11,0,0,1,5,5
Urban delight cafe,Changunarayan,4.8,12,0,0,1,4,7
The chapter 1 Griha,Changunarayan,5.0,1,0,0,0,0,1
Timal jaksan tea coffee and kirana shop,Madhyapur Thimi,5.0,2,0,0,0,1,1
C.B. Coffee Shop,Madhyapur Thimi,3.7,31,0,1,11,15,4
CR7 chiya ghar,Anantalingeshwar,4.3,15,0,0,2,8,5
R K Dairy and Bakery Coffee Shop,Anantalingeshwar,5.0,1,0,0,0,0,1
Eden's Organic Juice & fruits centre,Anantalingeshwar,4.3,6,0,0,1,3,2
Matka,Anantalingeshwar,5.0,4,0,0,0,1,3
Readers Hub,Madhyapur Thimi,4.3,300,0,1,37,154,108
Loko matka chiya,Kageshwori Manohara,5.0,2,0,0,0,1,1
ARC - Arju Restro And Cafe,Madhyapur Thimi,4.8,12,0,0,1,4,7
"Chicken Hub and Crunchy Fried Chicken, Balkot",Anantalingeshwar,4.3,346,0,2,42,178,124
BDS Restaurant and Kimchi Jhol momo,Anantalingeshwar,3.5,8,0,1,3,3,1
Pranisha Khaja Ghar,Anantalingeshwar,4.0,2,0,0,1,1,0
Open Hut cafe,Anantalingeshwar,4.3,9,0,0,1,5,3
Dakshin Barahi Fast Food and Resutrant,Anantalingeshwar,3.4,21,0,2,10,8,1
Dakshin Barahi Mo:Mo & Food Corner,Madhyapur Thimi,3.9,89,0,2,23,48,16
Adhikari pani puri and chatpat center,Anantalingeshwar,3.8,12,0,0,4,6,2
Lumbini Tandoori Bhojnalaya and Fast Food,Madhyapur Thimi,3.0,3,0,1,1,1,0
Valley stick food,Madhyapur Thimi,4.5,2,0,0,0,1,1
Gaatha Restro and fast food,Madhyapur Thimi,3.0,1,0,0,1,0,0
‡§ö‡§æ‡§ü ‡§π‡§æ‡§â‡§∏ 111,Madhyapur Thimi,3.7,47,0,2,16,23,6
Balkot Highway Fast Food,Anantalingeshwar,4.1,7,0,0,1,4,2
ABA Fast Food Cafe,Madhyapur Thimi,3.3,7,0,1,4,2,0
Ohmsahi dalmot factory,Suryabinayak,5.0,1,0,0,0,0,1
MOMO CAFE,Anantalingeshwar,3.9,27,0,1,7,14,5
Hosanna Tapari Momo,Madhyapur Thimi,3.6,311,0,17,121,144,29
La Reina Liquor Store,Anantalingeshwar,4.5,2,0,0,0,1,1
Hookah station,Anantalingeshwar,2.3,3,0,2,1,0,0
Umakunda Bakery Udhyog,Anantalingeshwar,4.4,15,0,0,2,7,6
Tapaiko fresh bakery and cake shop,Bhaktapur,5.0,2,0,0,0,1,1
Aroma Bakery,Bhaktapur,4.3,6,0,0,1,3,2
Sijan Bakery,Madhyapur Thimi,5.0,1,0,0,0,0,1
Bread Box Bakery and Cafe,Anantalingeshwar,4.6,11,0,0,1,5,5
Cake Snow Bakery & Coffee Shop,Anantalingeshwar,5.0,5,0,0,0,1,4
Friendship Bakery Cafe Fast Food,Madhyapur Thimi,4.0,11,0,0,3,6,2
Hamro Chiya Station,Bhaktapur,5.0,8,0,0,0,2,6
Ghimire Chowk,Anantalingeshwar,4.2,9,0,0,1,5,3
Dhanusha Sweet And Chat House,Madhyapur Thimi,3.9,8,0,0,2,4,2
Magar Coffe Shop,Suryabinayak,4.0,77,0,1,17,42,17
KFA Cafe(Kir Food Aqui),Kageshwori Manohara,4.5,21,0,0,1,10,10
‡§≠‡•Ç. ‡§™‡•Å. ‡§∏‡•à‡§®‡§ø‡§ï ‡§ñ‡§æ‡§ú‡§æ ‡§ò‡§∞ ‡§è‡§£‡•ç‡§° ‡§∏‡•á‡§ï‡•Å‡§µ‡§æ ‡§ï‡§∞‡•ç‡§®‡§∞,Suryabinayak,5.0,1,0,0,0,0,1
Palisade Resort,Suryabinayak,4.2,55,0,1,8,29,17
Samjhana Khaja Ghar,Kageshwori Manohara,2.0,1,0,1,0,0,0
Palansey Tower Restro & Lodge,Suryabinayak,3.8,44,0,1,13,23,7
New Durga fal ful tatha holsel fasal,Bhaktapur,1.0,1,1,0,0,0,0
Gatthaghar top liquor shop,Madhyapur Thimi,5.0,7,0,0,0,2,5
Brotherhood Liquor Shop,Madhyapur Thimi,5.0,1,0,0,0,0,1
Bisauni Restro,Bhaktapur,4.1,27,0,0,5,15,7
Jojolapa Khaja Ghar,Madhyapur Thimi,5.0,3,0,0,0,1,2
Bajeko Sekuwa Gatthaghar,Madhyapur Thimi,3.8,288,0,8,87,150,43
Gatthaghar Food Cafe,Madhyapur Thimi,3.3,24,0,3,12,8,1
Restaurant,Madhyapur Thimi,3.6,27,0,1,11,13,2
M2 Restaurant & Bar,Madhyapur Thimi,4.3,3,0,0,0,2,1
Yomari Cafe,Madhyapur Thimi,4.4,9,0,0,1,4,4
Koila Multi Cuisine Restaurant - Gatthaghar,Bhaktapur,3.7,70,0,3,24,35,8
Universal Star Foodland,Madhyapur Thimi,3.2,44,0,7,23,13,1
Purbeli bhanchha ghar.& ‡§•‡§ï‡§æ‡§≤‡•Ä ‡§ñ‡§æ‡§®‡§æ‡•§,Madhyapur Thimi,3.3,43,0,5,21,15,2
Junction Cafe And Restaurant,Kathmandu,3.7,3,0,0,1,2,0
Beeburger And Real Kitchen,Bhaktapur,4.3,74,0,0,9,38,27
Aangeno Restaurent and Sekuwa Thalo,Anantalingeshwar,3.7,20,0,1,7,10,2
The Burger House And Crunchy Fried Chicken- Balkot Bhaktapur,bhaktapur,4.0,50,0,1,11,27,11
Utsav Bakery Cafe,Anantalingeshwar,4.0,6,0,0,2,3,1
Coffee Cafe & Burger House,Madhyapur Thimi,4.4,20,0,0,2,10,8
Namo Buddha Cafe and Tanduri Kitchen,Madhyapur Thimi,5.0,1,0,0,0,0,1
Hookahchhen Cafe,Anantalingeshwar,5.0,3,0,0,0,1,2
Neeva‚Äôs Cafe & Pizzeria,Madhyapur Thimi,3.9,17,0,0,5,9,3
BB Liquor shop Thimi,Madhyapur Thimi,5.0,2,0,0,0,1,1
baristas coffee shop,Madhyapur Thimi,4.0,3,0,0,1,1,1
Friends Cafe And Sekuwa House,Madhyapur Thimi,4.3,4,0,0,1,2,1
Heart To Heart Cafe,Madhyapur Thimi,1.0,1,1,0,0,0,0
RR Fast Food & Momo Center,Madhyapur Thimi,4.4,7,0,0,1,3,3
Chiya guff,Madhyapur Thimi,4.1,15,0,0,3,8,4
Releaf Restro,Bhaktapur,4.4,23,0,0,2,11,10
Ghattaghar Majheree Cafe & Live Sekuwa,Madhyapur Thimi,3.9,84,0,2,22,45,15
Ghumti Khaja Ghar,Madhyapur Thimi,3.8,14,0,1,4,7,2
Royale Coffee. And Food Station,Changunarayan,4.5,25,0,0,2,12,11
tea shop and khaja ghar,Changunarayan,4.5,2,0,0,0,1,1
Himchuli Natural Trade link Enterprises,Madhyapur Thimi,5.0,1,0,0,0,0,1
Kalika Khaja Ghar,Madhyapur Thimi,4.5,4,0,0,0,2,2
Jbs Bakery,Madhyapur Thimi,3.3,6,0,1,3,2,0
The Sip N' Play Junction,Bhaktapur,4.5,4,0,0,0,2,2
Rolls & Burger,Anantalingeshwar,4.3,11,0,0,1,6,4
Mainali Cake Shop and Dairy,Anantalingeshwar,3.8,26,0,1,8,13,4
Phulchowki dudh Dahi Bhandar & cake Shop,Anantalingeshwar,4.0,1,0,0,0,1,0
Kane harry niwas,Anantalingeshwar,1.0,2,1,1,0,0,0
Yummy Laphing Center,Anantalingeshwar,4.7,3,0,0,0,1,2
MAHALAXMI MOMO CENTER,Bhaktapur,4.6,15,0,0,1,6,8
Shrestha Food &Cafe,Anantalingeshwar,5.0,2,0,0,0,1,1
‡§¨‡§æ‡§≤‡§ï‡§æ‡•á‡§ü ‡§Æ‡§ø‡§†‡§æ‡§à ‡§≠‡§£‡•ç‡§°‡§æ‡§∞,Anantalingeshwar,5.0,2,0,0,0,1,1
Newa Cafe (‡§®‡•á‡§µ‡§æ‡§∞‡•Ä ‡§ñ‡§æ‡§ú‡§æ ‡§ò‡§∞),Bhaktapur,4.5,4,0,0,0,2,2
Dakshinkali Khuwa Udhyog,Mahamanjushree Nagarkot,3.0,2,0,1,1,0,0
‡§¨‡§æ‡§≤‡§ï‡•Å‡§Æ‡§æ‡§∞‡•Ä ‡§ñ‡§æ‡§ú‡§æ ‡§ò‡§∞,Mahamanjushree,3.9,7,0,0,2,4,1
Milan tea and coffee sudal,Mahamanjushree Nagarkot,3.0,2,0,1,1,0,0
Break Time,Changunarayan,3.0,2,0,1,1,0,0
R.A. Banquet,Kathmandu,4.1,65,0,1,12,35,17
‡§∏‡§æ‡§á‡§≤‡§æ‡§ï‡•ã ‡§™‡§∏‡§≤,Mahamanjushree Nagarkot,3.5,4,0,0,2,2,0
Live Bakery Pvt.ltd,Kageshwori Manohara,3.8,6,0,0,2,3,1
Kalash Food Cafe,Madhyapur Thimi,3.6,101,0,6,39,47,9
China Road Restaurant & Sekuwa Corner,Bhaktapur,5.0,1,0,0,0,0,1
Utshahan dining table,Suryabinayak,4.0,1,0,0,0,1,0
Syanko Katti Roll,Changunarayan,4.5,8,0,0,0,4,4
Classic fast food hub,Changunarayan,4.1,23,0,0,4,13,6
Simple Food Corner (SASA),Changunarayan,5.0,1,0,0,0,0,1
"Biryani Adda , Radhe Radhe , Bhaktapur",Bhaktapur,3.8,191,0,6,58,99,28
Pizza World Bhaktapur,Madhyapur Thimi,4.4,255,0,1,25,125,104
Pizza Hut,Madhyapur Thimi,4.1,336,0,3,62,182,89
PEPE PIZZA bhaktapur,Madhyapur Thimi,3.9,31,0,1,8,16,6
Cozy Food Cafe (CFC),Madhyapur Thimi,2.0,2,1,1,0,0,0
Royal Thai Hospitality,Madhyapur Thimi,3.9,385,0,8,101,206,70
Chautari chiya adda,Changunarayan,4.9,7,0,0,0,2,5
target,Mahamanjushree Nagarkot,5.0,1,0,0,0,0,1
Aabsar khaja ghar,Mahamanjushree Nagarkot,5.0,3,0,0,0,1,2
FIREWOOD SEKUWA PALACE,Madhyapur Thimi,4.4,171,0,0,17,84,70
Daura Thakali Bhaktapur,Madhyapur Thimi,4.5,52,0,0,4,24,24
Divyashwori Guest House & Restaurant,Madhyapur Thimi,3.9,33,0,1,8,18,6
SEWA Resturant,Madhyapur Thimi,3.6,14,0,1,5,7,1
Ranjeet Chatpate Panipuri,Madhyapur Thimi,4.3,4,0,0,1,2,1
.....,Madhyapur Thimi,3.7,19,0,1,7,9,2
NigooPukhoo Restro,Madhyapur Thimi,4.3,29,0,0,4,15,10
Sarkar Newa Khaja Ghar,Madhyapur Thimi,5.0,2,0,0,0,1,1
Newa Nasa Chhey,Madhyapur Thimi,4.2,61,0,0,9,33,19
Rajendra Khaja Ghar,Madhyapur Thimi,5.0,1,0,0,0,0,1
Bhairav Hotel,Madhyapur Thimi,4.5,6,0,0,0,3,3
Om Newari Khaja Ghar,Madhyapur Thimi,4.3,3,0,0,0,2,1
Caketown,Madhyapur Thimi,4.9,17,0,0,1,5,11
My home,Madhyapur Thimi,1.0,1,1,0,0,0,0
Kolakhu De Cafe,Madhyapur Thimi,4.2,31,0,0,5,16,10
Siwatol Community Building,Madhyapur Thimi,4.0,2,0,0,1,1,0
Nice Coffee Shop & Khaja Ghar,Madhyapur Thimi,3.5,10,0,1,4,4,1
‡§ö‡§ø‡§Ø‡§æ Times,Changunarayan,5.0,7,0,0,0,2,5
YOYO ZIPLINE,Suryabinayak,3.9,218,0,4,57,117,40
Ranju Khaja Ghar,Mahamanjushree Nagarkot,4.0,3,0,0,1,1,1
Gundu Newari khaja Ghar,Anantalingeshwar,3.6,13,0,1,5,6,1
Ghyampe dada khaja ghar,Suryabinayak,4.3,25,0,0,3,13,9
Dolakha Jiri Khajaghar,Kageshwori Manohara,3.2,13,0,2,7,4,0
Jet Lounge and Restaurant,Kathmandu,4.2,13,0,0,2,7,4
Chiya Juxon,Suryabinayak,5.0,2,0,0,0,1,1
Deurali khaja ghar Darjeeling height fyafuulla tol,Bhaktapur,4.3,11,0,0,1,6,4
Readers Hub,Kathmandu,4.4,104,0,0,10,51,43
Our Cottage Cafe,Kageshwori Manohara,3.7,26,0,1,9,13,3
King Everest Momo Center (Rose village Sakha)üëë,Suryabinayak,5.0,2,0,0,0,1,1
Aakrisha Thapa' Wine Shop,Kageshwori Manohara,3.5,2,0,0,1,1,0
Shanti Special Food Industry Private Limited,Suryabinayak,3.9,22,0,0,6,12,4
Sauvagya Bakes & Cakes,Bhaktapur,3.0,3,0,1,1,1,0
Shailungeshwor Dairy & Bakery,Madhyapur Thimi,4.0,2,0,0,1,1,0
Makaju Cold Store,Bhaktapur,1.0,1,1,0,0,0,0
Heat 7 Cafe & Resort,Changunarayan,4.4,21,0,0,2,10,9
ALIEN RESTRO & BAR,Mahamanjushree Nagarkot,3.5,11,0,1,5,4,1
"Madhu tea & coffee shop,Gankhu",Madhyapur Thimi,5.0,1,0,0,0,0,1
Belli The Fine Dine,Madhyapur Thimi,4.2,16,0,0,2,9,5
Sundar Ramechhap bakery,Madhyapur Thimi,2.3,6,1,3,2,0,0
Nawaj Resturant,Madhyapur Thimi,4.0,1,0,0,0,1,0
Newa Chimney,Madhyapur Thimi,4.8,13,0,0,0,5,8
Rojina Fast Food Cafe,Madhyapur Thimi,4.0,3,0,0,1,1,1
Thakali Bhansa Ghar,Madhyapur Thimi,3.8,11,0,0,3,6,2
Aarati Restaurant,Madhyapur Thimi,4.0,4,0,0,1,2,1
Fren's Cafe,Kageshwori Manohara,3.7,12,0,1,4,6,1
RS Khaja ghar kadhagari,Gandi,5.0,1,0,0,0,0,1
Seven Eleven,Kathmandu,4.6,5,0,0,0,2,3
Helambu Cafe and Restaurant,Kathmandu,4.8,5,0,0,0,2,3
Kadhaghari Khaja Ghar,Kathmandu,4.2,73,0,0,11,39,23
Chaska - Pepsicola,Kathmandu,3.7,3,0,0,1,2,0
A1 mo:mo: newari khaja ghar,Kathmandu,3.0,2,0,1,1,0,0
Kadaghari Sekuwa Corner,Kadaghari,3.9,33,0,1,8,18,6
Purbeli Lafa momo Center,Kathmandu,5.0,3,0,0,0,1,2
Rosemary kitchen &coffee Shop,Changunarayan,5.0,2,0,0,0,1,1
Gaba Jhol Momo and Jheer Sekuwa,Changunarayan,4.3,4,0,0,1,2,1
Gorkhali Mo:Mo,Changunarayan,5.0,4,0,0,0,1,3
p&p liquor,Changunarayan,4.3,4,0,0,1,2,1
"Dhan cafe, DUWAKOT",Changunarayan,4.0,6,0,0,2,3,1
KHADKA MEAT SHOP AND ALCHOL BEVERAGE,Changunarayan,5.0,1,0,0,0,0,1
Beli's Bread n cake station,Changunarayan,4.3,3,0,0,0,2,1
Gankhu,Madhyapur Thimi,4.0,1,0,0,0,1,0
Suwal's Caf√©,Suryabinayak,3.1,17,0,3,9,5,0
Newari Chulo and Restaurant,Anantalingeshwar,2.0,1,0,1,0,0,0
Street harvest restaurant,Madhyapur Thimi,3.7,3,0,0,1,2,0
Bhimeshwor Mo:Mo & Chinese Stick House,Madhyapur Thimi,4.0,83,0,1,19,45,18
Combo kitchen,Madhyapur Thimi,4.6,7,0,0,0,3,4
Dhungro Lekali Kitchen,Madhyapur Thimi,3.0,2,0,1,1,0,0
Global Mo:Mo: and Fastfood Center,Madhyapur Thimi,4.0,5,0,0,1,3,1
Jiwan Dairy and Coffee Shop,Madhyapur Thimi,3.3,15,0,2,7,5,1
Roshan dudh Dairy,Madhyapur Thimi,5.0,2,0,0,0,1,1
Thimi burger house and crunchy fried chicken,Bhaktapur,3.4,5,0,1,2,2,0
JHEEGU CHIYA CHEEN,Changunarayan,5.0,3,0,0,0,1,2
Karki store,Changunarayan,5.0,2,0,0,0,1,1
Ghumti Cafe and Restaurant,Anantalingeshwar,4.9,57,0,0,2,18,37
THE BIRYANI HOUSE,Anantalingeshwar,4.9,162,0,0,4,52,106
Falaichama,Bhaktapur,4.9,130,0,0,3,42,85
Hamro caf√® and Coffee,Bhaktapur,5.0,3,0,0,0,1,2
Samrakshyak Sainju,Anantalingeshwar,4.6,7,0,0,0,3,4
Suntali Chiya Pasal‚òïÔ∏èüçÆüçµ,Suryabinayak,5.0,1,0,0,0,0,1
Chiya Obsession Suryabinayak,Suryabinayak,4.0,1,0,0,0,1,0
Kp Newari Kaja Ghar,Anantalingeshwar,4.5,8,0,0,0,4,4
BUBBLE TEA (ORIGINAL) BHAKTAPUR,Bhaktapur,3.5,2,0,0,1,1,0
