name,main_category,category,address,city,lat,lng,rating,reviews_count,reviewsDistribution_oneStar,reviewsDistribution_twoStar,reviewsDistribution_threeStar,reviewsDistribution_fourStar,reviewsDistribution_fiveStar,weekly_hours,imageUrl,url
थालाछें बचत तथा ऋण सहकारी संस्था लिमिटेड,Cooperative bank,Cooperative bank,"MCFM+P46, थालाछें टोल सडक, Bhaktapur 44800, Nepal",Bhaktapur,27.6742856,85.4327744,4.0,1,0,0,0,1,0,46.0,https://lh3.googleusercontent.com/gps-proxy/ALd4DhH2KgUhJySSmx0xhqWoicza1LuQtSLei2YEwxJPF__5AOhLM5aR8IR9bWUKlINfiwGx6jDaxEDFMjpoXZMwGwCpG-eIoTcGzD8Gj9TQ0f2EoAzBuEThhIAZ_gzbfQtsFBBnn6ajeZtf4mQmP9xqJyeEiPdjuhD6VoB3gHRQkfqd_JakIOlOdh6kKw4s1eyvKjNBD04=w408-h306-k-no,https://www.google.com/maps/search/?api=1&query=%E0%A4%A5%E0%A4%BE%E0%A4%B2%E0%A4%BE%E0%A4%9B%E0%A5%87%E0%A4%82%20%E0%A4%AC%E0%A4%9A%E0%A4%A4%20%E0%A4%A4%E0%A4%A5%E0%A4%BE%20%E0%A4%8B%E0%A4%A3%20%E0%A4%B8%E0%A4%B9%E0%A4%95%E0%A4%BE%E0%A4%B0%E0%A5%80%20%E0%A4%B8%E0%A4%82%E0%A4%B8%E0%A5%8D%E0%A4%A5%E0%A4%BE%20%E0%A4%B2%E0%A4%BF%E0%A4%AE%E0%A4%BF%E0%A4%9F%E0%A5%87%E0%A4%A1&query_place_id=ChIJbY6kIrIa6zkR9XcO88LSGjg
Paripurna Multipurpose Co. Ltd,Cooperative bank,Cooperative bank,"MCFG+GVW Radhe radhe, Bhaktapur 44800, Nepal",Bhaktapur,27.6738729,85.4272013,0.0,0,0,0,0,0,0,57.0,https://lh3.googleusercontent.com/gps-cs-s/AG0ilSyYCqvBFJghsmTrNWuYy03G5l-4xjdZG87zi6RJzBM6vjnnOrdZmrbSPhu-F3C6GRH48m9sn-6GoxnY_KjQ_5SDxdtjnHQfK8rwUs6CorJENnlwYPnqqYJ68CAexrWj9622OHSw=w408-h544-k-no,https://www.google.com/maps/search/?api=1&query=Paripurna%20Multipurpose%20Co.%20Ltd&query_place_id=ChIJsSgCYasb6zkR9Tsovii8m04
Subhakamana Saving and Credit Cooperatives Ltd. Byasi Service Counter,Cooperative bank,Cooperative bank,"MCGH+5V8, Nagarkot Rd, Bhaktapur 44800, Nepal",Bhaktapur,27.6754579,85.4297438,0.0,0,0,0,0,0,0,0.0,https://streetviewpixels-pa.googleapis.com/v1/thumbnail?panoid=ThphHe1iX43hK4lFJCFF7Q&cb_client=search.gws-prod.gps&w=408&h=240&yaw=328.89456&pitch=0&thumbfov=100,https://www.google.com/maps/search/?api=1&query=Subhakamana%20Saving%20and%20Credit%20Cooperatives%20Ltd.%20Byasi%20Service%20Counter&query_place_id=ChIJA5BCOAQb6zkRXSU8CeVV3ho
Kantipur Saving and Credit Co-operative Limited - Radhe Radhe,Cooperative bank,Cooperative bank,"M9GW+8XC, Madhyapur Thimi, Nepal",Madhyapur Thimi,27.6758124,85.3974005,4.0,4,0,0,0,0,0,42.0,https://streetviewpixels-pa.googleapis.com/v1/thumbnail?panoid=QJfeoB9IKoMJAZtuWpUFLA&cb_client=search.gws-prod.gps&w=408&h=240&yaw=345.64786&pitch=0&thumbfov=100,https://www.google.com/maps/search/?api=1&query=Kantipur%20Saving%20and%20Credit%20Co-operative%20Limited%20-%20Radhe%20Radhe&query_place_id=ChIJ_wVkURMb6zkRyx4LJBv0RU0
Surya Sandesh Co-operative,Cooperative bank,Cooperative bank,"Jagatjung Marg, Kageshwori Manohara 44600, Nepal",Kageshwori Manohara,27.701128,85.3812477,5.0,1,0,0,0,0,1,28.0,https://lh3.googleusercontent.com/p/AF1QipOUHbWuS7BDYE5_0Lh-Cont9X-FJCmtOnwNBY8X=w408-h544-k-no,https://www.google.com/maps/search/?api=1&query=Surya%20Sandesh%20Co-operative&query_place_id=ChIJQQ9NRdfInIcRvLyR51RSnUk
Agricultural Development SACCOS,Cooperative bank,Cooperative bank,"M9FC+P6R, Araniko Highway, Madhyapur Thimi 44600, Nepal",Madhyapur Thimi,27.67436,85.370524,3.7,3,0,0,0,0,0,39.0,https://lh3.googleusercontent.com/gps-proxy/ALd4DhEYjh1KkRwPzGQ2gfdkoNxTt63y44QY4CyXC_P51C-vQHWZwOPkrZ6z4FLaJtPtUyHJk9v74q2fH2xvTzAemtcjmzfCKCEfgbKLjtVsagly_BlYG_OGzxJKC6MEOtcP0YZLnXn2I-bMCsvrMq0fVCdLkL2mhgctfZfh8upye9DP1UEXptHTpXCBfwJt5zMxqQsG7A=w408-h306-k-no,https://www.google.com/maps/search/?api=1&query=Agricultural%20Development%20SACCOS&query_place_id=ChIJmbw0KBIa6zkRWtrnlgO09fE
Sakchhyam Saving & Credit Co-operative Ltd. सक्षम सहकारी,Cooperative bank,Cooperative bank,"M9F7+GW9, Madhyapur Thimi 44600, Nepal",Madhyapur Thimi,27.6737761,85.3648729,5.0,1,0,0,0,0,1,42.0,https://streetviewpixels-pa.googleapis.com/v1/thumbnail?panoid=bVxKHJ9SNSfTpbqlF7YEwQ&cb_client=search.gws-prod.gps&w=408&h=240&yaw=291.18787&pitch=0&thumbfov=100,https://www.google.com/maps/search/?api=1&query=Sakchhyam%20Saving%20%26%20Credit%20Co-operative%20Ltd.%20%E0%A4%B8%E0%A4%95%E0%A5%8D%E0%A4%B7%E0%A4%AE%20%E0%A4%B8%E0%A4%B9%E0%A4%95%E0%A4%BE%E0%A4%B0%E0%A5%80&query_place_id=ChIJXyrkYAAb6zkRLshRyhBpjs0
हिमशिखर बहुउद्देश्यीय सहकारी,Cooperative bank,Cooperative bank,"M9FF+MPJ, Madhyapur Thimi 44600, Nepal",Madhyapur Thimi,27.6742155,85.374263,5.0,1,0,0,0,0,1,116.5,https://streetviewpixels-pa.googleapis.com/v1/thumbnail?panoid=jgjp8UjXZDKNg9uEBB5klw&cb_client=search.gws-prod.gps&w=408&h=240&yaw=139.05292&pitch=0&thumbfov=100,https://www.google.com/maps/search/?api=1&query=%E0%A4%B9%E0%A4%BF%E0%A4%AE%E0%A4%B6%E0%A4%BF%E0%A4%96%E0%A4%B0%20%E0%A4%AC%E0%A4%B9%E0%A5%81%E0%A4%89%E0%A4%A6%E0%A5%8D%E0%A4%A6%E0%A5%87%E0%A4%B6%E0%A5%8D%E0%A4%AF%E0%A5%80%E0%A4%AF%20%E0%A4%B8%E0%A4%B9%E0%A4%95%E0%A4%BE%E0%A4%B0%E0%A5%80&query_place_id=ChIJhUoQegsb6zkR-i7lYjMUqr4
Suryadev Multipurpose,Cooperative bank,Cooperative bank,"M9FC+P8R, Bhaktapur 44600, Nepal",Bhaktapur,27.6743655,85.370781,0.0,0,0,0,0,0,0,28.0,https://streetviewpixels-pa.googleapis.com/v1/thumbnail?panoid=U78Hf7rS0vOWdDqUYtje_g&cb_client=search.gws-prod.gps&w=408&h=240&yaw=128.72714&pitch=0&thumbfov=100,https://www.google.com/maps/search/?api=1&query=Suryadev%20Multipurpose&query_place_id=ChIJ84yy8lMb6zkRz9RXcu4Xad4
Pabitra Halesi Dham Saving and Credit,Cooperative bank,Cooperative bank,"M9FF+C32, Madhyapur Thimi 44600, Nepal",Madhyapur Thimi,27.6735006,85.3726426,0.0,0,0,0,0,0,0,0.0,https://streetviewpixels-pa.googleapis.com/v1/thumbnail?panoid=TAOyQh-_BZ0_uiFFge_6XA&cb_client=search.gws-prod.gps&w=408&h=240&yaw=225.11871&pitch=0&thumbfov=100,https://www.google.com/maps/search/?api=1&query=Pabitra%20Halesi%20Dham%20Saving%20and%20Credit&query_place_id=ChIJp4ZdOgAb6zkRgIVlZapCopk
Annapurna Multiple Co-Op,Cooperative bank,Cooperative bank,"M9FF+QC9, Araniko Highway, Gatthaghar 44600, Nepal",Gatthaghar,27.6744163,85.3736109,4.0,2,0,0,1,0,1,43.0,https://lh3.googleusercontent.com/gps-cs-s/AG0ilSxxotiusujpFy0Larl1uufZGN5gijUGmTOrS2CpUciHzXssGzIkgtd1lKTfwJzJYe8uM7WOk6WlLNhm73aLIPPsR2wOtLnyuaBrT9ncBniwQUB-HKJuaQO0BQVjd3bIxCfTt4zwoA=w408-h544-k-no,https://www.google.com/maps/search/?api=1&query=Annapurna%20Multiple%20Co-Op&query_place_id=ChIJndUd9xIa6zkRI2KbO5gsZ8E
Siddhikali Saving & Credit Co operative Ltd. सिद्धिकाली बचत तथा ऋण सहकारी संस्था लिमिटेड,Cooperative bank,Cooperative bank,"Madhyapur Thimi 44600, Nepal",Madhyapur Thimi,27.6806014,85.3849576,5.0,2,0,0,0,0,0,45.0,https://lh3.googleusercontent.com/p/AF1QipPR7_ji15WhO5MRPNX_U35WL0YDVNi6dUX_r73g=w426-h240-k-no,https://www.google.com/maps/search/?api=1&query=Siddhikali%20Saving%20%26%20Credit%20Co%20operative%20Ltd.%20%E0%A4%B8%E0%A4%BF%E0%A4%A6%E0%A5%8D%E0%A4%A7%E0%A4%BF%E0%A4%95%E0%A4%BE%E0%A4%B2%E0%A5%80%20%E0%A4%AC%E0%A4%9A%E0%A4%A4%20%E0%A4%A4%E0%A4%A5%E0%A4%BE%20%E0%A4%8B%E0%A4%A3%20%E0%A4%B8%E0%A4%B9%E0%A4%95%E0%A4%BE%E0%A4%B0%E0%A5%80%20%E0%A4%B8%E0%A4%82%E0%A4%B8%E0%A5%8D%E0%A4%A5%E0%A4%BE%20%E0%A4%B2%E0%A4%BF%E0%A4%AE%E0%A4%BF%E0%A4%9F%E0%A5%87%E0%A4%A1&query_place_id=ChIJTXKZajsb6zkRblbsglawIzw
Upakar SACCOS,Cooperative bank,Cooperative bank,"M9MP+33G Bahakha Bazar, Bhaktapur Road, Madhyapur Thimi 44800, Nepal",Madhyapur Thimi,27.6826758,85.3852013,5.0,1,0,0,0,0,1,42.0,https://lh3.googleusercontent.com/gps-proxy/ALd4DhEb2Yy7yeZ2W2dfShqkrsBCnBUsFdDLHhc9Rae4qqCEQK8-bLufo8Hpim4rCIT447BB0DGN7eUxGSdWmsoRwi33EEHQHaT6eYj60xaKXag4ESoycGMF-xVs-_2McDSVCnka_ZmwTBjFsTWuP8I8ItY87eZ2ptrcFKtMPsAsP_1dC_RzUPWwO75b2_etCep0iEtquQ=w408-h306-k-no,https://www.google.com/maps/search/?api=1&query=Upakar%20SACCOS&query_place_id=ChIJGf7XbGga6zkRvZ0e2ifH3H0
Jyotipunja Multipurpose Co-op,Cooperative bank,Cooperative bank,"M9XF+75R, Kageshwori Manohara 44600, Nepal",Kageshwori Manohara,27.6982433,85.3728828,5.0,2,0,0,0,0,2,0.0,https://streetviewpixels-pa.googleapis.com/v1/thumbnail?panoid=gXx0baQMok27J2ypU74nqw&cb_client=search.gws-prod.gps&w=408&h=240&yaw=173.42674&pitch=0&thumbfov=100,https://www.google.com/maps/search/?api=1&query=Jyotipunja%20Multipurpose%20Co-op&query_place_id=ChIJF1qyATca6zkRElcynBxgRig
Bhaktapur District SACCOS,Cooperative bank,Cooperative bank,"MC7H+WWC, Suryabinayak 44800, Nepal",Suryabinayak,27.6641754,85.4295811,5.0,2,0,0,0,0,0,42.0,https://lh3.googleusercontent.com/gps-cs-s/AG0ilSxC0Q2lFfYqYt23TknH_oeSIk1udTfkU9lNPBNUzLCBsajD653ojFjuZk51nSnTTlYq2GEOVJuJVWX-xa3HrWBHgmnmqqeXj2JPLmS3Kv-7MZ0RgbXSKnYbEeYXHisGPad7FuDcQQ=w408-h544-k-no,https://www.google.com/maps/search/?api=1&query=Bhaktapur%20District%20SACCOS&query_place_id=ChIJr-iFs6ca6zkRZTll9m3THBs
Kuber Saccos,Cooperative bank,Cooperative bank,"101 Araniko Highway, Bhaktapur 44800, Nepal",Bhaktapur,27.6675869,85.423819,5.0,2,0,0,0,0,0,36.0,https://lh3.googleusercontent.com/gps-proxy/ALd4DhExyILz_1E9zsNGz3SwewlrAzltQsB80rUwr8bQ8WiafJhN-nv1gQIlIkzZfo5-Md-YhkxW_7xziGGiIykKlFTcli-FWrNvEqX_4LmNkgLEuqKUw_YS9tpIBL6GDxKiZjBdFSM_vIe2wby5qfdC9nZ_wESFCYlZ93h-8kMceGM9uhLpR23dyNvARVymUeeCX89GFyk=w408-h306-k-no,https://www.google.com/maps/search/?api=1&query=Kuber%20Saccos&query_place_id=ChIJ18sSnKYa6zkR1oz3HzsTzTs
"Shankhadhar Saccos (SHANKHADHAR SAVINGS AND CREDIT CO-OPERATIVE LTD,)",Cooperative bank,Cooperative bank,"M9FP+69F, Madhyapur Thimi, Nepal",Madhyapur Thimi,27.6730676,85.3859352,0.0,0,0,0,0,0,0,42.0,https://streetviewpixels-pa.googleapis.com/v1/thumbnail?panoid=qBJyEiDdXo_O6ssve3hIwg&cb_client=search.gws-prod.gps&w=408&h=240&yaw=179.06242&pitch=0&thumbfov=100,https://www.google.com/maps/search/?api=1&query=Shankhadhar%20Saccos%20(SHANKHADHAR%20SAVINGS%20AND%20CREDIT%20CO-OPERATIVE%20LTD%2C)&query_place_id=ChIJ845xNSgb6zkRZnq4euRIte4
"Takuba Chowk, Madhyapur Thimi-5 Bhaktapur",Cooperative bank,Cooperative bank,"M9FR+CM5, Araniko Highway, Madhyapur Thimi, Nepal",Madhyapur Thimi,27.673714,85.3915723,0.0,0,0,0,0,0,0,0.0,https://streetviewpixels-pa.googleapis.com/v1/thumbnail?panoid=VTtoSQSm5Xts-e0L2FMzPw&cb_client=search.gws-prod.gps&w=408&h=240&yaw=179.7483&pitch=0&thumbfov=100,https://www.google.com/maps/search/?api=1&query=Takuba%20Chowk%2C%20Madhyapur%20Thimi-5%20Bhaktapur&query_place_id=ChIJjwQoegAb6zkR4-mCITfktmM
chitizmultipurposesaving,Cooperative bank,Cooperative bank,"MC7C+99X, Bhaktapur 44800, Nepal",Bhaktapur,27.6634863,85.4209781,0.0,0,0,0,0,0,0,0.0,https://streetviewpixels-pa.googleapis.com/v1/thumbnail?panoid=BW744HdfpLR1P92QksXL1g&cb_client=search.gws-prod.gps&w=408&h=240&yaw=159.08418&pitch=0&thumbfov=100,https://www.google.com/maps/search/?api=1&query=chitizmultipurposesaving&query_place_id=ChIJN2aJ-OQb6zkRyq7_ViO-DGM
Jimmewari Multipurpose Co-operative Ltd.,Cooperative bank,Cooperative bank,"Bhaktapur 44600, Nepal",Bhaktapur,27.6657895,85.4212289,3.0,1,0,0,1,0,0,40.0,https://lh3.googleusercontent.com/p/AF1QipPMsDzCt9Hx1PFiSTFSdplCctI4FM-UYmeFaR_l=w408-h306-k-no,https://www.google.com/maps/search/?api=1&query=Jimmewari%20Multipurpose%20Co-operative%20Ltd.&query_place_id=ChIJ8ydlzx4b6zkRKup_2Dpbe2U
Sarbashree SAAKOSH,Cooperative bank,Cooperative bank,"MC7C+MFV, Suryabinayak 44800, Nepal",Suryabinayak,27.6642456,85.4211767,0.0,0,0,0,0,0,0,0.0,https://streetviewpixels-pa.googleapis.com/v1/thumbnail?panoid=wb-zkIUE1lrjDWwaRK3_AQ&cb_client=search.gws-prod.gps&w=408&h=240&yaw=336.42407&pitch=0&thumbfov=100,https://www.google.com/maps/search/?api=1&query=Sarbashree%20SAAKOSH&query_place_id=ChIJ986xIwAb6zkRXTQ202EZLfQ
Samyukta Multipurpose Cooperative Ltd.,Cooperative bank,Cooperative bank,"MC8G+3VR, Suryabinayak 44800, Nepal",Suryabinayak,27.6652346,85.4271415,0.0,0,0,0,0,0,0,0.0,https://lh3.googleusercontent.com/gps-cs-s/AG0ilSxQB52zdXAURODyZfDgjX3iJ5HpBmQgEWa-vVJf5qBTBm3k0P-IIbCME-wrKA7I555xzNybhl7ykf3Rk8Tnc8tVbThDiFvB2lY6pAk53vwy8gx_8i9t7jQlqnI2AzoWcgENgjTD_A=w408-h544-k-no,https://www.google.com/maps/search/?api=1&query=Samyukta%20Multipurpose%20Cooperative%20Ltd.&query_place_id=ChIJR4wBs1ob6zkReoAZcOIake0
Sukunda Saving & Credit Co-operative,Cooperative bank,Cooperative bank,"Araniko Highway, Bhaktapur 44800, Nepal",Bhaktapur,27.6666377,85.435941,5.0,1,0,0,0,0,0,41.0,https://lh3.googleusercontent.com/gps-proxy/ALd4DhFG81Z2HJPIwolPkivFTnZVer1LcIf4Vi6uR8MkOFBxrmNpfLSXQHc0O5DW-IWcsO-Udj1YkSESx22aTWg0KgGSQFPYRyG9XAQbkbLQjo6nIFqXOXgLnGs-CDDR3X6aQI5qDdgZxpUtrqwkUHNhbDq9JaO9MpO1_UVne0HTe1Bxu99o7-7cXZ-Jb5ImT0YuCWCKTv0=w408-h306-k-no,https://www.google.com/maps/search/?api=1&query=Sukunda%20Saving%20%26%20Credit%20Co-operative&query_place_id=ChIJBUaJFKsa6zkR775XQuPawg4
Ambe Savings & Credit Co-operative Ltd,Cooperative bank,Cooperative bank,"MC9Q+W4J, Garud Kundal Road, Bhaktapur 44800, Nepal",Bhaktapur,27.6698038,85.4378043,1.0,1,0,0,0,0,0,0.0,https://streetviewpixels-pa.googleapis.com/v1/thumbnail?panoid=NEIYAZ7f_0RJ0wreuKt9ZA&cb_client=search.gws-prod.gps&w=408&h=240&yaw=282.32294&pitch=0&thumbfov=100,https://www.google.com/maps/search/?api=1&query=Ambe%20Savings%20%26%20Credit%20Co-operative%20Ltd&query_place_id=ChIJX0HRDv4F6zkRaSBnFXJQexE
Susandesh Multipurpose Co-operative Limited,Cooperative bank,Cooperative bank,"Jagati banepa RoadMCFR+FH7, Bhaktapur 44800, Nepal",Bhaktapur,27.6661946,85.4375785,5.0,2,0,0,0,0,0,22.5,https://streetviewpixels-pa.googleapis.com/v1/thumbnail?panoid=qlBkA_vt1Cxop93AnFvtlQ&cb_client=search.gws-prod.gps&w=408&h=240&yaw=187.3651&pitch=0&thumbfov=100,https://www.google.com/maps/search/?api=1&query=Susandesh%20Multipurpose%20Co-operative%20Limited&query_place_id=ChIJu0UVy7cF6zkRV7Hr-Uapr7Q
Samuhik SACCOS,Cooperative bank,Cooperative bank,"03 Bolachhen, Bhaktapur 44800, Nepal",Bhaktapur,27.6703149,85.4279855,4.0,1,0,0,0,1,0,48.0,https://streetviewpixels-pa.googleapis.com/v1/thumbnail?panoid=FMgIyf3kDZUJNNpFbWjzfg&cb_client=search.gws-prod.gps&w=408&h=240&yaw=153.08319&pitch=0&thumbfov=100,https://www.google.com/maps/search/?api=1&query=Samuhik%20SACCOS&query_place_id=ChIJMWqtca8a6zkRwJqrhly-Reg
Bhaktapur Jilla Bachat Sangh,Cooperative bank,Cooperative bank,"MCCH+9WW, Bhaktapur 44800, Nepal",Bhaktapur,27.6709939,85.4298429,4.0,1,0,0,0,0,0,42.0,https://streetviewpixels-pa.googleapis.com/v1/thumbnail?panoid=Xiwkb2LIzRqxgf6gIkv8Jw&cb_client=search.gws-prod.gps&w=408&h=240&yaw=356.44382&pitch=0&thumbfov=100,https://www.google.com/maps/search/?api=1&query=Bhaktapur%20Jilla%20Bachat%20Sangh&query_place_id=ChIJ3ZTpxJgb6zkRMa2Cc2Tc1k8
"Sangam Saccos , Bhaktapur",Cooperative bank,Cooperative bank,"Bhaktapur 44800, Nepal",Bhaktapur,27.669264,85.4291882,0.0,0,0,0,0,0,0,42.0,https://lh3.googleusercontent.com/p/AF1QipMs-QDQ7RqcayO0-4-qrQ54Tk-Fqdhba0bY-vjM=w408-h306-k-no,https://www.google.com/maps/search/?api=1&query=Sangam%20Saccos%20%2C%20Bhaktapur&query_place_id=ChIJyYYyVF4b6zkRruqAqTL1w3A
NMB Bank Limited,Bank,Bank,"MCCJ+XJF, Bhaktapur 44800, Nepal",Bhaktapur,27.6724355,85.4315571,3.9,10,0,0,0,0,0,45.0,https://lh3.googleusercontent.com/gps-proxy/ALd4DhG5amii1c_o1GaXNIr_KoLh4wyJ6GjXf-17Kb1tmxib7Q-9No5hkBZ3Sg3SEVN1euduel3haRSWXP5BwWeGpQ6WAqUhvxW7LIGrEDemSgOn9_hgKOPc4IoaXC9cUsLrWuBpIb_QSt9igHOqIpFrDXUy7hKRUDep_7EP_szPY4HXhXkufaHZ3CJHMizXYH9FXa0jgXQ=w408-h306-k-no,https://www.google.com/maps/search/?api=1&query=NMB%20Bank%20Limited&query_place_id=ChIJBw_pbK4a6zkR5b6dZp7kv-A
Mega Bank Nepal,Bank,Bank,"Bhaktapur Municipality-05 Shukuldhoka, Bhaktapur 44800, Nepal",Bhaktapur,27.6726474,85.4311074,3.5,2,0,0,0,0,0,29.0,https://lh3.googleusercontent.com/p/AF1QipPtQbGyC70ntN8XKzVE68ZV1ShkxEA37YK-6Yoh=w408-h333-k-no,https://www.google.com/maps/search/?api=1&query=Mega%20Bank%20Nepal&query_place_id=ChIJt5I7W0wb6zkRQ_8ibDB5asY
Laxmi Sunrise Bank Ltd. Bhaktapur Branch (SukulDhoka),Bank,Bank,"MCFJ+2CX, Sukul Dhoka Marg, Bhaktapur 44800, Nepal",Bhaktapur,27.6726204,85.4311066,3.3,28,0,0,0,0,0,34.0,https://lh3.googleusercontent.com/gps-proxy/ALd4DhER2AXbTUIhmjkKKGpGV77RYLeFlzPG7V34tp5GdXaySDP-u3WcLx47fL8UdFUh8bnkWFHrVRFmqbAE0CGb_-H2rhlU8d9ZkGC4B87-iQqdAZeWU-Gq7h67GTokKOLXmHO4UYy3PspYMXQcPZfCu_VOFx4dPlMzgo31khCkg0pv_zZo--dnphB-anSYF82ND6S-ENw=w408-h306-k-no,https://www.google.com/maps/search/?api=1&query=Laxmi%20Sunrise%20Bank%20Ltd.%20Bhaktapur%20Branch%20(SukulDhoka)&query_place_id=ChIJKcVqFa4a6zkR66TMLvlu6FA
Himalayan Bank Limited,Bank,Bank,"रत्न भवन, Bhaktapur 44800, Nepal",Bhaktapur,27.671919,85.430089,2.7,23,0,0,0,0,0,28.5,https://lh3.googleusercontent.com/gps-cs-s/AG0ilSwcUWcblcMiPxuObwZ5ut9i_1SnEeX97C4ZKZIrvl2uFd_yWFhVYiN5m1GDJRqb9HQNQ4O3T_-x-5vT_a9ROajVERQ97nUbAP4tyGTELrxrszhxWg_LGfgxUBIu6_dwdvwUwpXX=w426-h240-k-no,https://www.google.com/maps/search/?api=1&query=Himalayan%20Bank%20Limited&query_place_id=ChIJ68PcTa4a6zkRoU_23CzJnII
Century Bank (Sukuldhoka Bhaktapur Branch),Bank,Bank,"MCFJ+393, Bhaktapur 44800, Nepal",Bhaktapur,27.6726404,85.4309344,2.5,2,0,0,0,0,0,0.0,https://lh3.googleusercontent.com/gps-cs-s/AG0ilSzTmbYfkBgtyaFOUYQecdSL0hqOP_5FN38-wYgslPGHHUVnT9AZsgcl7FacRceaNbY6MmQyLsb_9-4A8K2CqN0OHq2AV2Pj7afuMdt6ekrjSsqE1oIzN4NIfis1PCJoY8MloCis=w408-h306-k-no,https://www.google.com/maps/search/?api=1&query=Century%20Bank%20(Sukuldhoka%20Bhaktapur%20Branch)&query_place_id=ChIJq6VbpyQb6zkReSbxfZ1qFcQ
Kumari Bank Ltd. Byasi Branch,Bank,Bank,"MCGJ+65R, Nagarkot Rd, Bhaktapur 44800, Nepal",Bhaktapur,27.6756102,85.4303872,4.0,15,0,0,0,0,0,33.0,https://lh3.googleusercontent.com/gps-cs-s/AG0ilSyBWLUd6-cstUR6hPmJIWn8wVLBXUVRoaukC2gr0BCjtNfTwlUMR33ZKmg6eJdQcSKUS4bbyYkPH_OzsRwHvDh9zUAghGDC4KWMgoj78t9BQVKrZmF20RJoFGE7YPKrjGsWGOQ=w408-h306-k-no,https://www.google.com/maps/search/?api=1&query=Kumari%20Bank%20Ltd.%20Byasi%20Branch&query_place_id=ChIJKetkncQb6zkRsE_6Pr-PBNc
Global IME Bank Limited,Bank,Bank,"Jagati-KamalBinayak Rd, Bhaktapur 44800, Nepal",Bhaktapur,27.6771552,85.4365291,1.8,9,0,0,0,0,0,36.0,https://lh3.googleusercontent.com/gps-cs-s/AG0ilSzdOQCWAZWVuzyNVzzJ0xg_Yra2hgAkXk78wZMbu3eI2JEtgAuB2ApWEavXXR0rUoxq6ZR2YTHbc8vZUSdPJyo-izvrWd2CievJ7h9ochUvF_pBOMB5ZA4n12a5HdKuhD-NSi3P=w408-h544-k-no,https://www.google.com/maps/search/?api=1&query=Global%20IME%20Bank%20Limited&query_place_id=ChIJz0HgGhEb6zkR3JTgkFVhJj8
"Durbar ATM Lounge ,Bhaktapur- Durbar Square",Bank,Bank,"5 Durbar Square, Bhaktapur 44800, Nepal",Bhaktapur,27.6719257,85.4286371,4.6,5,0,0,0,0,0,168.0,https://lh3.googleusercontent.com/p/AF1QipPmZ0ds0WRo_S_HAfPfawM0OKGPUWVOZc-TW4ws=w408-h306-k-no,https://www.google.com/maps/search/?api=1&query=Durbar%20ATM%20Lounge%20%2CBhaktapur-%20Durbar%20Square&query_place_id=ChIJNyb2b8ob6zkRt5SL3FGspkQ
NIC ASIA Bank And ATM,Bank,Bank,"Byasi Gate, Bhaktapur 44800, Nepal",Bhaktapur,27.674665,85.4277391,5.0,1,0,0,0,0,0,0.0,https://streetviewpixels-pa.googleapis.com/v1/thumbnail?panoid=tqcIReHC5iB19HG_Wsol9w&cb_client=search.gws-prod.gps&w=408&h=240&yaw=143.80037&pitch=0&thumbfov=100,https://www.google.com/maps/search/?api=1&query=NIC%20ASIA%20Bank%20And%20ATM&query_place_id=ChIJJ3w_ZCkb6zkR4-HZlLBioxo
Jyoti Bikash Bank Limited,Bank,Bank,"Jagati-KamalBinayak Rd, Bhaktapur 44800, Nepal",Bhaktapur,27.671153,85.4381233,3.1,9,0,0,0,0,0,34.0,https://lh3.googleusercontent.com/p/AF1QipOU3oy37QhFY4mSwqkX_wUqZQu209-YhY5h0sPS=w640-h240-k-no,https://www.google.com/maps/search/?api=1&query=Jyoti%20Bikash%20Bank%20Limited&query_place_id=ChIJP1aHt1IF6zkRO85N6d2ZcYM
Agricultural Development Bank Ltd. Bhaktapur Branch,Bank,Bank,"MCCF+Q3G, मिनी बसपार्क, Bhaktapur 44800, Nepal",Bhaktapur,27.6719441,85.4227128,2.6,14,0,0,0,0,0,42.0,https://lh3.googleusercontent.com/gps-cs-s/AG0ilSygcSeZWvr-MbzpAfh6tihip4_RGNVL5fyrNp0h5pMVolbCweIJAzUfKOSBC05pBnbOjIcd2y9F1IHt4PDp5M4UF2-ZJZpaeAjHoIUEV5HYU9hAcXRHVEoKI2975QpCrzWquB0=w408-h306-k-no,https://www.google.com/maps/search/?api=1&query=Agricultural%20Development%20Bank%20Ltd.%20Bhaktapur%20Branch&query_place_id=ChIJN2I2l6Qa6zkR-zch265Llmw
Khwpoa Savings and Credit Cooperatives,Bank,Bank,"MCGH+3VF, Nagarkot Rd, Bhaktapur 97701, Nepal",Bhaktapur,27.6751856,85.4296607,4.0,1,0,0,0,0,0,0.0,https://lh3.googleusercontent.com/gps-cs-s/AG0ilSyKbGSqsIwETHw-iAlBJZVbCY7tjTUU3BdpwTlQDzfNviglClBX-1mKhcQ1fZWo3EMEauMC0Esv51Ng-H_QaG3tXtafcjwNLrDPbAONrQRdf8ZQo2pmEBKRXTZt_Bix4Tu-dPZO=w408-h306-k-no,https://www.google.com/maps/search/?api=1&query=Khwpoa%20Savings%20and%20Credit%20Cooperatives&query_place_id=ChIJ1XkUXpAb6zkRqRyrhFH0ow8
Rastriya Banijya Bank ( राष्ट्रिय वाणिज्य बैङ्क ),Bank,Bank,"MCGP+7VQ, Bhaktapur 44800, Nepal",Bhaktapur,27.6756611,85.4372588,3.8,5,1,0,1,0,3,42.0,https://lh3.googleusercontent.com/gps-cs-s/AG0ilSxdbYMwtsVOa4gOJlQ7wYtO0sskqnOGj6BaldfVPehgzk38i8O4lkKY8S4Wc9q91HcYJm6AcNTZPsE18-7LvG7dfpqtLwmLPad6G0uBa67MdD-41Na5f1jETY6mLBrdQMoNQGIU=w408-h544-k-no,https://www.google.com/maps/search/?api=1&query=Rastriya%20Banijya%20Bank%20(%20%E0%A4%B0%E0%A4%BE%E0%A4%B7%E0%A5%8D%E0%A4%9F%E0%A5%8D%E0%A4%B0%E0%A4%BF%E0%A4%AF%20%E0%A4%B5%E0%A4%BE%E0%A4%A3%E0%A4%BF%E0%A4%9C%E0%A5%8D%E0%A4%AF%20%E0%A4%AC%E0%A5%88%E0%A4%99%E0%A5%8D%E0%A4%95%20)&query_place_id=ChIJyRWh9Q4b6zkRtxBGgFqFeu4
Shangri-la Development Bank Limited,Bank,Bank,"MCGP+XW2, Jagati-KamalBinayak Rd, Bhaktapur 44800, Nepal",Bhaktapur,27.6773768,85.4372607,3.8,5,1,0,1,0,3,34.0,https://lh3.googleusercontent.com/gps-cs-s/AG0ilSw9rPNt4KV6zSOvAmA7uXuf5WUQbeFZ5taUAc03zV1qZFEY_WKDGiUGxiODgBRGI9EIywATwXkRA5EDDKGX_76RTajo7bnz2c5_mmF3Cq1XlL0APFNyjFALN8q1emCKjWfM_es=w408-h387-k-no,https://www.google.com/maps/search/?api=1&query=Shangri-la%20Development%20Bank%20Limited&query_place_id=ChIJR8IZ0LgF6zkR0-ZPuCtOkXg
Kumari Bank (Ittachhen-Napukhu Bhaktapur Branch),Bank,Bank,"MCCF+R7H बसपार्क, Bhaktapur 44800, Nepal",Bhaktapur,27.672056,85.4232274,3.4,11,2,1,3,1,4,43.5,https://lh3.googleusercontent.com/gps-cs-s/AG0ilSz4qYskfdiWYdrglaaOqiI588Zw_M57AadwJ1JTq5wfm8Y7d3YtfiDOWHpe7xcbZ7l0KplwNwa6IIclC0tO6k1VkUMPYAhme7NtgHhuJVk3PlVcP06CxcIOr0k5WD_ws-RP_lVxPQ=w408-h306-k-no,https://www.google.com/maps/search/?api=1&query=Kumari%20Bank%20(Ittachhen-Napukhu%20Bhaktapur%20Branch)&query_place_id=ChIJC7TClKQa6zkRaCEtrsIyrss
Lumbini Bikas Bank,Bank,Bank,"M9QR+W26, Madhyapur Thimi 44600, Nepal",Madhyapur Thimi,27.6897936,85.390028,4.0,9,0,0,0,0,0,106.0,https://lh3.googleusercontent.com/gps-cs-s/AG0ilSyEJ-ZtOcpxDkC0LUPgr7_lBXxR6bTQnurKbT2fNVBYmD683w7YFn3WEPSJG-d4yuIIwlAjJh_xJpmGdErN3y8izzzHGK8WrBd2nz1poOfHNB1V6SqR7Yx9TFkjD9yNymF43Ocb=w523-h240-k-no,https://www.google.com/maps/search/?api=1&query=Lumbini%20Bikas%20Bank&query_place_id=ChIJ3dXsX0Qb6zkRkDP8jEtpJp0
Jyoti Bikash Bank,Bank,Bank,"M9QQ+RVP, Madhyapur Thimi 44600, Nepal",Madhyapur Thimi,27.6895755,85.3896886,3.0,2,0,0,0,0,0,0.0,https://lh3.googleusercontent.com/gps-cs-s/AG0ilSxqpo4HzkynKnEWjT8AQRJWTkLJLcjGQCZpzdBIjFa1SsU9BMQIEza3S1u5NHXF5hNWA5tcRj6SDku-eJ8BeQm_89gdvBuZY1RGc4ocv2XmH2LS7zbypqrXy-WTcNXWTq7nft8fxg=w408-h408-k-no,https://www.google.com/maps/search/?api=1&query=Jyoti%20Bikash%20Bank&query_place_id=ChIJN_Js7-Yb6zkRdO3ehTHBpBs
Mega Bank,Bank,Bank,"Municipality, 07 Harharmahadev Chowk, Kageshwori Manohara 44600, Nepal",Kageshwori Manohara,27.696744,85.3799726,4.3,4,0,0,0,0,0,168.0,https://streetviewpixels-pa.googleapis.com/v1/thumbnail?panoid=G7qoRM2a35XOMF33JFyYVw&cb_client=search.gws-prod.gps&w=408&h=240&yaw=144.41147&pitch=0&thumbfov=100,https://www.google.com/maps/search/?api=1&query=Mega%20Bank&query_place_id=ChIJSTy6BY4b6zkR6eMOl6009-4
Mega Bank Nepal Limited,Bank,Bank,"Madhyapur Thimi 44600, Nepal",Madhyapur Thimi,27.6835222,85.387396,3.6,21,0,0,0,0,0,29.0,https://lh3.googleusercontent.com/gps-cs-s/AG0ilSwe20hIPu73OPk2jsAuMFK-gjiBrQJFcFLP4tOQOXpjTjN-mgu7nTkhLdLhvde-pGXKiogOUnI2YNdTdcqsCDiykt9FVXXMXQXv6im8P93AX4nmsx9nt3ADmgg1eL5oKxBOGyc=w408-h306-k-no,https://www.google.com/maps/search/?api=1&query=Mega%20Bank%20Nepal%20Limited&query_place_id=ChIJx1eJjWca6zkRlKpsk4PqHhw
Siddhartha Bank Limited,Bank,Bank,"M9QR+W3J, Madhyapur Thimi 44600, Nepal",Madhyapur Thimi,27.6898482,85.3901424,2.0,4,0,0,0,0,0,0.0,https://lh3.googleusercontent.com/gps-cs-s/AG0ilSyhfFsqL1RvJfegSEePuEnUxZAexX0K7u6c30NjLe4Ea7iOPq9ejuwXS1TGqgHCKqRnOh-8z57NYd9WGriADMB1zVEyY6sxgC5L46BAY2F4WyjkmsCvSNkGY3T1-h6KvPq7CFzLkUalUsfy=w408-h544-k-no,https://www.google.com/maps/search/?api=1&query=Siddhartha%20Bank%20Limited&query_place_id=ChIJBVpxSAAb6zkRaia4_TXiLJ0
Citizens Bank,Bank,Bank,"M9JQ+WJG, Bhaktapur Road, Madhyapur Thimi 44600, Nepal",Madhyapur Thimi,27.6823239,85.3890812,3.2,29,0,0,0,0,0,48.0,https://lh3.googleusercontent.com/gps-cs-s/AG0ilSxBgpH45jqYoA_dhxSRRZrJFD4weFebWRx7HFt6yUQSXdrQTbt3nHixLUx79HCDddljbAm0TC-xC9_Qx6roWBN3EjPD4WwTTuq2Hy6T32ByW-nugoMkQfhQOlbTKFaI2-g8eXji=w408-h306-k-no,https://www.google.com/maps/search/?api=1&query=Citizens%20Bank&query_place_id=ChIJt-vDmWca6zkRxT5peHZtUkA
Sanima Bank,Bank,Bank,"M9QQ+QQ8, Madhyapur Thimi 44600, Nepal",Madhyapur Thimi,27.6894076,85.3894665,2.0,1,0,0,0,0,0,0.0,https://lh3.googleusercontent.com/gps-cs-s/AG0ilSzbOM2U02jpQKa7Zkegm_apyk1qz2vATa6fxhQRGtVcTjhqn8jHKoms386T7pGN5RPqIjdy4UN8pDkVa7IEBSlGGUc__1RlrhfDSqYK_3hLz6xc2JQG8j7UgbRBCJZTlEhoM8Tf=w426-h240-k-no,https://www.google.com/maps/search/?api=1&query=Sanima%20Bank&query_place_id=ChIJ8-tNeQAb6zkR5poEDZXStHk
NCC Bank,Bank,Bank,"M9MQ+F2H, Madhyapur Thimi 44600, Nepal",Madhyapur Thimi,27.6836762,85.3876063,4.5,4,0,0,0,0,0,45.0,https://streetviewpixels-pa.googleapis.com/v1/thumbnail?panoid=_Tu4ZUJU63pgYaKkQE-SUg&cb_client=search.gws-prod.gps&w=408&h=240&yaw=140.79225&pitch=0&thumbfov=100,https://www.google.com/maps/search/?api=1&query=NCC%20Bank&query_place_id=ChIJp0v3gWca6zkRDUq-yLkrA70
"Shangri-la Development Bank, Thimi Branch",Bank,Bank,"Madhyapur Thimi 44600, Nepal",Madhyapur Thimi,27.6846577,85.3877557,4.9,8,0,0,0,0,0,0.0,https://lh3.googleusercontent.com/gps-cs-s/AG0ilSzM7oEkffvsARy_ECSJzRC3bEDQU2FG8_GQA9FtyeKBlZU_AdU28s4iyaOkhVn9Q3DW-NuS7j04OUstJBWxfO-NJfqDMnMGFUaYhmFzutM5YlH1pCawvqdFNinaLXcDHkWTD65U3g=w408-h306-k-no,https://www.google.com/maps/search/?api=1&query=Shangri-la%20Development%20Bank%2C%20Thimi%20Branch&query_place_id=ChIJoRgiFvcb6zkRvd8fgWssRe8
NIC ASIA Bank Kadaghari Branch,Bank,Bank,"Suncity, M9WF+574, Kadaghari, Mulpani Road, Kageshwori Manohara 44600, Nepal",Kageshwori Manohara,27.6954375,85.3731875,2.9,23,0,0,0,0,0,32.0,https://lh3.googleusercontent.com/gps-cs-s/AG0ilSzZ_YPwHILZEtEULcBiKvCX9-bscHVQdXinOgoawwwKf-63OoJr4Aze-3zo8Xq9d2TaP5CmKtH2VDfynSLG60ytO6FIsp_dbn-rocZC33qQMcN8a1MOgW-6gA9n-5OTXx4vVAkq=w408-h544-k-no,https://www.google.com/maps/search/?api=1&query=NIC%20ASIA%20Bank%20Kadaghari%20Branch&query_place_id=ChIJsc8J90wb6zkRxpA34vj5p70
Siddhartha Bank Limited,Bank,Bank,"M9GX+959, Unnamed Road, Madhyapur Thimi, Nepal",Madhyapur Thimi,27.6759111,85.3979997,3.9,16,0,0,0,0,0,46.0,https://lh3.googleusercontent.com/gps-cs-s/AG0ilSwKL-VljHcTSKmaBC8nYC4txzHQBSsbQ2ENms9AsbMWRg1OSjsZBFAWEsDMi_o6OZol_-Y_ATK5MITnR_zkvQa7h6Jow2UsNoDjWsPJFdctUsAe3EdKLKqn_9Zubyzd2BTl37HwSg=w408-h544-k-no,https://www.google.com/maps/search/?api=1&query=Siddhartha%20Bank%20Limited&query_place_id=ChIJKzq-lFkb6zkRdcCCPKydimg
Nepal Bank Limited Naya Thimi Branch,Bank,Bank,"M9FJ+75M, Araniko Highway, Madhyapur Thimi 44600, Nepal",Madhyapur Thimi,27.6732234,85.3804148,3.3,38,0,0,0,0,0,39.0,https://lh3.googleusercontent.com/gps-cs-s/AG0ilSwHQDFLhtzZM7CKasHhZgVZ_4JHIGZxZII-uMzHzMWm1D8bZrUTxLSJFIJXopIdSTclfAvbR5N302dVh5DFRjmfmAGHbuzPXB3S9imxq5c96nwHK5P3E_gUivVmAM-7GwPHCCs=w408-h649-k-no,https://www.google.com/maps/search/?api=1&query=Nepal%20Bank%20Limited%20Naya%20Thimi%20Branch&query_place_id=ChIJg3ygWmUa6zkRVX4ePllAGhE
Rastriya Banijya Bank,Bank,Bank,"M9JF+VPV, Bhaktapur Road, Madhyapur Thimi 44600, Nepal",Madhyapur Thimi,27.6821235,85.3742128,3.0,28,0,0,0,0,0,40.0,https://lh3.googleusercontent.com/gps-cs-s/AG0ilSzQ8HjpjRMtR1oC-3C4mBCAYVLn8B3DFSme7qUwofUj4iZ-lCG6tehqAZ03XqPmqG73wUFycyqXE1cHnlk53uu55AK0CQs34abYMmdG2c4uUiuVA0_i9QsagH02E40OAA5CJTs=w436-h240-k-no,https://www.google.com/maps/search/?api=1&query=Rastriya%20Banijya%20Bank&query_place_id=ChIJ-X6sFRUa6zkReAPgzVKWsS4
Global IME Bank,Bank,Bank,"M9FP+57J, Madhyapur Thimi, Nepal",Madhyapur Thimi,27.6729549,85.3856529,2.6,30,0,0,0,0,0,42.0,https://lh3.googleusercontent.com/gps-cs-s/AG0ilSyL33uJmq9woCBOTehxTd-5zBiQk2kZCW293xF8vkVWLg8lcmX3OjuwW6u3ASRHokSgCTb_ArWCUQAcJusx3wwcvkPrReVlIsqSQ3mH5hXriqm-hbU2BPyA3rXcjm5ry62r4R1ruw=w408-h544-k-no,https://www.google.com/maps/search/?api=1&query=Global%20IME%20Bank&query_place_id=ChIJr8OrW5Eb6zkRaHihPE1QXBI
Sambhawana Saving and Credit Ltd.,Bank,Bank,"M9RM+2HM, Dhunche Rd, Madhyapur Thimi 44600, Nepal",Madhyapur Thimi,27.6900901,85.3839157,4.5,2,0,0,0,0,0,0.0,https://streetviewpixels-pa.googleapis.com/v1/thumbnail?panoid=lbGRAK1leGy4bTPrSfDotw&cb_client=search.gws-prod.gps&w=408&h=240&yaw=183.09015&pitch=0&thumbfov=100,https://www.google.com/maps/search/?api=1&query=Sambhawana%20Saving%20and%20Credit%20Ltd.&query_place_id=ChIJx3fmgkQa6zkRrm7dkBADiY8
NIC ASIA Bank Limited,Bank,Bank,"M9MP+8WP, Madhyapur Thimi 44600, Nepal",Madhyapur Thimi,27.6833357,85.3873207,4.3,4,0,0,0,0,0,52.0,https://streetviewpixels-pa.googleapis.com/v1/thumbnail?panoid=_AZVwW84eENvlVaPTESYdg&cb_client=search.gws-prod.gps&w=408&h=240&yaw=277.94235&pitch=0&thumbfov=100,https://www.google.com/maps/search/?api=1&query=NIC%20ASIA%20Bank%20Limited&query_place_id=ChIJW2zBd04b6zkRQcIhBKEe4wY
Prabhu Bank Limited Naya Thimi Branch,Bank,Bank,"M9FP+C5F, Araniko Highway, Madhyapur Thimi 44800, Nepal",Madhyapur Thimi,27.6735673,85.3854225,2.6,34,0,0,0,0,0,46.0,https://lh3.googleusercontent.com/gps-cs-s/AG0ilSzgSNYQPKgN2-FZUcyBVOnng_LShIKREszq-2XfkkLEunNvzDuLQfmGnI4JvqDJWUPDdh43mVUgyRpMATutF1k8KVGmS72_PtBtvR5NeOqxPdPIzVM3njULuCqzez8fUIGTVUc=w408-h449-k-no,https://www.google.com/maps/search/?api=1&query=Prabhu%20Bank%20Limited%20Naya%20Thimi%20Branch&query_place_id=ChIJu06R8W8a6zkRQHrfMv2xJGI
Siddhartha Bank | Gatthaghar,Bank,Bank,"M9FF+M6M, Araniko Highway, Madhyapur Thimi 44600, Nepal",Madhyapur Thimi,27.6742271,85.3730892,3.2,46,0,0,0,0,0,27.5,https://lh3.googleusercontent.com/gps-cs-s/AG0ilSx2KQXvnyisiie4ayZ7ditXQ-b_cgE75oIAb9gEdnLFL_-l4Tn_bSsX5xnSqe0FcTgPSGedpoMqFJf3PUQTP0PxffVXVJq-dDqt39XV39FoPG9RVMcN9ipnW-_z-G0tfIlZi_A=w408-h544-k-no,https://www.google.com/maps/search/?api=1&query=Siddhartha%20Bank%20%7C%20Gatthaghar&query_place_id=ChIJO2rNKRIa6zkRxr-LltNtkN4
Himalayan Bank Limited,Bank,Bank,"M9F9+QMF, Araniko Highway, Madhyapur Thimi 44600, Nepal",Madhyapur Thimi,27.6744277,85.3691712,2.8,37,0,0,0,0,0,28.5,https://lh3.googleusercontent.com/gps-cs-s/AG0ilSxWDQJhqMa8O9SIrjFrkHCPdpCqElPLEifx3DaRVnWQgBu1H-5fIq-tn5gv1d6WLUgFZdVwGKHz0MQ324Q_Aiir-yiuyQ8ask97P4Ra-9bJHVc4JV-8JOOeMA2PqLcx85EPlxZY=w519-h240-k-no,https://www.google.com/maps/search/?api=1&query=Himalayan%20Bank%20Limited&query_place_id=ChIJe4c1WBoa6zkR3mw4yEPb-g0
Nabil Bank Limited Kaushaltar Branch,Bank,Bank,"M9F8+VM2, Araniko Highway, Madhyapur Thimi 44600, Nepal",Madhyapur Thimi,27.6746462,85.3666562,3.2,64,0,0,0,0,0,28.0,https://lh3.googleusercontent.com/gps-cs-s/AG0ilSwQ1-O3OFOJk6v_bXYNcCwCTJwCcJv5TsoyKYgxywn84_mFceSTjpTtAxC-Z3NfUFvLSyTlh-So3Qhvy5z1jXEjgY41xLXlkXc4-7AAr8yGcac7n089n354C_S_b_7rGi58uzLs=w408-h306-k-no,https://www.google.com/maps/search/?api=1&query=Nabil%20Bank%20Limited%20Kaushaltar%20Branch&query_place_id=ChIJcWIQfhoa6zkRagsEEf-KFnk
Himalayan Bank Limited ATM,Bank,Bank,"M9GX+52M, Madhyapur Thimi, Nepal",Madhyapur Thimi,27.675465,85.397539,0.0,0,0,0,0,0,0,168.0,https://streetviewpixels-pa.googleapis.com/v1/thumbnail?panoid=uL156W6MSypDUskVz5BEIA&cb_client=search.gws-prod.gps&w=408&h=240&yaw=310.1834&pitch=0&thumbfov=100,https://www.google.com/maps/search/?api=1&query=Himalayan%20Bank%20Limited%20ATM&query_place_id=ChIJT8I_8VAb6zkRX16VVKH541I
Kumari Bank Limited,Bank,Bank,"M9HX+XPR, Madhyapur Thimi, Nepal",Madhyapur Thimi,27.6799691,85.3992441,4.8,4,0,0,0,0,0,33.0,https://lh3.googleusercontent.com/gps-cs-s/AG0ilSz_1teZHSZVXuPO68MTX-TkBNvQ5HCR92NkA0fZHQSilTSXUX651Sieaxa-7IDdhNaY827KnkIgzvPfzDG-cvtIM0CupfaotNOQv_EVIMzbsvZWPV7LUNnordzDBC0DK_3e48p9=w408-h306-k-no,https://www.google.com/maps/search/?api=1&query=Kumari%20Bank%20Limited&query_place_id=ChIJcam69W0b6zkR-GisBGXr5Sc
Sabya Samaj Multi purpose cooperative Ltd,Bank,Bank,"M9GX+W3X, Madhyapur Thimi, Nepal",Madhyapur Thimi,27.67737,85.3977245,5.0,4,0,0,0,0,0,0.0,https://lh3.googleusercontent.com/gps-cs-s/AG0ilSxXH7fbappi50sT2Sas0g5dwCd_TnEOp29k21KyXduq3Wdvbm5P84LwBBqkladyI9JGWG8xPLSR7_ts0WONNMRlKgTX7tGKU6Q7bRng7XVJlFF5Dwc7wBtVRW1WX5adeRZRXS2O=w408-h544-k-no,https://www.google.com/maps/search/?api=1&query=Sabya%20Samaj%20Multi%20purpose%20cooperative%20Ltd&query_place_id=ChIJwdGono0b6zkRHmvM1dxJAO4
NIC ASIA Bank Limited,Bank,Bank,"M9GX+Q63, Radhe Radhe Rd, Madhyapur Thimi, Nepal",Madhyapur Thimi,27.6768947,85.3980488,2.4,14,0,0,0,0,0,30.0,https://lh3.googleusercontent.com/gps-cs-s/AG0ilSxluc2_5V38HXMj7vY5qVm9iHBL-PTrswvAkeeh3WZ9cTcbwLkEWMdRiIFPRA5kw5WSfrkIjJGo37wFMtOR0dodedf_P9i_68LoQOHvKQ1nP-qcqdcb2qi7YiSonyivQGaP8NHC=w408-h544-k-no,https://www.google.com/maps/search/?api=1&query=NIC%20ASIA%20Bank%20Limited&query_place_id=ChIJl3nx_A4b6zkRUcyGHxm9gMA
NIC ASIA Bank Radhe Radhe Branch,Bank,Bank,"Radhe Radhe Rd, Madhyapur Thimi, Nepal",Madhyapur Thimi,27.6754596,85.3975881,3.5,4,0,0,0,0,0,32.0,https://lh3.googleusercontent.com/gps-cs-s/AG0ilSz6xCqBzBOuxHKmJD0sG5SEPebmVIGcVL4C_yaEMuCXIJIZqrdfeMhUloTS8V4gy-T8HTNls-zKSAXbUkAe53vCrXopurMF7WMUrSFjTuxqSVm52XKhobnQMlbDWZwFqACRtEQ5=w408-h543-k-no,https://www.google.com/maps/search/?api=1&query=NIC%20ASIA%20Bank%20Radhe%20Radhe%20Branch&query_place_id=ChIJsb0qezUb6zkRCpMbBQqoDHo
"Kamana Sewa Bikas Bank Ltd, Radhe Radhe Branch",Bank,Bank,"M9GX+G5M, Radhe Radhe, 44800, Nepal",Madhyapur Thimi,27.6763452,85.3979254,3.0,7,0,0,0,0,0,45.5,https://lh3.googleusercontent.com/gps-cs-s/AG0ilSyOZPUz04x9LpPEueQXhbfFO3AKcjl6CXLJh1lQFmb6rlLrnieHfjhJ4YJ2V3isuReYWbK7oRGI0ZAKsA-UhonX7dE5MNGP7BzbW-lrF2X3iBbgZU27L1kuQeW-Ld79T7DRMGYE=w408-h907-k-no,https://www.google.com/maps/search/?api=1&query=Kamana%20Sewa%20Bikas%20Bank%20Ltd%2C%20Radhe%20Radhe%20Branch&query_place_id=ChIJG5UH-YUb6zkRz-RN5nPaSjY
"Rastriya Banijya Bank, Thimi Branch",Bank,Bank,"M9FP+7XC, Araniko Highway, Madhyapur Thimi 44800, Nepal",Madhyapur Thimi,27.6731916,85.3873655,2.5,6,0,0,0,0,0,39.0,https://lh3.googleusercontent.com/gps-cs-s/AG0ilSxJ8UmVcvr7wJV2JqBrTlJak06O8d6o-JXln9KgAxKxVAj-Rm5QQ0zLHmfk9WrCs3p2FBZ91j8U7Bdb8gzEYgntuCXHf_7GU39WmclxZZZUczbn0Y9VPbLdQuGVzDjB7GVu3bY=w426-h240-k-no,https://www.google.com/maps/search/?api=1&query=Rastriya%20Banijya%20Bank%2C%20Thimi%20Branch&query_place_id=ChIJN_Xs-_8b6zkR77gI9sQJfuI
Nabil Bank Limited Thimi Branch,Bank,Bank,"Bhaktapur 44800, Nepal",Bhaktapur,27.6842048,85.3874096,0.0,0,0,0,0,0,0,100.0,https://streetviewpixels-pa.googleapis.com/v1/thumbnail?panoid=cqoF99n6MOiLllHKz-9RIA&cb_client=search.gws-prod.gps&w=408&h=240&yaw=311.88818&pitch=0&thumbfov=100,https://www.google.com/maps/search/?api=1&query=Nabil%20Bank%20Limited%20Thimi%20Branch&query_place_id=ChIJ4d3VuEMb6zkRPxKQOXV4ttI
National Cooperative Bank,Bank,Bank,"M9FP+C54, Araniko Highway, Madhyapur Thimi 44600, Nepal",Madhyapur Thimi,27.6735056,85.3854448,4.8,5,0,0,0,0,0,0.0,https://lh3.googleusercontent.com/gps-cs-s/AG0ilSyBdyNZIN1mpxZKf4x4IpKyd41P20qjkgzN5tAoxZRlYwcEC5ui8Su31aG8Yf-J_cNI0me8cY77yqiFcW9omthUBQ1Dr3SAGc4228H73oGrRQjtg3JAS6unrjXenuf861tV4Fpn=w408-h545-k-no,https://www.google.com/maps/search/?api=1&query=National%20Cooperative%20Bank&query_place_id=ChIJLePEfxoa6zkR1z4XBlyMDLE
Trishna Saving And Credit Co-Operative,Bank,Bank,"M9JR+MJ6, Madhyapur Thimi 44600, Nepal",Madhyapur Thimi,27.681657,85.3915089,0.0,0,0,0,0,0,0,42.0,https://streetviewpixels-pa.googleapis.com/v1/thumbnail?panoid=BpZIybEVmTtt0tGLWvHPuQ&cb_client=search.gws-prod.gps&w=408&h=240&yaw=210.44402&pitch=0&thumbfov=100,https://www.google.com/maps/search/?api=1&query=Trishna%20Saving%20And%20Credit%20Co-Operative&query_place_id=ChIJUx4HKGEa6zkRJMOzKHNJn-I
Suryamukhi Saving And Credit Co-operative Ltd.,Bank,Bank,"M9MQ+5QQ Municipality, Madhyapur Thimi 44600, Nepal",Madhyapur Thimi,27.68296,85.3894706,0.0,0,0,0,0,0,0,0.0,https://streetviewpixels-pa.googleapis.com/v1/thumbnail?panoid=RXEawF4EYp75rb_f1oVqCA&cb_client=search.gws-prod.gps&w=408&h=240&yaw=109.62938&pitch=0&thumbfov=100,https://www.google.com/maps/search/?api=1&query=Suryamukhi%20Saving%20And%20Credit%20Co-operative%20Ltd.&query_place_id=ChIJ54N2lh8b6zkRuL8-OLBLkg4
Citizens Bank Suryabinayak Branch,Bank,Bank,"MC8G+4P6, Suryabinayak 44800, Nepal",Suryabinayak,27.6653521,85.4263555,4.0,5,0,0,0,0,0,42.0,https://lh3.googleusercontent.com/gps-cs-s/AG0ilSxLQNpZImr8ffMH1QjjKRivgevC5ihQQlYFg9dDUX8y5LOWlcUqosEsJ8p2jiQuAIbInPzibP-fG4I16n341U8mMeJe3HoKWDStA5Yd6MTNTrJ7tdt4GFxIGAu0NQ7JofUtkxK0Dg=w408-h306-k-no,https://www.google.com/maps/search/?api=1&query=Citizens%20Bank%20Suryabinayak%20Branch&query_place_id=ChIJW-oe3Skb6zkRN24KPkv1d2I
Rastriya Banijya Bank,Bank,Bank,"MC8H+34, Suryabinayak 44800, Nepal",Suryabinayak,27.6651531,85.4278333,3.3,28,0,0,0,0,0,42.0,https://lh3.googleusercontent.com/gps-cs-s/AG0ilSxRYaQeI5lE39DGGhInzFcoH5xEJlZsvNshp9zu6cCthgDRQ1qEmbMP1l59FSgdKY8Mj_AIRi9NbKYQj8996-O6KYqlHHe1VZrA4S9WeuYDEE7cCLgTFKHgZD3bySf4P6eNznZs=w408-h306-k-no,https://www.google.com/maps/search/?api=1&query=Rastriya%20Banijya%20Bank&query_place_id=ChIJTTaBKKYa6zkRL9JlYU9T4xA
Global IME Bank Limited,Bank,Bank,"Suryabinayak 44800, Nepal",Suryabinayak,27.6659625,85.4247031,2.7,52,0,0,0,0,0,36.0,https://lh3.googleusercontent.com/gps-cs-s/AG0ilSxDIUe8xGqu3U-kYgwYWmW2V_pnPq6OR5FRf2m_DIezQGjXg6ImaSmShVR69KKC_5fk4CC2LTaxGDXVDmW-sahOsAWV0my4Z1_yNV0zoC3D6LwY24LROjFzZR7oQe2nFWpfAiQ=w408-h544-k-no,https://www.google.com/maps/search/?api=1&query=Global%20IME%20Bank%20Limited&query_place_id=ChIJBfw2WaYa6zkRjh6rBhDJaCg
Prabhu Bank Limited,Bank,Bank,"MC8F+99V, Suryabinayak 44800, Nepal",Suryabinayak,27.6659967,85.4234236,2.1,40,0,0,0,0,0,40.0,https://lh3.googleusercontent.com/gps-cs-s/AG0ilSy4hwL_jFY0qkjPY7MB46J7o2whxefYw6L4WucQ3-_QsEVnHvn3CWaoyN-qh0BNGl37HB4025_dxCvCLc9vPKKdrmmgoryIDSjP1fKhJql6NGlEANwdaCdQkPXNklqCkpZ1z-wM=w408-h544-k-no,https://www.google.com/maps/search/?api=1&query=Prabhu%20Bank%20Limited&query_place_id=ChIJkXiDMKYa6zkR-w5PQClRzwY
NIC ASIA Bank Bhaktapur Branch,Bank,Bank,"Suryabinayak 44800, Nepal",Suryabinayak,27.6658125,85.4263281,2.4,46,0,0,0,0,0,35.0,https://lh3.googleusercontent.com/gps-cs-s/AG0ilSxdJmyAhC--VY-mdEtF1DZllw2yftWiIcHvhg_7mDyigr9RXVw6OOmL7u3-M1vNUJNJfzsIXlK7V4aZw8owm12VYS9dbo7q3HWhkTO6OrVUEqK3pd-pPZ1EI2nP-wE_UL4KhmF6Ug=w426-h240-k-no,https://www.google.com/maps/search/?api=1&query=NIC%20ASIA%20Bank%20Bhaktapur%20Branch&query_place_id=ChIJv1UAOqYa6zkRJ7MU2xMwfZE
Nepal Bank Ltd. Kamalbinayak Bhaktapur Branch,Bank,Bank,"MCHR+C53, Bhaktapur 44800, Nepal",Bhaktapur,27.6785223,85.4404204,3.1,20,0,0,0,0,0,40.0,https://lh3.googleusercontent.com/gps-cs-s/AG0ilSxXbGrFfzxa2EINoREeykTEOHhFtKuRKnfJ9KnIsJvCzx5yiZ8sTC0HZiJWx2YatAtp-6-Q6a3UQA9oOJNxAp6fU2TThBkXFIIX2nD7aDuvoIK7v98n-NrrZzevNOcEwKdUk6If=w408-h306-k-no,https://www.google.com/maps/search/?api=1&query=Nepal%20Bank%20Ltd.%20Kamalbinayak%20Bhaktapur%20Branch&query_place_id=ChIJ4V3hK7Ma6zkRwimJ6y1jz1Y
Nepal Investment Bank Limited,Bank,Bank,"MC8G+37, Suryabinayak 44800, Nepal",Suryabinayak,27.6651875,85.4256875,2.9,52,0,0,0,0,0,39.0,https://lh3.googleusercontent.com/gps-cs-s/AG0ilSyG7F_GAqP9E6FsMYs-66U7f8GDhrzhb_IM-0-c1-XzK-6XJfDX7h0HU9L2NIfa806EtlKWMzwEwC984d0bOniW7QM_tQUx75pEF0RRuTDK3Xr622EAM0DgakVFk2dJ3oD-LK9Kvg=w408-h306-k-no,https://www.google.com/maps/search/?api=1&query=Nepal%20Investment%20Bank%20Limited&query_place_id=ChIJi0yatKca6zkRG2nSB59vvOI
Mega Bank Nepal,Bank,Bank,"Bhaktapur Municipality- 09 Malpot Office, Jagati-KamalBinayak Rd, Bhaktapur 44800, Nepal",Bhaktapur,27.675171,85.4406628,4.0,2,0,0,0,0,0,29.0,https://lh3.googleusercontent.com/gps-cs-s/AG0ilSy7LbXKkPzzv2qdyxp0PBMAVUZRUS2JINtMBO4IBTFTG-VJAEhDHaMF8DYi_-VX-yrPY_VMuhS1u3niiyNqVmujKbpedLCom7i78Fgj979oWxNn8rxE5LAh7Da9ghzUiUB8F1CN=w426-h240-k-no,https://www.google.com/maps/search/?api=1&query=Mega%20Bank%20Nepal&query_place_id=ChIJhRsV_uEF6zkRDRh3wAOYE-I
Nepal Bank ltd. Suryabinayak Ghalate,Bank,Bank,"MC8C+7FG, Bhaktapur 44800, Nepal",Bhaktapur,27.6656829,85.4212152,3.7,3,0,0,0,0,0,42.0,https://lh3.googleusercontent.com/gps-cs-s/AG0ilSyxDM2Pex6ifuYKKQglTlG1x2gZ3mzpeX8aWkRpFROWQrTjkEDVlk4oJ9iMDyigSsMnJ58S59Izub3WzfaOBoG6Vcrxxr-l_2QckWjMt98SRx8ClkedKm7aYfRnnq9M7eFHVyU=w408-h306-k-no,https://www.google.com/maps/search/?api=1&query=Nepal%20Bank%20ltd.%20Suryabinayak%20Ghalate&query_place_id=ChIJ8XHNS_ob6zkRM7dZFbT84fo
Sanima Bank Ltd. Suryabinayak Branch,Bank,Bank,"MC8G+7X6, Suryabinayak 44800, Nepal",Suryabinayak,27.6656625,85.4273906,2.6,30,0,0,0,0,0,34.5,https://lh3.googleusercontent.com/gps-proxy/ALd4DhG3sGUam_y0FlUYkPg5mDR0qefBSNqB-si53oUNWa2AojNm8Kht08nBK78XZIraKhYryK89OY6knPfvhqNOe-DiFH6U5jHHJJAkLWDmoeqmn5f3p58HrdQMHRhqCaH1M_C0TAajHAwEGQRaMYsk-E5nFO7pCZq3CBeRiT5A3IAAyUTIAL3mnAih_P5BhFk-3Ne35Q=w408-h306-k-no,https://www.google.com/maps/search/?api=1&query=Sanima%20Bank%20Ltd.%20Suryabinayak%20Branch&query_place_id=ChIJowCWW6Ya6zkRv55RinUY74s
Everest Bank Ltd. Bhaktapur Branch,Bank,Bank,"MC8F+59C, Suryabinayak 44800, Nepal",Suryabinayak,27.6654375,85.4233906,3.1,39,0,0,0,0,0,30.5,https://lh3.googleusercontent.com/gps-cs-s/AG0ilSxe6qKV0iCi2CxdqA7Ym9WwiKlJtTMM5ccfy8d9VwAQg3izdhd1TvmgaCZG_VuVYDadYa-WqBxcI-PxTKprJ6DhV6VytRPNBAsGbKgzo6iy9HDft_XN6rKLhLLa6dpm9EavTNw=w408-h306-k-no,https://www.google.com/maps/search/?api=1&query=Everest%20Bank%20Ltd.%20Bhaktapur%20Branch&query_place_id=ChIJUy_m56Ya6zkRgFbIXK_z1Jw
"National Microfinance, Sipadole Branch",Bank,Bank,"MC6W+9F5, Nandikeshwar Rd, Suryabinayak, Nepal",Suryabinayak,27.6608876,85.4462192,3.0,1,0,0,0,0,0,0.0,https://streetviewpixels-pa.googleapis.com/v1/thumbnail?panoid=pX7bKhnyLhAuotsme-Hl9Q&cb_client=search.gws-prod.gps&w=408&h=240&yaw=248.59195&pitch=0&thumbfov=100,https://www.google.com/maps/search/?api=1&query=National%20Microfinance%2C%20Sipadole%20Branch&query_place_id=ChIJUVsoR_gP6zkREoz8dl1wjtA
Simal Saving & Credit Co Operative Ltd,Bank,Bank,"JCWV+23W, milanchowk, Suryabinayak, Nepal",Suryabinayak,27.6451028,85.4427152,5.0,1,0,0,0,0,0,0.0,https://streetviewpixels-pa.googleapis.com/v1/thumbnail?panoid=gSqp8N6vBh3aDuTOhf5EmQ&cb_client=search.gws-prod.gps&w=408&h=240&yaw=33.60975&pitch=0&thumbfov=100,https://www.google.com/maps/search/?api=1&query=Simal%20Saving%20%26%20Credit%20Co%20Operative%20Ltd&query_place_id=ChIJxerrBi0P6zkRg8WtWbW48r0
Nepal Bank Limited,Bank,Bank,"17 Nagarkot Road, Bhaktapur 44800, Nepal",Bhaktapur,27.6715784,85.4223191,5.0,2,0,0,0,0,0,0.0,https://streetviewpixels-pa.googleapis.com/v1/thumbnail?panoid=3X4VnOD0tXePBkFa8TPUpw&cb_client=search.gws-prod.gps&w=408&h=240&yaw=181.47275&pitch=0&thumbfov=100,https://www.google.com/maps/search/?api=1&query=Nepal%20Bank%20Limited&query_place_id=ChIJWzfooWMb6zkRBcAu69kTMIM
Nabil Bank Suryabinayak Branch,Bank,Bank,"MC8F+559, Suryabinayak 44800, Nepal",Suryabinayak,27.6654125,85.4229844,1.7,20,0,0,0,0,0,0.0,https://lh3.googleusercontent.com/gps-cs-s/AG0ilSwGmr8ns41SgerkMaf3ECHUv2PvHVwwunBENCzZY8vmTF9n9bxZUjRCJASdxXNwb_QQq1RQpOenSVRj7jDlOBPJ8UmcPiC5N62HyLcv90_5CHS3PEGKm5KMq1zAglM3A-mUZeQ7mg=w408-h306-k-no,https://www.google.com/maps/search/?api=1&query=Nabil%20Bank%20Suryabinayak%20Branch&query_place_id=ChIJUevGmFcb6zkRKv11xZ_VfQs
Machhapuchhre Bank,Bank,Bank,"MC8F+645, Suryabinayak 44800, Nepal",Suryabinayak,27.6655125,85.4228594,1.0,4,0,0,0,0,0,0.0,https://lh3.googleusercontent.com/gps-cs-s/AG0ilSxnFc-KkH0ZeEY-R_AE_5AvlRpQS1rphEJhYqa4kn7e9XeYWVcuZTikdPuoDWCgNJI808YN7VIDGpop9Fcg3ThXWSG8ZhfRDc13255iiKGulzFVekVAVRCr31UXHi1cqv3t-cl3jg=w426-h240-k-no,https://www.google.com/maps/search/?api=1&query=Machhapuchhre%20Bank&query_place_id=ChIJ0QnjjJMb6zkRg2_A6-JDfFo
Mega Bank Nepal Limited,Bank,Bank,"Madhyapur Thimi Municipality-04 Shankhadhar Chowk, New Thimi, Bhaktapur 44800, Nepal",Bhaktapur,27.6730038,85.3853933,3.6,14,0,0,0,0,0,42.0,https://lh3.googleusercontent.com/gps-cs-s/AG0ilSxKM2lGDT965YcLXOFEpKPN8zizngaweb3JYSd_j0GgxBC4bd-wehyZOWPH3tBafycUhFfxO9U8mNP-6dRfDHKwQlh_gypDXs7UlcReYzpWWMWYZglZZIPOUpNqIMvEqHqZCUtiRA=w408-h545-k-no,https://www.google.com/maps/search/?api=1&query=Mega%20Bank%20Nepal%20Limited&query_place_id=ChIJeT872Ewb6zkR69EvaBvNax4
Prime Commercial Bank Ltd. Gatthaghar Branch,Bank,Bank,"M9FF+JWV, Araniko Highway, Madhyapur Thimi Muncipality 44811, Nepal",Madhyapur Thimi Muncipality,27.6741015,85.3747911,3.5,27,0,0,0,0,0,38.0,https://lh3.googleusercontent.com/gps-cs-s/AG0ilSydU_dfOhw_87E2fyV3AA3i9lmQLW2sSfFYgIRvBA0HbFqI6mJ6W1P-VFsXmQ3LQBLSdY5AekGk1XHosEr-7eI3RZ2vAdIelhpu1G3vvajc1y3jqFng4SuqXpl0P_CevuSIHLFZ=w408-h306-k-no,https://www.google.com/maps/search/?api=1&query=Prime%20Commercial%20Bank%20Ltd.%20Gatthaghar%20Branch&query_place_id=ChIJ5XyUxRIa6zkRtBlD3wSyGB8
Machhapuchchhre Bank Limited,Bank,Bank,"M9FM+63Q, Madhyapur Thimi 44800, Nepal",Madhyapur Thimi,27.673083,85.3827282,2.8,18,0,0,0,0,0,28.0,https://lh3.googleusercontent.com/gps-cs-s/AG0ilSxcoIagLrKtuLyts9bpWfLrKeFS_jQC4jmFaqIUCzQOQHvUrhdkstwHFRBsNzHQ-RBw-m3lsQXetci7JsnVsYYTHCbPfSTZ5LYvWS7G8wcEeZaXOAc9m_aouSmcMDhXPNRNb_nrWA=w426-h240-k-no,https://www.google.com/maps/search/?api=1&query=Machhapuchchhre%20Bank%20Limited&query_place_id=ChIJLXSaOm4a6zkRpdaQPjMsLLQ
Kumari Bank Limited,Bank,Bank,"M9FF+G32, Araniko Highway, Madhyapur Thimi 44800, Nepal",Madhyapur Thimi,27.6737574,85.3726543,3.5,19,0,0,0,0,0,0.0,https://lh3.googleusercontent.com/gps-cs-s/AG0ilSxH3Sn7r05Ds7roc6YVDWzPyuD8o7X3pAkilG1IBCOA1zPnNTOgitwr92SA6Y0rHxl9e-SPFkM-ELMLBPP0Aw9r2GpDi4q7UDtjgsCKBvAfFpX2XXFFijuGfRjVcTMXIKOz3AFK=w426-h240-k-no,https://www.google.com/maps/search/?api=1&query=Kumari%20Bank%20Limited&query_place_id=ChIJuXxGqGYb6zkRKbZaWI6U6eM
NMB Bank Limited,Bank,Bank,"M9FF+FCF, Madhyapur Thimi 44600, Nepal",Madhyapur Thimi,27.6736921,85.3735331,3.6,38,0,0,0,0,0,31.0,https://lh3.googleusercontent.com/gps-cs-s/AG0ilSzHf3OMZMvBdrfNiOuODyw2GNNMBU7SuoqVtXM6v_vK1ECmfNPcoWZJ6mR1oGXJQHcIkVKApL4egY3WkHjyAqCtZFWK1InlTZ5Z4SFHsjLCZY4yN5eH_1grhMYh1HfHQQlAZXG65j5LgWC7=w408-h544-k-no,https://www.google.com/maps/search/?api=1&query=NMB%20Bank%20Limited&query_place_id=ChIJaz7aKp0b6zkR8jp8Be5qaho
Prime Bikas Bank,Bank,Bank,"M9FP+7G4, Araniko Highway, Madhyapur Thimi 44800, Nepal",Madhyapur Thimi,27.6731368,85.3863172,4.5,6,0,0,0,0,0,42.0,https://lh3.googleusercontent.com/gps-proxy/ALd4DhH8KQ2nIqA2D1Ak79VjSC7bFuqRCkdZP__LRg_UVkbk3dR2WCtZm54OiEGVJ9-GZFImV3HasF4biqbKm8g2m5EJXkk66fy0HZcBSGWMel_70dRMOflcwihqN9sShfXhsuOKi0eOFWVzalWWNRg8vtW9OCq9m17WWg3zJI455_9nCLTjHZ3qXe7jBd_W0y1YUXiCzwI=w408-h306-k-no,https://www.google.com/maps/search/?api=1&query=Prime%20Bikas%20Bank&query_place_id=ChIJSUzUUGUa6zkR6dXsigPFaO4
Agricultural Development Bank Limited,Bank,Bank,"M9FF+M3M, Araniko Highway, Madhyapur Thimi Muncipality 44811, Nepal",Madhyapur Thimi Muncipality,27.6742161,85.3726825,3.5,11,0,0,0,0,0,36.0,https://lh3.googleusercontent.com/gps-proxy/ALd4DhGTbhSFWHvObSZygShxl6tQ06WEY3nB-84Lawj3D3mx19lSsgsmAPeRM3-gywPSmSXen4A6MKGj3ettzSZ96CyKF-EOtKyI8iE1W2pvR6twe3SFaU8l9MxW7kzu5reaUlZqf1BzVDdgglF3lFRVTgWlTx4aBdVDscIRDScbKQIEEvZpHg1RJ8gHimvl8PeKXFZeEdM=w408-h306-k-no,https://www.google.com/maps/search/?api=1&query=Agricultural%20Development%20Bank%20Limited&query_place_id=ChIJe7N2WhIa6zkRVV18jZxM8lo
NIC ASIA Bank Balkot Branch,Bank,Bank,"Anantalingeshwar 44600, Nepal",Anantalingeshwar,27.6654417,85.3662755,3.0,19,0,0,0,0,0,32.0,https://lh3.googleusercontent.com/gps-cs-s/AG0ilSzJSHLb9UsbRg-u9c8-QBLDar05xoYSKDMKXFPd-1M6x97YxxFxWBGCS6kKnp4xXZAAX5EhojT8tHBY02cmtVjDRtsixIVeYl2Kn3sN2LyQl5NHai4Tw_tBEODPssUBwZEdW4wC=w408-h306-k-no,https://www.google.com/maps/search/?api=1&query=NIC%20ASIA%20Bank%20Balkot%20Branch&query_place_id=ChIJHbvo6hgb6zkRykbmh_NN24I
"Sanima Bank, Gathhagar Branch",Bank,Bank,"M9FC+P8X Bus Stand, Araniko Highway, Madhyapur Thimi 44600, Nepal",Madhyapur Thimi,27.6743583,85.3708735,3.8,19,0,0,0,0,0,84.0,https://lh3.googleusercontent.com/gps-cs-s/AG0ilSwqhlJj-TvgBGBCmBuQVkwQx_-kdD-Ic-JIu0jsFxh5h9jsxuxF0pWecIA_whGB6CLlhc9IjkDF-umljgEVqvNs--n_D8HN3SRsEP3Zg0v7zzX-X38m1-1LQS5p5rtgykfCt0EQnQ=w408-h306-k-no,https://www.google.com/maps/search/?api=1&query=Sanima%20Bank%2C%20Gathhagar%20Branch&query_place_id=ChIJSzm6h9cb6zkRdXVDsXFd7bk
"Sanima Bank ,Thimi Branch",Bank,Bank,"M9FP+7XC, Araniko Highway, Madhyapur Thimi 44800, Nepal",Madhyapur Thimi,27.6732068,85.3873588,2.4,10,0,0,0,0,0,36.5,https://lh3.googleusercontent.com/gps-cs-s/AG0ilSxXcDhDFpejVHi6thqJK2lMKs5VTv8EKCDci42KIk60NUKu324nu8-Fjy952AfGhi7xQOMcV5OOstGqSY9PJAIMcTsMnTDwAFVpH-bXUV0nt1B6dMWhfk6lLTQu5gl51eHIUqvj1Q=w408-h544-k-no,https://www.google.com/maps/search/?api=1&query=Sanima%20Bank%20%2CThimi%20Branch&query_place_id=ChIJXyUUS40b6zkRjkoXsyNa3GU
Simal SACCOS,Bank,Bank,"MF36+J2F, Araniko Highway, Suryabinayak, Nepal",Suryabinayak,27.654067,85.4600435,4.0,1,0,0,0,0,0,42.0,https://lh3.googleusercontent.com/gps-cs-s/AG0ilSzYq0bXwXHfCDrC3AWVYXmZWFbPc-TaAbnnh8sWdjMR_g1vQcbt1hziyw9G2OeIQYHGo3QZc2XhcTYaqxuY7OP5DcCMVpV6glhJz_kXggp3mQjMbBASD60Vll0N8TaWQMBe1r8NWQ=w426-h240-k-no,https://www.google.com/maps/search/?api=1&query=Simal%20SACCOS&query_place_id=ChIJoa2eyQ0P6zkRiJbZUBY90KE
Sanima Bank Balkot Branch,Bank,Bank,"M978+WQJ, Anantalingeshwar 44600, Nepal",Anantalingeshwar,27.6654177,85.3666323,5.0,2,0,0,0,0,0,35.0,https://lh3.googleusercontent.com/gps-cs-s/AG0ilSxHvOsBYDJozoKDdSQ4Cc6aWvJEwl7HJwepGYlSKSmygno0dGIqN5DsirG_0Mcm5aLEU6IYoDiyVuqrorl7sVzJ72QAJadqu-9eG1DNKzGNHmEi7PkJxEVQ0ULeiaXpBS5QkMAVAA=w533-h240-k-no,https://www.google.com/maps/search/?api=1&query=Sanima%20Bank%20Balkot%20Branch&query_place_id=ChIJDfkXet0b6zkRtb28PH9m-Z8
Mega Bank,Bank,Bank,"Suryabinayak Municipality-02 Redcross Chowk, 44800, Nepal",Anantalingeshwar,27.6703413,85.3648844,4.0,8,0,0,0,0,0,37.5,https://lh3.googleusercontent.com/gps-cs-s/AG0ilSxUNJvH4ul2tsKxo4DN70dY6sxKha0OY_F5v6UVjN2K6wINua4dfXfLFcg7wMxNnAMjN5rMOW1eXGXo4hCsqXgwDrKRIjGSnVBsgEV77MYl0YRp_CJDJR6wngGQ4EuRwUhDtXk=w408-h543-k-no,https://www.google.com/maps/search/?api=1&query=Mega%20Bank&query_place_id=ChIJA0306rUb6zkRwbGGTN-RCpc
Nepal Investment Bank Limited,Bank,Bank,"M9F7+MXX, Madhyapur Thimi 44600, Nepal",Madhyapur Thimi,27.6742302,85.3649806,3.1,35,0,0,0,0,0,39.5,https://lh3.googleusercontent.com/gps-cs-s/AG0ilSwdfhaNh6tj1y3gnTuy-5v6WKE4hQVxVeoqnBR-qD8Gq4EKmdOKsRS8hbC1CVO8ZdoHit-ucMoyr-KGheIj3xMMJNoxL5h57kYL9b8vNq9e_vAowUmOnDgnXGvPaFVOXijLoAo=w408-h725-k-no,https://www.google.com/maps/search/?api=1&query=Nepal%20Investment%20Bank%20Limited&query_place_id=ChIJaxpihBoa6zkRCA3QCrf-xCk
Laxmi Bank Limited Kaushaltar Branch,Bank,Bank,"M9F8+RQV, Madhyapur Thimi 44600, Nepal",Madhyapur Thimi,27.6746046,85.3669265,3.1,25,0,0,0,0,0,34.0,https://lh3.googleusercontent.com/gps-cs-s/AG0ilSzg6HhdKsmFXwYpFL1F9E3QVBu4JP5syhrCm51Tf45whoWy1ojkpi5Yz6jtIT-cpCaw2PrvO3X1c73Lp01xXOtCIQUK9S7oFJh6Daaydx2abdFB1gPKAVMAuvPxlj8zv_WLEWijWw=w408-h306-k-no,https://www.google.com/maps/search/?api=1&query=Laxmi%20Bank%20Limited%20Kaushaltar%20Branch&query_place_id=ChIJyf8xWRAa6zkRKR6BmavWxGI
Lumbini Bikas Bank,Bank,Bank,"M9F7+MPG, Madhyapur Thimi 44600, Nepal",Madhyapur Thimi,27.6741774,85.3643236,3.3,10,0,0,0,0,0,42.0,https://lh3.googleusercontent.com/gps-cs-s/AG0ilSwU_tiMeS-L5Y-BzjlIuD1k2pIn-0b2WLYvAS5-4JG_xAUvXzc3ucOyeoj_yOP9xSIkBfV-BqU9u7wm4HazibEa9rpl3hzEcahRXaSxIaSXI7W_Is5OyIAIxgiv3v5Km-qbQvpiLA=w408-h725-k-no,https://www.google.com/maps/search/?api=1&query=Lumbini%20Bikas%20Bank&query_place_id=ChIJpap-jhoa6zkRioaeLwVlt0E
Prabhu Bank Limited,Bank,Bank,"M9F8+V3J, Araniko Highway, Madhyapur Thimi 44800, Nepal",Madhyapur Thimi,27.6747078,85.3651556,3.0,25,0,0,0,0,0,45.0,https://lh3.googleusercontent.com/gps-cs-s/AG0ilSweuhfchr9WmHfFSM5gBYyCQPof5pkNMM5zXVSMvsW7kZFKX1ZFsl_Cs63ZWkfcXzjI86q8tk2lo3GUo14jjzKfc3GYtWbthaCCOD8iQdiKbXM5YSoITbJwVpH_RaiwGgQnBiIO=w408-h306-k-no,https://www.google.com/maps/search/?api=1&query=Prabhu%20Bank%20Limited&query_place_id=ChIJ6QXafxoa6zkRKqAEHUGYsYM
Khalpitar Saving & Credit Co-operative Ltd.,Bank,Bank,"M97C+WJM, Khalpitar Marga, Anantalingeshwar 44600, Nepal",Anantalingeshwar,27.6648452,85.3715479,3.4,8,2,0,2,1,3,54.0,https://streetviewpixels-pa.googleapis.com/v1/thumbnail?panoid=-uw5jTBwcQNCCw6N_Dig2g&cb_client=search.gws-prod.gps&w=408&h=240&yaw=213.80292&pitch=0&thumbfov=100,https://www.google.com/maps/search/?api=1&query=Khalpitar%20Saving%20%26%20Credit%20Co-operative%20Ltd.&query_place_id=ChIJuf9xwgsa6zkROAk5crnb8xs
Kumari Bank Limited,Bank,Bank,"MC8F+9RP, Suryabinayak 44800, Nepal",Suryabinayak,27.6659625,85.4245781,4.3,8,0,0,0,0,0,32.5,https://lh3.googleusercontent.com/gps-cs-s/AG0ilSxz37syeHotOyFBLqK3Sya4sGMnSjrB3rsCxGM_R8r7fgt0XRe9DAa01C3a0LyBA5ZaYDs44aFYNXvRjTiz_b11SsGc_PQDPCZGAJcTgrOnIekb6-kPjGo_nj29TPUSLrRyotFW7w=w426-h240-k-no,https://www.google.com/maps/search/?api=1&query=Kumari%20Bank%20Limited&query_place_id=ChIJ2SbdzH0b6zkRvt5PexwujvY
NMB Bank Limited,Bank,Bank,"MC8F+5V, Suryabinayak 44800, Nepal",Suryabinayak,27.6654375,85.4246875,3.7,24,0,0,0,0,0,35.0,https://lh3.googleusercontent.com/gps-cs-s/AG0ilSwIL66WLUj88t-89uaJzgF7uRz2j_7GQY8wzb5w7Qy6FsMon8ziiqY313GxzNkG93NAn9VmlGap_vgQdnOCUqsXEBTivXh2xjWzbd7WXY_0qN2RRKDqjXY1b4ROmgletkYY-NZWtw=w426-h240-k-no,https://www.google.com/maps/search/?api=1&query=NMB%20Bank%20Limited&query_place_id=ChIJQy3sV6Ya6zkRBXzQsTBY-Vg
"Muktinath Bikas Bank Limited, Suryabinayak Branch",Bank,Bank,"MC8G+45, Suryabinayak 44800, Nepal",Suryabinayak,27.6653125,85.4254375,1.8,6,0,0,0,0,0,46.0,https://streetviewpixels-pa.googleapis.com/v1/thumbnail?panoid=xNkAIS4LC7QAP7VfP6hr9A&cb_client=search.gws-prod.gps&w=408&h=240&yaw=205.17397&pitch=0&thumbfov=100,https://www.google.com/maps/search/?api=1&query=Muktinath%20Bikas%20Bank%20Limited%2C%20Suryabinayak%20Branch&query_place_id=ChIJa2PiV2ob6zkRDRe_N9G7Jpo
Himalayan Bank ATM,Bank,Bank,"M9F9+QMF, Madhyapur Thimi 44600, Nepal",Madhyapur Thimi,27.6744449,85.3691812,3.6,5,0,0,0,0,0,168.0,https://lh3.googleusercontent.com/gps-proxy/ALd4DhFVqzfA7YW7JJvX2Jev6P3bWci0i2-CAL3UzpISLlQjEBcIZ5Y3C9sJTs2_rAH7B3FtTQm4gxSs2Y5VVdFFwRqfYOyzooEBXROwzPrs9rv7GEq4vV6k9h5lmIrnvaQnczl_uAGYWu1xEOO6Uv3fZDUMhjizQTRy0bUr3IRm9QCo1mJNV0tEfF85PqXFQoqEasFAsA=w408-h306-k-no,https://www.google.com/maps/search/?api=1&query=Himalayan%20Bank%20ATM&query_place_id=ChIJD7rLWRoa6zkRlzxZm-l73_A
Bihani Saving And Creadit Co-operative,Bank,Bank,"M9FF+RMH, Gaththaghar Marg, Madhyapur Thimi 44600, Nepal",Madhyapur Thimi,27.6745604,85.3742347,5.0,2,0,0,0,0,2,51.0,https://streetviewpixels-pa.googleapis.com/v1/thumbnail?panoid=Dt8pq2sQ6GdgyFUqEMWVaA&cb_client=search.gws-prod.gps&w=408&h=240&yaw=291.55&pitch=0&thumbfov=100,https://www.google.com/maps/search/?api=1&query=Bihani%20Saving%20And%20Creadit%20Co-operative&query_place_id=ChIJ_WBs5xIa6zkRNk3qRzY7XAw
Maitriya Saving & Credit Co-operative Limited,Bank,Bank,"M998+RCJ, कौशलटार बालकोट सडक, Anantalingeshwar 44600, Nepal",Anantalingeshwar,27.6695908,85.3660235,4.0,3,0,1,0,0,2,0.0,https://streetviewpixels-pa.googleapis.com/v1/thumbnail?panoid=lo0vgaJejMJiVGf2Fh4faw&cb_client=search.gws-prod.gps&w=408&h=240&yaw=65.69084&pitch=0&thumbfov=100,https://www.google.com/maps/search/?api=1&query=Maitriya%20Saving%20%26%20Credit%20Co-operative%20Limited&query_place_id=ChIJrw2lmg8a6zkRxH_rEOnNOi0
Global IME Bank Limited,Bank,Bank,"Mahamanjushree Nagarkot, Nepal",Mahamanjushree Nagarkot,27.6785213,85.481423,4.0,2,0,0,0,0,0,36.0,https://streetviewpixels-pa.googleapis.com/v1/thumbnail?panoid=frClBIp2e4cmdgqlKEilAA&cb_client=search.gws-prod.gps&w=408&h=240&yaw=48.054817&pitch=0&thumbfov=100,https://www.google.com/maps/search/?api=1&query=Global%20IME%20Bank%20Limited&query_place_id=ChIJUYlvfXUF6zkREjfyq2xm_6E
NIC ASIA Bank Limited,Bank,Bank,"MCM6+285, Changunarayan 44800, Nepal",Changunarayan,27.6825103,85.410853,2.0,12,0,0,0,0,0,42.0,https://lh3.googleusercontent.com/gps-cs-s/AG0ilSy8QxDAdqVQmO5-Y1ABTHyzO_CvtvIZk9wFXgqh6C-6GT4knx8lc7BwEoeX_HA9b30LnzVy2N3UvMtQ-pBqrfc88r4s9qVTvl1X0BZCDiPNlk7mOZnhi4XdiMdDs3bq8WWUcLmb=w408-h544-k-no,https://www.google.com/maps/search/?api=1&query=NIC%20ASIA%20Bank%20Limited&query_place_id=ChIJ9_HvxN4b6zkRVWnXkORyoz8
Subha dibyashwori,Bank,Bank,"M9JP+RQC, Duwafalcha road, Bhaktapur 44800, Nepal",Bhaktapur,27.6820579,85.3868757,5.0,1,0,0,0,0,1,33.0,https://streetviewpixels-pa.googleapis.com/v1/thumbnail?panoid=Oo34rBISrejOZ57Ch73oyA&cb_client=search.gws-prod.gps&w=408&h=240&yaw=272.00104&pitch=0&thumbfov=100,https://www.google.com/maps/search/?api=1&query=Subha%20dibyashwori&query_place_id=ChIJnVUPjdEb6zkRbJAAMoMJZ_0
Manohara Bachat Tatha Rin Sahakari,Bank,Bank,"PC44+27J, Upanishad Path, Changunarayan 44600, Nepal",Changunarayan,27.7050875,85.4056406,1.0,1,0,0,0,0,0,0.0,https://lh3.googleusercontent.com/gps-cs-s/AG0ilSxeYIUJOvdXKycpolJxPS-LZ5yMGNSIdM9aP0NqBqozRaTi-ts2cQI-hb2uMrcIj82ryqIYtXVzwTLzlZCjs3qjzbThufMBFRSpyJdeAlzBzpSAYYJ5TlyNlOuGgyNxaFVcJRgS=w408-h725-k-no,https://www.google.com/maps/search/?api=1&query=Manohara%20Bachat%20Tatha%20Rin%20Sahakari&query_place_id=ChIJY87M3vwa6zkRnY6kCFaVStQ
शुभ श्री बचत तथा ऋण सहकारी संस्था लि.,Bank,Bank,"M9XF+96W, Kageshwori Manohara 44600, Nepal",Kageshwori Manohara,27.6984764,85.3730711,5.0,2,0,0,0,0,2,34.0,https://lh3.googleusercontent.com/gps-cs-s/AG0ilSxNTVrxNCKXF0VnA9TkTAv3WPZeoc7NlMTEtjAgNhHht-KeONHKVr2sO086pGu-VZ5LEegIYfq4XA4iYeAQoJztBZCk8cG8MAgWa8C8tPKeAkac2mM3O1iYTIboPOa0O3azdQNDoBHo8Ow=w408-h306-k-no,https://www.google.com/maps/search/?api=1&query=%E0%A4%B6%E0%A5%81%E0%A4%AD%20%E0%A4%B6%E0%A5%8D%E0%A4%B0%E0%A5%80%20%E0%A4%AC%E0%A4%9A%E0%A4%A4%20%E0%A4%A4%E0%A4%A5%E0%A4%BE%20%E0%A4%8B%E0%A4%A3%20%E0%A4%B8%E0%A4%B9%E0%A4%95%E0%A4%BE%E0%A4%B0%E0%A5%80%20%E0%A4%B8%E0%A4%82%E0%A4%B8%E0%A5%8D%E0%A4%A5%E0%A4%BE%20%E0%A4%B2%E0%A4%BF.&query_place_id=ChIJBc55LgAb6zkR7Sjxer9fqsM
Garima Bikash Bank Ltd,Bank,Bank,"MC8F+9XF, Suryabinayak 44800, Nepal",Suryabinayak,27.6659465,85.4249225,3.3,4,0,0,0,0,0,32.5,https://lh3.googleusercontent.com/gps-cs-s/AG0ilSzjrJox5GsHAuNGHgDZqE9gaKPMpY6L3phTyfvOjpIyZjLx6F-m6p5gkwD7g1J_nzgpE-qMWSDTc_D0eSFUPRL7QKAZ4XkWNrgaK5nhcNbhhGKL0SoXMLTtM3V_ZO75dEPJ5Q0Klg=w408-h544-k-no,https://www.google.com/maps/search/?api=1&query=Garima%20Bikash%20Bank%20Ltd&query_place_id=ChIJL2fzDLYb6zkRZriiBvn5OHg
Sahakali Saving & Credit Co-operative Ltd.,Bank,Bank,"M9WC+V67, Kageshwori Manohara 44600, Nepal",Kageshwori Manohara,27.6971616,85.3705532,3.5,2,0,0,1,1,0,49.0,https://lh3.googleusercontent.com/gps-cs-s/AG0ilSxPmZoCxELlwdGTrpKAw_IHMMWKSbu0yLPtFr5CCh5ELiNjpeSQUg9NdewAauyAyE9lVFqWv__tCY1-Oz87WyzR93Yp9hgg1ASNA-JoUQ43ZhDjk87_Auv2-_CZXFj8OHrxueyaUA=w408-h306-k-no,https://www.google.com/maps/search/?api=1&query=Sahakali%20Saving%20%26%20Credit%20Co-operative%20Ltd.&query_place_id=ChIJi-gzJTca6zkRcy_9OmhUwDo
Laxmi sunrise bank,Bank,Bank,"M9FH+FXR, Madhyapur Thimi 44600, Nepal",Madhyapur Thimi,27.6737868,85.3798809,0.0,0,0,0,0,0,0,34.0,https://streetviewpixels-pa.googleapis.com/v1/thumbnail?panoid=fnRlqPO-4GEeKnve4KHkQw&cb_client=search.gws-prod.gps&w=408&h=240&yaw=334.52997&pitch=0&thumbfov=100,https://www.google.com/maps/search/?api=1&query=Laxmi%20sunrise%20bank&query_place_id=ChIJ4bJoCwAb6zkRv5KsrfSeXWg
karya binayak saving and credit co-operative limited,Bank,Bank,"M9FP+35W, Padma Store, sankhadhar chowk,, Araniko Highway, Madhyapur Thimi, Nepal",Madhyapur Thimi,27.6727344,85.3854477,5.0,1,0,0,0,0,1,36.0,https://lh3.googleusercontent.com/gps-proxy/ALd4DhEVUw-HzEf_I4_L4slliB_hpyRWXtwmlRTwZVoVWISjANPLU5-2Hl4_6TTMEednsgwyTPMk9TepbduTsaU0Yt6UsRX1T7aQ8wXWZgP4UgG7UkjZCbzlBhX44MY2bHeiPFhM_drBtR6PXUcGZDsRusjzLbD2dVlg3tvxh8Y-0XK_et7q-9KaMHHNh7qAW-7CAA2_79Q=w408-h306-k-no,https://www.google.com/maps/search/?api=1&query=karya%20binayak%20saving%20and%20credit%20co-operative%20limited&query_place_id=ChIJAQD0_G8a6zkRMBlzNYpcEYM
Nawa Adarsha Saving & Credit cooperative Ltd.,Bank,Bank,"M9FP+7QC, Araniko Highway, Madhyapur Thimi, Nepal",Madhyapur Thimi,27.6731854,85.3868984,3.0,2,0,1,0,1,0,48.0,https://lh3.googleusercontent.com/gps-cs-s/AG0ilSw9pvp2i5BM9-EkjxVdl1pv8M-y25oH8S977kOAGI0T-XyWj4ONsFKbBRL5skxignt64k3_ojg67I9EYCnKb6OfLL8p_IVJxib7BNCGuq0gpGlpKJqPUirXZatlKUjESmLcjpPT=w408-h306-k-no,https://www.google.com/maps/search/?api=1&query=Nawa%20Adarsha%20Saving%20%26%20Credit%20cooperative%20Ltd.&query_place_id=ChIJnTYjRmUa6zkRMpi0cfzo-KY
Nerudo Rural Development Organization (NERUDO) Gothatar,Bank,Bank,"M9XF+QVC, Birendra Marg, Kathmandu 44600, Nepal",Kathmandu,27.6994338,85.3746301,4.0,1,0,0,0,1,0,0.0,https://streetviewpixels-pa.googleapis.com/v1/thumbnail?panoid=LPu4n2eeO6jwczLsrqvSOw&cb_client=search.gws-prod.gps&w=408&h=240&yaw=321.5704&pitch=0&thumbfov=100,https://www.google.com/maps/search/?api=1&query=Nerudo%20Rural%20Development%20Organization%20(NERUDO)%20Gothatar&query_place_id=ChIJ97S8cxUb6zkRaajmrHl9bEI
गुण बचत तथा ऋण सहकारी संस्था लिमिटेड,Bank,Bank,"MC8H+33, Suryabinayak 44800, Nepal",Suryabinayak,27.6651643,85.4276832,0.0,0,0,0,0,0,0,45.0,https://lh3.googleusercontent.com/p/AF1QipNauAW5mAjDIrzHJ51Qx-ccl1EvrGoHAYnr-poL=w408-h306-k-no,https://www.google.com/maps/search/?api=1&query=%E0%A4%97%E0%A5%81%E0%A4%A3%20%E0%A4%AC%E0%A4%9A%E0%A4%A4%20%E0%A4%A4%E0%A4%A5%E0%A4%BE%20%E0%A4%8B%E0%A4%A3%20%E0%A4%B8%E0%A4%B9%E0%A4%95%E0%A4%BE%E0%A4%B0%E0%A5%80%20%E0%A4%B8%E0%A4%82%E0%A4%B8%E0%A5%8D%E0%A4%A5%E0%A4%BE%20%E0%A4%B2%E0%A4%BF%E0%A4%AE%E0%A4%BF%E0%A4%9F%E0%A5%87%E0%A4%A1&query_place_id=ChIJmboIh6ga6zkRG7K4ii9lNXY
"Siddhartha Bank Ltd. Kamalbinayak, Chyamhasingh Branch",Bank,Bank,"MCFQ+CQJ, Jagati-KamalBinayak Rd, Bhaktapur 44800, Nepal",Bhaktapur,27.6735949,85.439405,3.7,30,0,0,0,0,0,29.0,https://lh3.googleusercontent.com/gps-cs-s/AG0ilSya-vLHC_I6_6NXBlrL_G4w2tqFBLb7IjqKxgF8IFBv8tb23BnXYfoeduMK6jb4xEA9tEfTBhXP8YQunsm25FWrfmYHnwU_Z0BCRN4CVbt1-b9x9g9AZ9pzMgvZrhLbEX9MagYg2Q=w408-h306-k-no,https://www.google.com/maps/search/?api=1&query=Siddhartha%20Bank%20Ltd.%20Kamalbinayak%2C%20Chyamhasingh%20Branch&query_place_id=ChIJYzMxm1IF6zkR3SKjR-Fz4QA
Muktinath Bikas Bank Limited,Bank,Bank,"MCHQ+559 Nagarkot Bus Park, Jagati-KamalBinayak Rd, Bhaktapur 44800, Nepal",Bhaktapur,27.6779053,85.4379807,3.2,6,0,0,0,0,0,39.0,https://lh3.googleusercontent.com/gps-cs-s/AG0ilSxLvAhEy8AiHIfXEki0R5qi8ZyovIIZUX5f9xEnJF4h-oYWIE5njP6zealJ7Ansfk-bllpD8UzWRbsVFjpb_MpMSwOHHTfIxLVl_tBVrVfWXelhUWEbcPDoRoz5ltHKHQ7pFnhCdQ=w408-h306-k-no,https://www.google.com/maps/search/?api=1&query=Muktinath%20Bikas%20Bank%20Limited&query_place_id=ChIJiUBpFLAa6zkRgvtfXqAtiMQ
Prime Bank Chyamasingh Bhaktapur,Bank,Bank,"MCFQ+37V, Bhaktapur 44800, Nepal",Bhaktapur,27.6725038,85.4380771,3.0,2,0,0,0,0,0,46.4,https://lh3.googleusercontent.com/gps-cs-s/AG0ilSxyu3zh8Y2DSoZjZJ0pdTtTtXg243HpaGq3xPOie1DrIWl6U1HaItH1GYGo9Tq8hJBG0AFS5Omy2ja05GHhwdRedrmFfOU_IYqijRti2JkCFaoBxTAkOYbeTGJBjrBBbSRD72kt7A=w408-h544-k-no,https://www.google.com/maps/search/?api=1&query=Prime%20Bank%20Chyamasingh%20Bhaktapur&query_place_id=ChIJMR25zQIF6zkRciiVHBAB5aM
Mahalaxmi Bikas Bank Limited,Bank,Bank,"MCHQ+24W, Bhaktapur 44800, Nepal",Bhaktapur,27.6776007,85.4378384,2.5,4,0,0,0,0,0,0.0,https://lh3.googleusercontent.com/gps-cs-s/AG0ilSxzD1u4jH_AOyN2Ur6QeXgIDpjIBDBpu7MPWLmZxdbsEmQ3Iu9-95qvkhHRaCePPTEn73gj3uygDAtM3T-MZ89kiSbAKOZyO6X0jBWGm7MBInHWJYRXHD8BNoSU-_v0d9qu4VYS=w408-h306-k-no,https://www.google.com/maps/search/?api=1&query=Mahalaxmi%20Bikas%20Bank%20Limited&query_place_id=ChIJfR-qe64F6zkR_DKxmzZmAg4
National Cooperative Bank Limited,Bank,Bank,"MCHQ+5FG, Nagarkot Buspark, Jagati-KamalBinayak Rd, Bhaktapur 44800, Nepal",Bhaktapur,27.6779441,85.4387091,5.0,1,0,0,0,0,0,42.0,https://streetviewpixels-pa.googleapis.com/v1/thumbnail?panoid=D9ALgp5BFgHlQjjF7QGiKg&cb_client=search.gws-prod.gps&w=408&h=240&yaw=122.585045&pitch=0&thumbfov=100,https://www.google.com/maps/search/?api=1&query=National%20Cooperative%20Bank%20Limited&query_place_id=ChIJhXtjhFoF6zkR6WmD8NaRzis
NIC Asia Bank ATM,Bank,Bank,"MCHQ+36P, Bhaktapur 44800, Nepal",Bhaktapur,27.6777106,85.4380782,5.0,2,0,0,0,0,0,0.0,https://lh3.googleusercontent.com/gps-cs-s/AG0ilSyUYdRbtlVMZqwkisrTr3s_Aa-CFePa2aEjVUGBIY33uH0-HhvlIX36bi5nMiVX43kbv9P5Uco7ezr5GltAF418-RVEML7ykxKpI8Pen4IvhLnrg0XSt74RIbnaKfzKkXm-XwbG=w408-h544-k-no,https://www.google.com/maps/search/?api=1&query=NIC%20Asia%20Bank%20ATM&query_place_id=ChIJQ4P5-nsF6zkRDIr_c32bzdI
Central Finance Ltd.,Bank,Bank,"MCFQ+FW6, Garud Kundal Road, Bhaktapur 44800, Nepal",Bhaktapur,27.6736591,85.4397548,3.7,7,0,0,0,0,0,40.0,https://lh3.googleusercontent.com/gps-cs-s/AG0ilSwsNhCBNGhCQgJubWwEcKx2y-rejNuLGKCXeg5ok2P28cu4G8pRnqZ5y5WbhX-Te-tV9TYm_h_TrM5OCOpNZYttNG1WKAgpJ0TKzBxQ1Ll8ckpp2X_CTfKR-kEtwuHcN9kX7Sk2=w480-h240-k-no,https://www.google.com/maps/search/?api=1&query=Central%20Finance%20Ltd.&query_place_id=ChIJLXdbxFIF6zkRIlBJksce6JM
Bhaktapur Bachat,Bank,Bank,"MCFQ+RJ8, Bhaktapur 44800, Nepal",Bhaktapur,27.6745358,85.4390908,3.8,9,0,0,0,0,0,0.0,https://streetviewpixels-pa.googleapis.com/v1/thumbnail?panoid=mlZg79xVzkUSY6Kg28BGMQ&cb_client=search.gws-prod.gps&w=408&h=240&yaw=346.6784&pitch=0&thumbfov=100,https://www.google.com/maps/search/?api=1&query=Bhaktapur%20Bachat&query_place_id=ChIJv2lCYU0F6zkR8MJrnwoFUjE
प्राइम कमर्सियल बैंक लिमिटेड,Bank,Bank,"101 Araniko Highway, Bhaktapur 44800, Nepal",Bhaktapur,27.6656426,85.4298249,3.3,6,0,0,0,0,0,0.0,https://lh3.googleusercontent.com/gps-cs-s/AG0ilSyz40nm0eIx0DloxA2mZickFl73dTEbPK73btYGjBw_hkWAQ1W2JaLw4mHUJ25HcGA6_eC6AahDhkTnM4CcGSMWhVnYV_EIsc0jk0VKt_IZpMDNthDbe3EXrchGRsErjOQOBzt-=w408-h544-k-no,https://www.google.com/maps/search/?api=1&query=%E0%A4%AA%E0%A5%8D%E0%A4%B0%E0%A4%BE%E0%A4%87%E0%A4%AE%20%E0%A4%95%E0%A4%AE%E0%A4%B0%E0%A5%8D%E0%A4%B8%E0%A4%BF%E0%A4%AF%E0%A4%B2%20%E0%A4%AC%E0%A5%88%E0%A4%82%E0%A4%95%20%E0%A4%B2%E0%A4%BF%E0%A4%AE%E0%A4%BF%E0%A4%9F%E0%A5%87%E0%A4%A1&query_place_id=ChIJfRAwyJAb6zkRJ8gO4GKJJSo
Kumari Bank,Bank,Bank,"near yatayat office, Chowk Jagati-KamalBinayak Rd, Bhaktapur 44800, Nepal",Bhaktapur,27.6684141,85.4371154,2.3,3,0,0,0,0,0,0.0,https://lh3.googleusercontent.com/gps-cs-s/AG0ilSwNEr-va-M_O1lh0mhxKwb8M5p0YRi5A1P5mtBA2XHreYByEcWF08RCM9TT2YXxmmFAzbq3yVFrjXSGOr7aYZ7o0WCN7l1vyj6siRuz_Zlmowp8sbFPGOTzAdlvogfxoe7bQ8TuuA=w408-h544-k-no,https://www.google.com/maps/search/?api=1&query=Kumari%20Bank&query_place_id=ChIJHWQRG_wb6zkR8_duXghr6pc
Kamana sewa bikas bank,Bank,Bank,"MC8P+MFC, Araniko Highway, Bhaktapur 44800, Nepal",Bhaktapur,27.6666607,85.4361769,4.0,1,0,0,0,0,0,40.5,https://streetviewpixels-pa.googleapis.com/v1/thumbnail?panoid=uOXMFyc0b7nxL9UxmAOEcA&cb_client=search.gws-prod.gps&w=408&h=240&yaw=0.055656653&pitch=0&thumbfov=100,https://www.google.com/maps/search/?api=1&query=Kamana%20sewa%20bikas%20bank&query_place_id=ChIJUY9weAAb6zkRSbEvXrzWFnE
Nepal SBI Bank Ltd.,Bank,Bank,"MCC5+HP7, Araniko Highway, Bhaktapur 44800, Nepal",Bhaktapur,27.671412,85.4092883,3.3,32,0,0,0,0,0,28.0,https://lh3.googleusercontent.com/gps-cs-s/AG0ilSzO0tygP85Engc2SPTxSUoS2MdnE-Q7iLI5EYbzbIikbUfHuX-DgaFiQsWCVRjsrrGbekWUDLx337SmqrjI-tD6JwWceqCOYHyiRs9Z4VjzoIflPWN_LUiH91y7B5S5O3yiVwjHYA=w408-h306-k-no,https://www.google.com/maps/search/?api=1&query=Nepal%20SBI%20Bank%20Ltd.&query_place_id=ChIJ66bbOaYa6zkR7yvR81yKT6M
Nabil Bank Limited - Bhaktapur Branch,Bank,Bank,"MC96+X3C, Araniko Highway, Suryabinayak 44800, Nepal",Suryabinayak,27.66993,85.4101356,2.9,14,0,0,0,0,0,33.0,https://lh3.googleusercontent.com/gps-cs-s/AG0ilSxaTbWaK7tsBB0dxoVFcSnuw1URzqFMg_jiMTeuzJNe8L8kUdaspqqn39YF-daW2CJVXzujMgqBgE0vDKcudJj-Z3ePuWdWHxqKeOi-lP1bJfnER6i3Ns651AHyaIETgFeX3pzn=w408-h306-k-no,https://www.google.com/maps/search/?api=1&query=Nabil%20Bank%20Limited%20-%20Bhaktapur%20Branch&query_place_id=ChIJN1r4s5sa6zkRGHcH8ya3Shc
"Laxmi Sunrise Bank, Sallaghari Branch",Bank,Bank,"MCC5+JPW, Araniko Highway, Bhaktapur 44800, Nepal",Bhaktapur,27.6716123,85.4093394,3.4,21,0,0,0,0,0,34.0,https://lh3.googleusercontent.com/gps-cs-s/AG0ilSzm-mogrMI7fY6f74nNeLD5ul7q7BTJmGZIQkaKjsq0RfsZUYE2lRsusP_jdrdrzlTlCwx4hQgbEFHQWZgZO6CVCf5b181Vb0UnwBUdEOam-JoYBeP-huU1OqvA7mZgk5H1kPJr=w408-h306-k-no,https://www.google.com/maps/search/?api=1&query=Laxmi%20Sunrise%20Bank%2C%20Sallaghari%20Branch&query_place_id=ChIJqdRpipoa6zkRS6D5UeTPnb8
Prime Commercial Bank Ltd.,Bank,Bank,"MCC6+65G, Bhaktapur 44800, Nepal",Bhaktapur,27.6705506,85.410454,2.3,3,0,0,0,0,0,0.0,https://streetviewpixels-pa.googleapis.com/v1/thumbnail?panoid=b844ONVurSnr84LNcML-hA&cb_client=search.gws-prod.gps&w=408&h=240&yaw=55.834385&pitch=0&thumbfov=100,https://www.google.com/maps/search/?api=1&query=Prime%20Commercial%20Bank%20Ltd.&query_place_id=ChIJNw2G9CIb6zkRukX90Cj_TSU
Nabil Bank Duwakot Branch,Bank,Bank,"MCH5+GCR, Changunarayan 44800, Nepal",Changunarayan,27.6786722,85.4087069,2.3,16,0,0,0,0,0,38.0,https://lh3.googleusercontent.com/gps-cs-s/AG0ilSyOA35J3A47ktiZac8DDfKrbjfmBWPFainINTSl9hO3cs5UT2j34O-FGOij7Av0TWpFcgsev6BMkhXHSKYKGzexlYxfmYu9TEqglhvV0gqMDCMqc1scX7x2C6qt6-G5ftO3dJBH=w408-h306-k-no,https://www.google.com/maps/search/?api=1&query=Nabil%20Bank%20Duwakot%20Branch&query_place_id=ChIJG1uBteQb6zkRoAkYXOmX0o4
Parijat Saving & Credit Cooperative Ltd.,Bank,Bank,"MC95+Q7X, Araniko Highway, Suryabinayak 44800, Nepal",Suryabinayak,27.6694847,85.4082208,3.5,4,1,0,1,0,2,42.0,https://lh3.googleusercontent.com/gps-cs-s/AG0ilSyNXjCtM9rN_oQFSPHgoT3NTUTEu0bh13heDkI-M9KjjxNP6n_DDLJh88jKqIdSszJTCvNkDUyJ0RDZmA_EDC3geOROvRX7XjniClO96f3IIjf4I8PkDRP30nAMYMxJQGlN7HNZZA=w408-h544-k-no,https://www.google.com/maps/search/?api=1&query=Parijat%20Saving%20%26%20Credit%20Cooperative%20Ltd.&query_place_id=ChIJ2Yo9qZsa6zkRGv0wUDjX8hI
Heet Saving & Credit Co-operative,Bank,Bank,"MC9P+5R3, Bhaktapur 44800, Nepal",Bhaktapur,27.6678874,85.4370585,4.3,3,0,0,0,0,0,42.0,https://lh3.googleusercontent.com/gps-cs-s/AG0ilSy5RXG0FUvQ-6X0bdy7trE3n86Tq6mpAnS16ItQgFQs16AQqU5SCa2mfVjZgV3APKU2x6g2m15bxIeZbtogvLI4hJvK7AUQETOYTzqy6CXh_SB0VylKx-WiU14z-btpJL5WG_A=w408-h544-k-no,https://www.google.com/maps/search/?api=1&query=Heet%20Saving%20%26%20Credit%20Co-operative&query_place_id=ChIJzyHOUKsa6zkRpBj7v3jyz6U
Sharad Saving Co-operative,Bank,Bank,"MC9P+7QC, जगाती रोड, Bhaktapur 44800, Nepal",Bhaktapur,27.6681888,85.4368902,4.0,2,0,0,0,0,0,42.0,https://streetviewpixels-pa.googleapis.com/v1/thumbnail?panoid=7D6KNJu2x4UCylm-Ns1KMg&cb_client=search.gws-prod.gps&w=408&h=240&yaw=291.4321&pitch=0&thumbfov=100,https://www.google.com/maps/search/?api=1&query=Sharad%20Saving%20Co-operative&query_place_id=ChIJmVqsV6sa6zkRB-FKSh4il9Q
Jaya Bhawani SACCOS,Bank,Bank,"MC88+X5V, Araniko Highway, Suryabinayak 44800, Nepal",Suryabinayak,27.6673168,85.4153143,0.0,0,0,0,0,0,0,0.0,https://streetviewpixels-pa.googleapis.com/v1/thumbnail?panoid=IvoI7cDddeEYSmwuiXKOIQ&cb_client=search.gws-prod.gps&w=408&h=240&yaw=96.06019&pitch=0&thumbfov=100,https://www.google.com/maps/search/?api=1&query=Jaya%20Bhawani%20SACCOS&query_place_id=ChIJRWNJqrwb6zkRB9vjJ0tkQUQ
Central Finance Limited,Bank,Bank,"MCC5+QHM, Nagarkot Road, Bhaktapur 44800, Nepal",Bhaktapur,27.6719659,85.4089316,0.0,0,0,0,0,0,0,0.0,https://streetviewpixels-pa.googleapis.com/v1/thumbnail?panoid=sQePqnOC78T8Ezd0pb9qNg&cb_client=search.gws-prod.gps&w=408&h=240&yaw=69.219955&pitch=0&thumbfov=100,https://www.google.com/maps/search/?api=1&query=Central%20Finance%20Limited&query_place_id=ChIJq8jcmiUb6zkREtj0ebQxNto
Siddhartha Bank Gapali Suryabinayak,Bank,Bank,"MC9G+3J2, Suryabinayak 44800, Nepal",Suryabinayak,27.6676367,85.4265248,3.5,8,0,0,0,0,0,33.5,https://lh3.googleusercontent.com/gps-cs-s/AG0ilSw8FdJNXRpKxumFAUJSBC8E_Rx0uVvaqRmZeDHT2Cfhd_8iGB66v_UwxAFrGpnbC6vhi9Q_hhgR2DJ8Da0GPdDqQYuX682-TjSFRZI-kFpiiQXsk3_RcPN8D0HmITQY2y8sqDMR=w408-h450-k-no,https://www.google.com/maps/search/?api=1&query=Siddhartha%20Bank%20Gapali%20Suryabinayak&query_place_id=ChIJh4Tzl3ob6zkR4zY5TL6yGFY
Aastha Saving and Credit Society Ltd. आस्था वचत तथा ऋण सहकारी संस्था लि.,Bank,Bank,"MC9H+R7F, बोलाछें सडक, Bhaktapur 44800, Nepal",Bhaktapur,27.669582,85.4281537,0.0,0,0,0,0,0,0,48.0,https://streetviewpixels-pa.googleapis.com/v1/thumbnail?panoid=7-D9DEtKyRwIWuXgg2OKJA&cb_client=search.gws-prod.gps&w=408&h=240&yaw=52.817486&pitch=0&thumbfov=100,https://www.google.com/maps/search/?api=1&query=Aastha%20Saving%20and%20Credit%20Society%20Ltd.%20%E0%A4%86%E0%A4%B8%E0%A5%8D%E0%A4%A5%E0%A4%BE%20%E0%A4%B5%E0%A4%9A%E0%A4%A4%20%E0%A4%A4%E0%A4%A5%E0%A4%BE%20%E0%A4%8B%E0%A4%A3%20%E0%A4%B8%E0%A4%B9%E0%A4%95%E0%A4%BE%E0%A4%B0%E0%A5%80%20%E0%A4%B8%E0%A4%82%E0%A4%B8%E0%A5%8D%E0%A4%A5%E0%A4%BE%20%E0%A4%B2%E0%A4%BF.&query_place_id=ChIJ_2lEfgAb6zkRiPFExKADd40
