name,lat,lng,category,subcategory_weight,final_weight,rank,filled_rank
Genius Chinese Language Institute,27.6743095,85.4330235,Chinese language school,0.7,0.5304181019929097,61,61.0
Bhaktapur Chinese Language and Culture Center,27.6779731,85.4331964,Chinese language school,0.7,0.30666089268834384,68,68.0
Durga Dhakal,27.7010207,85.4173131,After school program,0.5,0.1794871794995069,26,26.0
Shree Padma Secondary School,27.6727274,85.4273205,Higher secondary school,1.0,0.35714285716496597,14,14.0
Basu seondary school,27.6782499,85.429387,Higher secondary school,1.0,0.3418803418886697,39,39.0
Prabhat English Higher Secondary School (Block B),27.676218,85.4303581,Higher secondary school,1.0,0.3402777777845776,48,48.0
Sainik Awasiya Mahavidyalaya - Bhaktapur,27.6709416,85.4177728,Higher secondary school,1.0,0.3397435897498767,52,52.0
Nyatapola Sec. School,27.6794887,85.4417511,Higher secondary school,1.0,0.3666666666966667,10,10.0
Adarsha Azad Higher Sec.School,27.6679894,85.4319764,Higher secondary school,1.0,0.3401360544284326,49,49.0
Shree Changu Narayan Higher Sec. School.,27.7049951,85.4180073,Higher secondary school,1.0,0.4166666667291667,4,4.0
सुर्यदीप माध्यमिक बिद्यालय,27.6687352,85.4127801,Higher secondary school,1.0,0.36111111113657407,12,12.0
Modern English Secondary School,27.675192,85.4052924,Higher secondary school,1.0,0.37500000003645834,8,8.0
Serene Ken English School,27.6780972,85.4296057,English language school,0.5,0.24104464619076063,56,56.0
Shree Deep Saraswoti English Sec. School,27.7012036,85.4411606,English language school,0.5,0.5,1,1.0
Future Star English Secondary School,27.6597613,85.4314027,English language school,0.5,0.3502416901007696,4,4.0
Kathmandu World School,27.6529379,85.4133508,International school,1.0,0.3666666666966667,10,10.0
Glory English Secondary School,27.6788125,85.4010625,International school,1.0,0.3666666666966667,10,10.0
Mainpoint Computer Institute,27.6708666,85.4291646,Computer training school,0.8,0.36842559859586693,10,10.0
Helens Computer Institute,27.6774297,85.4374605,Computer training school,0.8,0.35731448747549654,15,15.0
World Vision Computer Institute,27.6654637,85.4232435,Computer training school,0.8,0.3786511844136447,13,13.0
C.Net Computer Education,27.6659903,85.4258603,Computer training school,0.8,0.4059858263682354,34,34.0
Graphika Academy,27.6674447,85.4267293,Computer training school,0.8,0.43069501658307874,36,36.0
Animax Animation Academy Bhaktapur,27.6668076,85.4254265,Computer training school,0.8,0.4241464512619173,41,41.0
SHOVASA COMPUTER TECHNOLOGY,27.6732817,85.4382234,Computer training school,0.8,0.3586598762686288,59,59.0
Indreni Computer Institute,27.671402,85.40835,Computer training school,0.8,0.3165050793810086,50,50.0
Bhaktapur International Polyclinic,27.667315,85.4260301,Education center,0.5,0.1774193548491155,31,31.0
Fashion store,27.6653488,85.4323851,Business school,0.8,0.27099567099994376,77,77.0
Army multiple campus,27.6722437,85.4141379,Business school,0.8,0.40495383462319484,38,38.0
Suryabinayak driving centre,27.6642026,85.4258261,Driving school,1.0,0.33962264151560456,53,53.0
Antique Driving School,27.6680464,85.4310557,Driving school,1.0,0.5609139874639598,76,76.0
Driving Skill Development Centre Nepal pvt.ltd.,27.6871905,85.4303574,Driving school,1.0,0.47872158734489206,21,21.0
Duwakot driving institute,27.6869334,85.4115947,Driving school,1.0,0.450241690054103,20,20.0
Khwopa Moter Driving Training Center,27.6736055,85.4409466,Driving school,1.0,0.33809523809993197,70,70.0
Bhaktapur Motor Driving Centre,27.6723636,85.4384343,Driving school,1.0,0.4494968879905079,73,73.0
Bhaktapur Driving School,27.6763302,85.4064309,Driving school,1.0,0.5344017912163174,39,39.0
Jaya Ganesh Motor Driving Centre,27.6710435,85.4071454,Driving school,1.0,0.6368117546246087,45,45.0
Rambhole Motor Driving,27.6725645,85.4092339,Driving school,1.0,0.48948575771493835,49,49.0
suman motor driving center,27.6740871,85.4063465,Driving school,1.0,0.5515826243951552,52,52.0
H A Driving School,27.6755894,85.4141143,Driving school,1.0,0.4084255985724002,50,50.0
Demos School,27.6667586,85.4267163,Private educational institution,0.5,0.18333333334916668,20,20.0
SUVI School - सूर्यविनायक अङ्ग्रेजी माध्यमिक विद्यालय,27.6732703,85.4126085,Private educational institution,0.5,0.186274509822376,17,17.0
The Rising English Secondary School,27.6733111,85.4328498,Secondary school,0.5,0.20833333336979165,8,8.0
जेन्युइन माध्यमिक विद्यालय,27.6770749,85.4342358,Secondary school,0.5,0.186274509822376,17,17.0
Everest English School,27.676376,85.424749,Secondary school,0.5,0.18421052633240997,19,19.0
Himalaya English Sec.School,27.6787909,85.4342171,Secondary school,0.5,0.17307692308321007,52,52.0
Gundu English Secondary school,27.6622612,85.4229402,Secondary school,0.5,0.1904761904982993,14,14.0
Tara Secondary School,27.6687839,85.4269626,Secondary school,0.5,0.1851851852026749,18,18.0
"Samata Shikshya Niketan, secondary school",27.6787289,85.4406393,Secondary school,0.5,0.1944444444699074,12,12.0
Shree Nabin Lower Secondary School,27.6707692,85.4329436,Secondary school,0.5,0.21428571432653062,7,7.0
Samaj Sudhar Secondary School,27.6711793,85.4373386,Secondary school,0.5,0.186274509822376,17,17.0
Golden Sungava Secondary School,27.6816128,85.410592,Secondary school,0.5,0.1944444444699074,12,12.0
Shree Bal Chetan Lower Secondary School,27.6463911,85.4066234,Secondary school,0.5,0.2777777778518518,3,3.0
Jyoti Gyan Academy secondary school,27.660325,85.4260357,Secondary school,0.5,0.2222222222685185,6,6.0
Mount Everest School,27.6588812,85.4248061,Secondary school,0.5,0.20833333336979165,8,8.0
Unique International Academy Secondary School,27.6682648,85.402823,Secondary school,0.5,0.21428571432653062,7,7.0
EuroKids Srijananagar & Euro School Katunje Bhaktapur,27.6732128,85.400941,Secondary school,0.5,0.18750000001953127,16,16.0
KHWOPRING TAEKWONDO DOJANG,27.6740338,85.4402071,Taekwondo school,0.5,0.21474037349695216,68,68.0
ABF Driving Institute,27.6642585,85.4260681,Drivers license training school,1.0,0.3397435897498767,52,52.0
Jaya Ganesh Driving Trail Spot,27.6741808,85.4061183,Drivers license training school,1.0,0.5042394408357219,51,51.0
VHS BHAKTAPUR,27.6677716,85.4328687,German language school,0.5,0.4334522894491692,68,68.0
St. John's School(Best school in Bhaktapur),27.6694196,85.4071112,School house,0.5,0.6643701597835624,1,1.0
Santa Krishna Basic School,27.6526341,85.4263119,School house,0.5,0.5684255985658669,1,1.0
Jagriti School,27.6725807,85.4269453,Government school,1.0,0.3666666666966667,10,10.0
Nagadesh Government School,27.6845709,85.383309,Government school,1.0,0.34523809524957483,28,28.0
Mahendra Shanti School,27.6621793,85.3695434,Government school,1.0,0.34782608697038436,23,23.0
Mahendragram Higher Secondary School,27.6824797,85.4787346,Government school,1.0,0.3484848484993113,22,22.0
khyaju,27.6551008,85.4404492,Government school,1.0,0.3492063492214664,21,21.0
Shree Aazad Secondary School,27.6869266,85.4272503,Government school,1.0,0.35714285716496597,14,14.0
Subarneshwor Basic School,27.6620295,85.4119242,Government school,1.0,0.3666666666966667,10,10.0
Local library,27.6840589,85.4845907,Children's library,0.5,0.5,1,1.0
Prabhat School,27.6757616,85.4306625,Combined primary and secondary school,0.7,0.28095238099319725,7,7.0
शान्ति - निकेतन अावसीय माघ्यमिक विद्यालय,27.6670023,85.4164833,Combined primary and secondary school,0.7,0.2410852713254011,43,43.0
Bhaktapur Bartending & Barista,27.6653251,85.4254639,Bartending school,0.8,0.47289717318563557,58,58.0
Doraemon Pre School,27.6451028,85.4427153,Elementary school,0.5,0.5,1,1.0
Shanti Bhairab Basic School,27.6540003,85.4538616,Elementary school,0.5,0.20370370373662552,9,9.0
National Basic school worlang,27.6625397,85.4376381,Elementary school,0.5,0.1944444444699074,12,12.0
Bhim Aadarsha Basic School,27.6692042,85.4397979,Elementary school,0.5,0.19230769233136094,13,13.0
Shree Bharati Primary School,27.6687,85.429643,Elementary school,0.5,0.186274509822376,17,17.0
Ganesh school,27.6956945,85.4347373,Elementary school,0.5,0.5,1,1.0
RHOMBUS NATIONAL SCHOOL,27.6684703,85.4495995,Elementary school,0.5,0.5,1,1.0
Little Souls Child care and Montessori School,27.6701928,85.4042687,Elementary school,0.5,0.20833333336979165,8,8.0
Shree Katunje elementary school,27.6644992,85.4092605,Elementary school,0.5,0.5,1,1.0
Himalayan Academy Boarding School,27.6755699,85.4171709,Elementary school,0.5,0.1851851852026749,18,18.0
Vinayak Saraswoti School,27.6929298,85.4062717,Elementary school,0.5,0.5,1,1.0
"Khadka Deal,Duwakot 1",27.690913,85.4117608,Elementary school,0.5,0.23333333338666665,5,5.0
Amarjyoti Montessori,27.6751161,85.4381742,Elementary school,0.5,0.21428571432653062,7,7.0
Amarjyoti Gyankunja,27.6754056,85.438107,Elementary school,0.5,0.1944444444699074,12,12.0
Parhibhara Academy,27.6712111,85.4006973,Elementary school,0.5,0.20370370373662552,9,9.0
Gyan Sagar Education Academy,27.6714898,85.4222332,Technical school,0.5,0.1774193548491155,31,31.0
Bagiswori College,27.675307,85.4390974,University,1.0,0.6628063998706811,5,5.0
Nepal Innovation Centre,27.6709235,85.4363431,University,1.0,0.4444444445185185,3,3.0
Khec library,27.6709871,85.4392,University,1.0,0.44317174609447524,5,5.0
Saraswathi Vidyagraha,27.6757599,85.4362276,University,1.0,0.3888888889351852,6,6.0
Sajita majhi,27.6728868,85.4039087,University,1.0,0.35416666668619795,16,16.0
Sharada Campus,27.6796905,85.4445284,University,1.0,0.4876161905596604,3,3.0
Bhaktapur Multiple Campus,27.6691024,85.4208909,University,1.0,0.6973895703800631,8,8.0
Nepal Vocational Academy,27.6759344,85.4358982,Training center,0.5,0.5863434920822838,1,1.0
Specialty Barista Training (SBT),27.6713414,85.4212691,Training center,0.5,0.5744459161471012,2,2.0
Luniva Barista Training Institute,27.6748183,85.4313468,Training center,0.5,0.38937512245886063,3,3.0
Pioneer Training Centre,27.6734435,85.4244025,Training center,0.5,0.2500000000625,4,4.0
CETSC - License Trial & Operator Training Center,27.6767868,85.4075952,Training center,0.5,0.44515809633575376,12,12.0
Vygotsky Edu Center,27.6642655,85.4294771,Training center,0.5,0.22944625586351788,17,17.0
Dreams Animation Academy & Studios,27.6674822,85.426961,Training center,0.5,0.41902652871795637,20,20.0
Unique Japanese Language School,27.6659563,85.42533,Training center,0.5,0.23206063495077153,15,15.0
Techcare Chip Level Repairing and Training Center,27.6698082,85.4105266,Training center,0.5,0.28774169005780087,16,16.0
Sita Ram Tamakhu,27.6693527,85.4283605,Training center,0.5,0.1770833333434245,32,32.0
Khwopa Fashion Instutute,27.666577,85.425133,Training center,0.5,0.1767676767774717,33,33.0
"Suraj Naga, Lakolachhen",27.6693099,85.4284764,Training center,0.5,0.175000000008125,40,40.0
Saraswati English School,27.675735,85.4362819,Middle school,0.7,0.2484848484993113,22,22.0
Students' Academy,27.6652974,85.4198732,Middle school,0.7,0.2541666666861979,16,16.0
Image secondary school,27.6679048,85.4361339,Middle school,0.7,0.2541666666861979,16,16.0
Ruby Valley School,27.6635041,85.4269349,Middle school,0.7,0.2611111111365741,12,12.0
Little Garden English Secondary School,27.6581203,85.4121137,Middle school,0.7,0.4000000000833333,2,2.0
Unity english secondary school,27.6623541,85.409234,Middle school,0.7,0.31666666672916666,4,4.0
St johns English boarding school,27.6697355,85.4065883,Middle school,0.7,0.2541666666861979,16,16.0
binodtamang,27.6575662,85.4259582,Middle school,0.7,0.2703703704032922,9,9.0
Prowess Academy English Secondary School,27.667697,85.4380207,Middle school,0.7,0.2508771929990766,19,19.0
Shree Ganesh Basic School,27.689543,85.4085753,Middle school,0.7,0.34444444451851847,3,3.0
Tejaswee Pathshala,27.6699275,85.4097536,Middle school,0.7,0.25185185186934156,18,18.0
"Dekocha, Bhaktpur",27.670994,85.4298429,Middle school,0.7,0.2703703704032922,9,9.0
Gatthaghar,27.6709997,85.4298171,Middle school,0.7,0.2541666666861979,16,16.0
First step Montessori,27.6605568,85.4385723,Preschool,0.5,0.3462033764177188,3,3.0
"EuroKids, Suryabinayak",27.6635858,85.4356702,Preschool,0.5,0.3615973446695088,4,4.0
We Kids School,27.6612573,85.4205433,Preschool,0.5,0.42585478271431443,5,5.0
Morning Glory Kindergarten,27.6703865,85.4415235,Preschool,0.5,0.2900471958189093,9,9.0
Child Heaven Pre-School,27.6691274,85.4247273,Preschool,0.5,0.2431717460711419,10,10.0
Seraph World Pre - School,27.6708385,85.4221894,Preschool,0.5,0.24014144303838705,11,11.0
Anshumali Pre-Primary School,27.6648316,85.4117597,Preschool,0.5,0.2628700430357744,12,12.0
The Great Beginning Education Foundation (Pre School),27.6669158,85.4276983,Preschool,0.5,0.186274509822376,17,17.0
Shubharambha Pre School,27.6792107,85.4047827,Preschool,0.5,0.2854268752409445,18,18.0
Kamal Binayak Kinder School,27.6781339,85.4375155,Preschool,0.5,0.18421052633240997,19,19.0
Amarawati Modern Academy,27.6827505,85.4497263,Preschool,0.5,0.5,1,1.0
Smart kids Montessori,27.6948454,85.4402371,Preschool,0.5,0.33333333341666666,2,2.0
Shree Bal Sewak Lower Sec. School,27.6693729,85.4339686,Preschool,0.5,0.19696969699724517,11,11.0
Himalayan Glory English School,27.6738973,85.4242467,Preschool,0.5,0.1851851852026749,18,18.0
Siddhartha Academy,27.6721087,85.4036271,Preschool,0.5,0.3363434921447838,4,4.0
Shikchhyalaya Montessori,27.6909221,85.411736,Preschool,0.5,0.2222222222685185,6,6.0
Wee Can Pre-School Bhaktapur-Nepal,27.6554638,85.4048932,Preschool,0.5,0.1825396825547997,21,21.0
Lama Thanka Center,27.6713261,85.4277296,Drawing lessons,0.5,0.3723306355042367,13,13.0
स्लाश एजुकेशन फाउण्डेसन प्रा.लि.,27.6659578,85.4253128,Educational institution,0.5,0.4103439349303306,86,86.0
Suryabinayak Mini Krishi Farm,27.6657136,85.427336,Farm school,0.5,0.17251461988878627,57,57.0
Aarogya Farms Katunje,27.6604304,85.4084352,Farm school,0.5,0.27523238099191344,15,15.0
Vidyarthi Niketan School - Bhaktapur,27.6721365,85.4297881,School center,0.5,0.38937512245886063,3,3.0
Shree Springdale S B School,27.6406042,85.431487,School center,0.5,0.38659238205208096,6,6.0
Bhaktapur Maple School,27.6599338,85.4258096,School center,0.5,0.24014144303838705,11,11.0
See result Online,27.6691065,85.4060715,School center,0.5,0.26842559859586695,10,10.0
Pragya English School,27.6893492,85.4120976,Boarding school,0.7,0.25294117648904263,17,17.0
Manoram Boarding School,27.6693151,85.4045028,Boarding school,0.7,0.25185185186934156,18,18.0
Apex Boarding High School,27.65994,85.425774,Boarding school,0.7,0.2589743589980276,13,13.0
Icon Music,27.6759639,85.437378,Music school,0.5,0.27211669004339656,64,64.0
Nepali traditional Music Studio,27.6827708,85.4493108,Music school,0.5,0.1794871794995069,26,26.0
"Sankalpa institute of Music, Dance and Arts",27.6706317,85.4093747,Music school,0.5,0.1756756756844412,37,37.0
Fusion Music And Dance Academy,27.6762311,85.4375939,Music school,0.5,0.37565346252650694,55,55.0
Mukti Music Training Center,27.671551,85.4302259,Music school,0.5,0.24064782079355215,60,60.0
Sa Re Ga Ma Music School & RecordingStudio,27.6716621,85.4079405,Music school,0.5,0.175000000008125,40,40.0
Unity thangka,27.6730727,85.4346271,Art school,0.7,0.2827943875567465,53,53.0
Bajrala Thangka Painting School,27.6725729,85.4292055,Art school,0.7,0.3762451365316237,55,55.0
Historical Thangku Art School,27.6731633,85.4347781,Art school,0.7,0.23918128655545293,57,57.0
Traditional Thanka Painting School,27.672697,85.429784,Art school,0.7,0.32523238097663565,60,60.0
Geniune Thanka Painting School,27.6701003,85.4277698,Art school,0.7,0.35110351745257345,54,54.0
Peace Thanka Centre,27.6694639,85.4278085,Art school,0.7,0.23816425121249038,69,69.0
IEC School of Art & Fashion,27.6709844,85.4097768,Art school,0.7,0.34051015876848173,16,16.0
Destiny Tuition Centre,27.671988,85.4313619,Special education school,0.5,0.1720430107579778,62,62.0
Satprayas Special Needs School Nepal,27.6677801,85.4323108,Special education school,0.5,0.1720430107579778,62,62.0
Saras Pathshala School Bhaktapur,27.6634478,85.4430159,Special education school,0.5,0.18333333334916668,20,20.0
Khwopa College (TU Affiliated),27.678014,85.4324319,College,1.0,1.0,1,1.0
BMC Bsc. Csit Block,27.6688451,85.4213352,College,1.0,0.5684255986492003,2,2.0
ICH COLLEGE [INSTITUTE OF COMMUNITY HEALTH],27.6703725,85.4195802,College,1.0,0.4166666667291667,4,4.0
Khwopa Engineering College(Block A),27.67096,85.4399895,College,1.0,0.5615851821570117,8,8.0
Nicholson College / Secondary School,27.6732361,85.4051609,College,1.0,0.5968043065053638,12,12.0
Madan Ashrit College,27.6700454,85.4129891,College,1.0,0.42739995756389454,13,13.0
Aadarsha Azad College,27.6679931,85.4319817,College,1.0,0.35714285716496597,14,14.0
BMC Computer and Science Office,27.6689445,85.421577,College,1.0,0.3555555555762963,15,15.0
BMC BBA Block,27.6698504,85.4218693,College,1.0,0.3888888889351852,6,6.0
Iwamura College of Health Science,27.6723726,85.4112782,College,1.0,0.5822094050485707,9,9.0
स्व.वि.यु भवन,27.6697991,85.4209875,College,1.0,0.3666666666966667,10,10.0
BMC BBM/BIM/BCA Block,27.6697816,85.4206096,College,1.0,0.40680810970505377,11,11.0
Universal Modern College/ Modern English Secondary School,27.6745078,85.4051265,College,1.0,0.5521075033754905,16,16.0
BMC Basketball Court,27.668975,85.4203313,College,1.0,0.39611292253018454,17,17.0
Iwamura College of Health Science (Nursing Unit),27.6649571,85.4259719,College,1.0,0.35087719299907666,19,19.0
Kathmandu Medical College Basic Science Building,27.6810936,85.4120632,College,1.0,0.45983841277030857,4,4.0
Oxford Practical English School / College,27.6746985,85.4085805,College,1.0,0.35000000001583337,20,20.0
Kirtipur,27.6865852,85.4581859,College,1.0,0.6666666666666666,1,1.0
KHWOPA POLY-TECHNIC INSTITUTE ENGINEERING DEPARTMENT,27.6797432,85.4446131,College,1.0,0.6493497033698392,2,2.0
Rhombus National Collage,27.6781129,85.4447394,College,1.0,0.6119567346974311,4,4.0
Prajwol House,27.683519,85.4520142,College,1.0,0.38095238099319734,7,7.0
Kathmandu Medical College,27.6872117,85.4082908,College,1.0,0.6171389909553775,14,14.0
Sanothimi college hostel,27.6793164,85.4030016,College,1.0,0.3518518518693416,18,18.0
Chakrabarti Habi Education Academy - College of Health Science,27.6738432,85.4020597,College,1.0,0.5583904478480242,8,8.0
Rajdhani national collage,27.6780668,85.4446684,College,1.0,0.37500000003645834,8,8.0
Sainik School for Bachelor Studies,27.6727143,85.414011,College,1.0,0.4813670899927673,18,18.0
Holy Garden English Secondary School,27.675965,85.4294723,General education school,0.5,0.2500000000625,4,4.0
Jaycees English School,27.6736511,85.4269509,General education school,0.5,0.23333333338666665,5,5.0
Khwopa Secondary School,27.6778469,85.4330416,General education school,0.5,0.19696969699724517,11,11.0
MVA - Mahendra Vidya Ashram Bhaktapur Pvt. Ltd.,27.6673333,85.4238851,General education school,0.5,0.1740740740813169,45,45.0
SIpadol School,27.6435494,85.4330036,General education school,0.5,0.1904761904982993,14,14.0
Global Life School,27.6774145,85.4413497,General education school,0.5,0.23333333338666665,5,5.0
Lisha English Secondary School,27.6733164,85.4423558,General education school,0.5,0.18888888890962963,15,15.0
Prasadi Pathshala Montessori School,27.6659218,85.4333593,General education school,0.5,0.17424242424982783,44,44.0
United school,27.6946888,85.4304223,General education school,0.5,0.2777777778518518,3,3.0
Manakamana English Secondary School,27.6783436,85.4381422,General education school,0.5,0.18888888890962963,15,15.0
BAL BHUSAN SCHOOL,27.7032295,85.4284575,General education school,0.5,0.20370370373662552,9,9.0
Kids Town Montessori School,27.6953638,85.4105258,General education school,0.5,0.1825396825547997,21,21.0
Golden Gate English Secondary School,27.67759,85.4310296,High school,1.0,0.3888888889351852,6,6.0
Medha Secondary School,27.6708989,85.4249715,High school,1.0,0.36111111113657407,12,12.0
Sooryodaya Secondary School,27.6704593,85.4339449,High school,1.0,0.3518518518693416,18,18.0
Mount Valley English Secondary School,27.6759807,85.4356293,High school,1.0,0.35000000001583337,20,20.0
भक्तपुर,27.6764293,85.432703,High school,1.0,0.34090909091649446,44,44.0
Hostel Basu,27.6775416,85.4302587,High school,1.0,0.3407407407479835,45,45.0
Dattatraya Lower Secondary School,27.67379,85.4354319,High school,1.0,0.34057971015201643,46,46.0
जाेरपाटी माध्यमिक विद्यालय,27.6723979,85.4228803,High school,1.0,0.3401360544284326,49,49.0
Little World English Secondary School,27.6696545,85.4199713,High school,1.0,0.4444444445185185,3,3.0
Gyan Tara English Secondary School,27.6681374,85.424071,High school,1.0,0.4166666667291667,4,4.0
Sunshine National School,27.6685867,85.4214808,High school,1.0,0.4000000000533333,5,5.0
NR.Secondary School,27.6704694,85.4217939,High school,1.0,0.38095238099319734,7,7.0
Glitter Future (Secondary) School,27.6685794,85.4249608,High school,1.0,0.37500000003645834,8,8.0
AJ School,27.6646266,85.4225146,High school,1.0,0.3636363636639119,11,11.0
Pentagon Open School,27.6705774,85.4218015,High school,1.0,0.35294117648904266,17,17.0
Future Star English School,27.6712289,85.4245736,High school,1.0,0.35087719299907666,19,19.0
Zenith English Sec. School,27.6695516,85.423642,High school,1.0,0.3412698412775888,42,42.0
विद्यालय,27.6664326,85.4216148,High school,1.0,0.3400000000065333,50,50.0
Shree Bhuvaneshwari Secondary School,27.6491017,85.4509896,High school,1.0,0.4444444445185185,3,3.0
NASEMEP,27.6830176,85.4478714,High school,1.0,0.4166666667291667,4,4.0
East point academy ( school ),27.6795914,85.4431793,High school,1.0,0.3888888889351852,6,6.0
Wiseland Sec.School,27.6676649,85.4346173,High school,1.0,0.35000000001583337,20,20.0
Vidhya Arjan English Secondary School,27.6671338,85.4328354,High school,1.0,0.4444444445185185,3,3.0
PROXIMA INTERNATIONAL ACADEMY,27.667432,85.432278,High school,1.0,0.3518518518693416,18,18.0
Vidhya Vikash Sec.Boarding School,27.6676646,85.4353954,High school,1.0,0.3437500000100911,32,32.0
Bal Vikash English Secondary School,27.6706248,85.4424652,High school,1.0,0.3888888889351852,6,6.0
Khwopring English Secondary School,27.6708125,85.4408125,High school,1.0,0.37500000003645834,8,8.0
Nabin English School,27.7062224,85.418453,High school,1.0,0.38095238099319734,7,7.0
North East English Secondary School,27.6988557,85.4177164,High school,1.0,0.37500000003645834,8,8.0
Om Secondary School,27.6657876,85.4036484,High school,1.0,0.3703703704032922,9,9.0
Gundu,27.6412431,85.414341,High school,1.0,0.4444444445185185,3,3.0
St.John's English School,27.6716994,85.4078166,High school,1.0,0.35714285716496597,14,14.0
Rajarshi Gurukul,27.6712333,85.4103412,High school,1.0,0.3703703704032922,9,9.0
Gehendra house sainik school,27.6738563,85.4161071,High school,1.0,0.3703703704032922,9,9.0
Bhaktapur Dance Academy,27.6641126,85.4220125,Dance school,0.8,0.33959676974148173,74,74.0
Dynamic Dance Destination,27.6734266,85.4412374,Dance school,0.8,0.3577049944343303,71,71.0
manisundara library,27.6710207,85.42326,Library,0.7,0.35983841277030854,4,4.0
Central Library-SAMB,27.6710999,85.4172166,Library,0.7,0.3431717460944752,5,5.0
unity reading,27.6697823,85.428685,Library,0.7,0.28888888893518516,6,6.0
Garden of Books (Reading Room in Bhaktapur),27.6648373,85.4194059,Library,0.7,0.5023924847738875,7,7.0
Pragati Pustakalaya,27.6735701,85.4372858,Library,0.7,0.2750000000364583,8,8.0
Digital Library SAMB,27.671363,85.417264,Library,0.7,0.3135421164444341,9,9.0
bmc library,27.6698132,85.4208663,Library,0.7,0.26666666669666667,10,10.0
Kanchan Library (Reading Room),27.6779189,85.3950804,Library,0.7,0.4726869842179009,5,5.0
Asmita's Study Room,27.6734504,85.3759689,Library,0.7,0.4646847629896704,14,14.0
Be Cool Reading Home,27.6755158,85.3926778,Library,0.7,0.34051015876848173,16,16.0
NEC Library,27.7101758,85.4149457,Library,0.7,0.4863434921656171,2,2.0
YOUKOSO JAPANESE LANGUAGE CENTRE,27.6716781,85.4348008,Language school,1.0,0.3822522058169049,58,58.0
Nyatapola Japanese Institute,27.672412,85.4314699,Language school,1.0,0.3384615384665877,65,65.0
Alpha Korean Language School,27.6654709,85.4237743,Language school,1.0,0.5209320340893702,44,44.0
Ashai Japanese Language & Culture Center,27.665965,85.424719,Language school,1.0,0.46994077004526064,47,47.0
Saino Japanese Language School,27.6659563,85.4246072,Language school,1.0,0.3825656854410317,55,55.0
Bhaktapur Japanese Language Institute,27.6650691,85.4254818,Language school,1.0,0.5352900679747977,50,50.0
RC Language & Study Abroad Pvt. Ltd.,27.6662511,85.4264714,Language school,1.0,0.3811999150598551,71,71.0
Kavi Ram Language Instutute,27.669418,85.4276529,Language school,1.0,0.33777777778216295,75,75.0
Awakening Language Instutute,27.666621,85.424781,Language school,1.0,0.3376068376110563,78,78.0
"Language Classes (IELTS, PTE, Japanese and Korean)",27.667468,85.4267195,Language school,1.0,0.4057271858713752,84,84.0
Bal Mandir School,27.6719265,85.4274701,Primary school,0.5,0.5,1,1.0
Shree Basic School श्री आधारभूत विद्यालय,27.6734994,85.4324365,Primary school,0.5,0.18888888890962963,15,15.0
Shree Hansa Bahini Basic School,27.6755938,85.4331948,Primary school,0.5,0.17460317461092215,42,42.0
"Kamalbinayak-10, Bhaktapur",27.6757318,85.4331137,Primary school,0.5,0.17375886525516826,47,47.0
Shree Sarda Primary School,27.6684436,85.4249031,Primary school,0.5,0.2222222222685185,6,6.0
Shanti Niketan School,27.6683452,85.4276836,Primary school,0.5,0.19230769233136094,13,13.0
श्री जनसेवा प्राथमिक विद्यालय,27.6689,85.4263656,Primary school,0.5,0.175000000008125,40,40.0
Dyola Primary School,27.6691694,85.4304783,Primary school,0.5,0.20000000002999999,10,10.0
Shree Dandapati Primary School,27.6600561,85.4596201,Primary school,0.5,0.186274509822376,17,17.0
Deuja Gaun Basic School,27.6571887,85.4628552,Primary school,0.5,0.1851851852026749,18,18.0
Aradhana Gyankunja,27.693614,85.448899,Primary school,0.5,0.5,1,1.0
"""Tranquil"" Ratna Shikshya Sadan English School",27.6954508,85.4495013,Primary school,0.5,0.2777777778518518,3,3.0
Chandeshworee Basic School,27.6685976,85.4338103,Primary school,0.5,0.17543859649976914,38,38.0
KiDSCARE SCHOOL,27.6884826,85.4298079,Primary school,0.5,0.33333333341666666,2,2.0
Phaidhoka School फैढोका स्कुल,27.6697111,85.4649894,Primary school,0.5,0.20000000002999999,10,10.0
Kids Town Montessori School,27.6970151,85.4204217,Primary school,0.5,0.186274509822376,17,17.0
Setidevi Basic School,27.6628717,85.4175995,Primary school,0.5,0.2777777778518518,3,3.0
Shree yapee Bhairab Basic School,27.6986063,85.42053,Primary school,0.5,0.20833333336979165,8,8.0
Mamti National Academy,27.6617003,85.4218031,Primary school,0.5,0.23333333338666665,5,5.0
"Gurukul Bidyamandir, Changunarayan-1, Duwakot",27.7018429,85.4139654,Primary school,0.5,0.2777777778518518,3,3.0
Shree Santati Basic School,27.6738014,85.4042594,Primary school,0.5,0.21428571432653062,7,7.0
Trillium Montessori Kinderworld And Training Centre,27.6645277,85.4243392,Montessori preschool,0.5,0.19230769233136094,13,13.0
Kid’s garde Montessori school duwakot,27.686418,85.41323,Montessori preschool,0.5,0.23206063495077153,15,15.0
Baby bunny montessori,27.6738731,85.4272014,Montessori preschool,0.5,0.186274509822376,17,17.0
Little Treasures Montessori,27.6625333,85.4326271,Montessori preschool,0.5,0.3017589319525336,5,5.0
Prahnir Pen to Paper,27.7032735,85.4324091,School supply store,0.5,0.2675029123860015,23,23.0
Goden Gate Kids' Villa,27.6777709,85.4307883,Montessori school,0.5,0.17320261438549275,51,51.0
Wings Montessori,27.6678143,85.4142732,Montessori school,0.5,0.18055555556886574,24,24.0
S.S. Montessori Pre-School,27.6677247,85.410312,Montessori school,0.5,0.18421052633240997,19,19.0
Kikampa Montessori International,27.6647404,85.4302258,Montessori school,0.5,0.17179487179992112,65,65.0
Dolphin Kids World,27.6677113,85.4103372,Montessori school,0.5,0.17592592593492798,36,36.0
Rajaswi Pathshala,27.6814747,85.4028133,Montessori school,0.5,0.2500000000625,4,4.0
