name,lat,lng,category,final_weight,rank,filled_rank
Jhaur Bahi (Mangal Dharmadeep Mahavihar),27.6723509,85.4331308,Buddhist temple,0.7919091046015114,1,1.0
YAAN Vihar (рдпрд╛рдБ рдмрд┐рд╣рд╛рд░),27.6758948,85.4350299,Buddhist temple,0.5749080037457376,2,2.0
Dipankar Vihar,27.674884,85.4343098,Buddhist temple,0.5866381431134947,3,3.0
Indravarna Mahavihara (Inacho Baha),27.6721262,85.4342487,Buddhist temple,0.5298819938230065,4,4.0
Prashanasil Mahabihar,27.674612,85.4341282,Buddhist temple,0.4672856949859052,5,5.0
Taumadhi Dabu (Tamari Dabu),27.670996,85.4294692,Buddhist temple,0.4891375835628345,6,6.0
Subarna Mahavihar,27.6725635,85.4315305,Buddhist temple,0.472811645315733,7,7.0
Manjuvarna Mahavihar,27.6747634,85.4339378,Buddhist temple,0.4422856949690302,8,8.0
Pasu Mahabihar,27.6746988,85.4342383,Buddhist temple,0.3993487419044286,9,9.0
рдЪрддреБрдмреНрд░рд╣реНрдо рдорд╣рд╛рд╡рд┐рд╣рд╛рд░ (Chatubramha Mahavihar),27.6718526,85.4292919,Buddhist temple,0.4480192405635958,10,10.0
Lokeshwor Vihar,27.6720648,85.4255366,Buddhist temple,0.43854436732631613,11,11.0
Namobuddha - Namra bhagawan,27.672358,85.4328854,Buddhist temple,0.41906785413884684,12,12.0
Jetavarna Mahabihar,27.6713007,85.4254977,Buddhist temple,0.4169311020003004,13,13.0
Dolma sungjon.. pilgrimage site Ladakh,27.6749099,85.4342562,Buddhist temple,0.3861212286661024,14,14.0
Shree Indravarta Mahabihar.,27.6721575,85.4342336,Buddhist temple,0.4369081294432254,15,15.0
Mangal Dharma Dip Gumba,27.6759009,85.4350471,Buddhist temple,0.3831450381873343,16,16.0
Hunman tol bhaktpur,27.674766,85.4273979,Buddhist temple,0.35294117648904266,17,17.0
щЗСхИЪшРихЮЫ,27.674726,85.433739,Buddhist temple,0.3518518518693416,18,18.0
Lokeshvara Vihara рд╢реНрд░реА рдкрджреНрдордкрд╛рдгреА рд▓реЛрдХреЗрд╢реНрд╡реЛрд░,27.6721547,85.4255997,Buddhist temple,0.4181628879316486,19,19.0
Kutu Bahi рдХреБрдЯреБ рдмрд╣реА (рд╢реБрдХреНрд░рд╡рд░реНрдг рдорд╣рд╛рдмрд┐рд╣рд╛рд░),27.671741,85.4229682,Buddhist temple,0.44626406644954164,20,20.0
Dawasumba buddhist temple,27.6748736,85.4343951,Buddhist temple,0.34234234235110783,37,37.0
Tara Devi temple,27.6749118,85.4343539,Buddhist temple,0.43332267896461385,41,41.0
Boudha,27.7015916,85.3807886,Buddhist temple,0.4178672604363216,6,6.0
Nagadesh Buddha Vihar,27.6852648,85.3819106,Buddhist temple,0.5454694157294437,8,8.0
Gungachiwa Buddha Temple,27.68265,85.387292,Buddhist temple,0.4807013157713577,9,9.0
Pati Bihar,27.6820615,85.3885784,Buddhist temple,0.5176281416437079,10,10.0
GANKHU BUDHHA STUPA рдЧрд╛рдБрдЦреБ рдмреБрджреНрдз рд╕реНрддреБрдкрд╛,27.6856231,85.3965742,Buddhist temple,0.4215931066661847,11,11.0
"Buddha Chowk Marga, Nagadesh",27.6850047,85.3798993,Buddhist temple,0.41906785413884684,12,12.0
"Buddha Stupa chawaso, Nagadesh",27.6843864,85.3847137,Buddhist temple,0.43388236266043184,13,13.0
Buddha Chaitya,27.68225,85.3867509,Buddhist temple,0.38453392707743267,15,15.0
Bhramha nani tol,27.6803344,85.3863016,Buddhist temple,0.41089791949131554,17,17.0
Lord Buddha,27.6820847,85.3866318,Buddhist temple,0.39680682516034455,19,19.0
ЁСРРЁСР╕ЁСРЮ ЁСРОЁСР╢ЁСРмЁССВЁСРЯЁСР╢ ЁСРйЁСР┤ЁСР╡ЁСРзЁСР╢ЁСР┤ЁСР╡ЁСРм Guna Kirti Mahabihar,27.6795699,85.3859575,Buddhist temple,0.46752273882745254,11,11.0
Thimi Gunla Baja khala,27.6794693,85.3860036,Buddhist temple,0.40704074329784196,12,12.0
ЁСР│ЁСР┤ЁСР▒ЁССВЁСРмЁСРиЁСР╕ЁСРЦ ЁСРоЁССАЁСРОЁСР╛ЁСР▒ЁССВЁСР░ЁСРм Manjushree,27.6804895,85.3837643,Buddhist temple,0.41509960016723885,14,14.0
Kon Chuka,27.6767515,85.3857006,Buddhist temple,0.38453392707743267,15,15.0
BUDDHA STUPA,27.6803229,85.3859458,Buddhist temple,0.435519240553127,16,16.0
Chiwaa Dyo,27.6762944,85.3857227,Buddhist temple,0.3819195479901791,17,17.0
Soyaumbhu,27.6975381,85.3682899,Buddhist temple,0.41913754680191345,18,18.0
neupane niwas,27.6865495,85.3866087,Buddhist temple,0.35000000001583337,20,20.0
Urgen Sange Choling Gumba,27.6597999,85.419586,Buddhist temple,0.5117301394510904,3,3.0
рдорд╛рд▓реА рдЧрд╛рдЙрдБ рдмреБрджреНрдз рдкрд╛рд░реНрдХ,27.6375019,85.4467447,Buddhist temple,0.48395236166173855,4,4.0
Hyangla Adibashi Tamang Samaj,27.6593843,85.4195931,Buddhist temple,0.4348185210964531,6,6.0
рдЧреНрдпрд╛рд▓реНрдмреЛ рдЫреНрдпреЛрдЗрд▓рд┐рдЩ рдЧреБрдореНрдмрд╛,27.6451028,85.4427153,Buddhist temple,0.3589743589980276,13,13.0
Gombo gang\Gumba gang,27.6564647,85.4323945,Buddhist temple,0.3861212286661024,14,14.0
Statue of Buddha,27.6621619,85.4454347,Buddhist temple,0.4521005464969909,18,18.0
Lokeshwor Temple (ЁСРеЁСРбЁССВЁСРйЁСРеЁСР╡ЁСРЮЁСР╖ ЁСРоЁССАЁСРОЁСР╛ЁСР▒ЁССВЁСР░ЁСРм),27.6763256,85.3856115,Buddhist temple,0.43205086082737026,14,14.0
Samir2532k,27.6817734,85.3865251,Buddhist temple,0.3518518518693416,18,18.0
Chaitya,27.6779913,85.3858054,Buddhist temple,0.35087719299907666,19,19.0
Jiswa bahal,27.6818067,85.3865569,Buddhist temple,0.35000000001583337,20,20.0
Bachamari Buddha Sthali,27.6624065,85.4453921,Buddhist temple,0.4610292323285066,14,14.0
рдЪрд┐рд╡рд╛рдГрджреНрдп (ЁСРФЁСР╢ЁСР░ЁСР╡ЁССЕЁСРбЁССВЁСРлЁССЕ) рддрдЫреБ рддреНрд╡рд╛:,27.6750051,85.3846041,Buddhist temple,0.38095238099319734,7,7.0
Akshyobhya Buddha Statue,27.638805,85.4388902,Buddhist temple,0.4166666667291667,4,4.0
Dong Niwas,27.6819618,85.4158133,Buddhist temple,0.3789783715169697,20,20.0
Namo buddha,27.659331,85.423161,Buddhist temple,0.4000000000533333,5,5.0
Buddhist Philosophy & Meditation Centre,27.6615905,85.422583,Buddhist temple,0.38095238099319734,7,7.0
Jetvarna Vihar / Dathu Baha Chapachwo,27.6812757,85.3865367,Buddhist temple,0.35087719299907666,19,19.0
Nigu Pukhu Chaitya,27.6786487,85.3855929,Buddhist temple,0.34313725491147634,34,34.0
Jet barna mahavihar (рдЬреЗрддрдмрд░реНрдг рдорд╣рд╛рдмрд┐рд╣рд╛рд░) Dathu bahi,27.6812802,85.3863301,Buddhist temple,0.3428571428663945,35,35.0
Suryamadhi Buddha Stupa,27.673402,85.4374246,Buddhist temple,0.4422856949690302,8,8.0
Tumbahal,27.6730954,85.4375166,Buddhist temple,0.35416666668619795,16,16.0
Akhandashil Maha Vihar (Akha Baha),27.6702456,85.4281951,Buddhist temple,0.41906785413884684,12,12.0
Dhading charange,27.6644841,85.4090714,Buddhist temple,0.4444444445185185,3,3.0
Thrangu sekhar,27.6709939,85.4298429,Buddhist temple,0.35000000001583337,20,20.0
Nyatapola Temple,27.6713593,85.4293285,Hindu temple,0.9967196348767439,1,1.0
Dattatraya Temple рджрддреНрддрд╛рддреНрд░рдп рдордиреНрджрд┐рд░,27.6734281,85.4353788,Hindu temple,0.78691099662827,2,2.0
Siddhi Vatsala Temple,27.6720314,85.4287688,Hindu temple,0.5965208376141218,3,3.0
Bhagwati,27.6721405,85.4288012,Hindu temple,0.5205530418927073,4,4.0
Indrayani Temple,27.6731876,85.4268204,Hindu temple,0.5552531323798143,5,5.0
Mayaju Temple (рдордпрдЬреБ рдордиреНрджрд┐рд░),27.6713333,85.4297626,Hindu temple,0.4178672604363216,6,6.0
Navadurga Dyo Chhen Temple рдирд╡рджреБрд░реНрдЧрд╛ рджреНрдпрдГ рдЫреЗрдБ,27.6751675,85.4357768,Hindu temple,0.6137478971575239,7,7.0
Siddhi Ganesh Temple,27.6733542,85.4332882,Hindu temple,0.4980980216309252,8,8.0
Shilu Mahadev - Phasi Dega,27.6723271,85.4289579,Hindu temple,0.5455270686933457,9,9.0
Indrayani Dyochen,27.672445,85.4268668,Hindu temple,0.4125962988579346,10,10.0
Nс╣Ыtya vatsal─Б temple,27.6719316,85.4284204,Hindu temple,0.521841801293834,11,11.0
Laxmi Narasingha Temple,27.6705969,85.4289901,Hindu temple,0.4770245971411197,12,12.0
Balakhu Ganesh Temple,27.6726042,85.4294198,Hindu temple,0.4693053043660931,13,13.0
Hemadyo рд╣реЗрдорджреНрдпреЛ,27.6735024,85.432488,Hindu temple,0.3861212286661024,14,14.0
Bhaju Temple (рднрд╛рдЬреБ рдордиреНрджрд┐рд░),27.6713081,85.430077,Hindu temple,0.38453392707743267,15,15.0
рд╕рд┐рдо рджреНрдп: (Sim God),27.6716284,85.435012,Hindu temple,0.4121234096884708,16,16.0
Uma Maheshwor Temple,27.6724003,85.4301723,Hindu temple,0.4342937503559718,17,17.0
Indra Siddhi Binayak,27.672318,85.4328092,Hindu temple,0.38083022337047795,18,18.0
Nasha Temple,27.674292,85.4345713,Hindu temple,0.43781230750248595,19,19.0
Yachhen Ganesh Temple,27.6734284,85.432418,Hindu temple,0.4810854588868608,20,20.0
buddhist stupa,27.6723724,85.4326323,Hindu temple,0.4089523616073636,40,40.0
Wakupati Narayan Temple,27.6733704,85.4370877,Hindu temple,0.5293530271032911,26,26.0
Yaksheshwar Mahadev Temple (Pashupatinath Bhaktapur),27.6717975,85.4284498,Hindu temple,0.5402469133183363,27,27.0
Mahadev temple,27.6720621,85.4338704,Hindu temple,0.4516771613250383,30,30.0
Rameshwar Temple,27.672109,85.4275902,Hindu temple,0.5003465990451156,31,31.0
Lapan Mahadev Temple,27.6719751,85.4286546,Hindu temple,0.389679632171359,32,32.0
Purveshwor Mahadev рдкреВрд░реНрд╡реЗрд╢реНрд╡рд░ рдорд╣рд╛рджреЗрд╡,27.6718948,85.428851,Hindu temple,0.3887867750276624,35,35.0
Jagannath Temple,27.6726155,85.4299536,Hindu temple,0.46294289899010793,38,38.0
рддрд▓рд╛рддреБрдВрдереА рдЧрдгреЗрд╢ рдзреНрдпреК рдЫреЗрдВ,27.6733116,85.4361416,Hindu temple,0.38759629883605956,40,40.0
Shree Mahakali Mandir,27.6758774,85.4313614,Hindu temple,0.5112181641654817,41,41.0
Bhisindyoo Temple (Bhimsen Temple),27.673478,85.4347676,Hindu temple,0.47235530014861626,42,42.0
Taleju Bhawani Temple Bhaktapur,27.6724803,85.4282575,Hindu temple,0.4918705658635356,44,44.0
Salaan Ganesh Temple,27.6739136,85.4350911,Hindu temple,0.4154877138144207,46,46.0
Laxmi Narayan Temple Dattatraya,27.673588,85.4350355,Hindu temple,0.3983822749241077,47,47.0
Harihar Narayan Temple,27.6724687,85.4291017,Hindu temple,0.38620740994584546,48,48.0
рдзрдиреЗрд╢реНрд╡рд░ рдорд╣рд╛рджреЗрд╡ рдордиреНрджрд┐рд░,27.6739848,85.4353264,Hindu temple,0.3401360544284326,49,49.0
Wane laayeku Temple (рд╡рд╛рдиреЗ рд▓рд╛рдпрдХреБ рдЪреБрдХреЛ),27.6731226,85.435132,Hindu temple,0.39795674300880607,50,50.0
Shija Mahadev Temple,27.6748214,85.4368333,Hindu temple,0.38579891321342735,51,51.0
Taba Sattal (рддрдмрд╛ рд╕рддреНрддрд▓реН),27.6719048,85.4289589,Hindu temple,0.3977003327521495,52,52.0
Gachhen Narayan Temple,27.6747272,85.4362897,Hindu temple,0.4069083364481765,53,53.0
Bhimsen temple,27.6724307,85.4314548,Hindu temple,0.45272149993940447,54,54.0
Sundari Gopal Temple,27.6740094,85.4299246,Hindu temple,0.3683723109010262,55,55.0
Saraswati Temple,27.6741054,85.433109,Hindu temple,0.3972424572938332,56,56.0
Durupo dyo,27.6718817,85.4303839,Hindu temple,0.36815965805658935,57,57.0
Bishnu Mandir,27.6725848,85.4323669,Hindu temple,0.4204330336426921,58,58.0
Gopinath Krishna Temple,27.6721359,85.4275977,Hindu temple,0.4620810724474785,59,59.0
Ked─Бran─Бtha Temple,27.6720251,85.4278978,Hindu temple,0.4781982057635538,60,60.0
Uma Maheshwar Temple,27.672453,85.4266146,Hindu temple,0.4059100335621175,63,63.0
Bhokhadyo Temple рднреЛрдЦрд╛рджреНрдп: рдордиреНрджрд┐рд░,27.6740408,85.4355038,Hindu temple,0.3385416666717936,64,64.0
Tocha Ganesh Temple,27.6740767,85.4372889,Hindu temple,0.4695469973376152,65,65.0
"Swet bhairav,kwathandau",27.6750781,85.4348166,Hindu temple,0.4197364122557415,66,66.0
рд╕реВрд░реНрдп рд╡рд┐рдирд╛рдпрдХ рдЧрдгреЗрд╢,27.6724983,85.4308599,Hindu temple,0.33823529412247694,68,68.0
Surye temple,27.6753988,85.4351012,Hindu temple,0.33809523809993197,70,70.0
Gauri Shankar Temple,27.6722606,85.4306029,Hindu temple,0.33796296296752826,72,72.0
Mahakali Dyochhen(рдорд╣рд╛рдХрд╛рд▓реА рджреНрдпреЛрдЫреЗрдБ),27.6744667,85.4318681,Hindu temple,0.4297588077060348,73,73.0
Nasa Dyo (Suryamadhi Nasa dyo),27.6735845,85.4372927,Hindu temple,0.3378378378422815,74,74.0
Macho Bhairav Temple,27.6719707,85.435819,Hindu temple,0.41268578144456725,75,75.0
Nasa Dyo (Yalachhen Nasa Dyo),27.6738838,85.4295827,Hindu temple,0.33771929824994223,76,76.0
Manakamana temple,27.6719942,85.4293335,Hindu temple,0.44149321277459697,78,78.0
Kuti Pwaka Ganesh,27.6756008,85.4353771,Hindu temple,0.36653111412133615,79,79.0
Naasa Dyo,27.671983,85.430551,Hindu temple,0.4124080036665189,80,80.0
Indra siddhi Ganesh Temple,27.6723832,85.4328083,Hindu temple,0.39540530267711915,81,81.0
Ram Jhupadi (рд░рд╛рдо рдЭреБрдкрдбреА),27.672313,85.4324719,Hindu temple,0.3373983739877553,82,82.0
Kolachhen,27.6729046,85.4371705,Hindu temple,0.33734939759432914,83,83.0
Hamadev Temple,27.6722295,85.4373541,Hindu temple,0.3832312194667762,84,84.0
Mahalaxmi Temple,27.674889,85.4332981,Hindu temple,0.47011964862933686,85,85.0
"Bhaktpur Darbar, Kathmandu, Nepal",27.6721763,85.4282921,Hindu temple,0.42898047644749265,88,88.0
рд╣рд░рд┐ рд╢рдВрдХрд░ рдирд╛рд░рд╛рдпрдг рдордиреНрджрд┐рд░,27.6726894,85.4358239,Hindu temple,0.3370786516890965,89,89.0
Bramhayani Dyochhen,27.6736189,85.4365444,Hindu temple,0.36601540854183595,90,90.0
Gauri Narayan Temple,27.6725821,85.4253507,Hindu temple,0.3949530800022325,91,91.0
"Tripurasundari, gymnastic hall",27.6727195,85.4304213,Hindu temple,0.4805210629146644,92,92.0
Ganesh mandir,27.6785491,85.4348566,Hindu temple,0.33691756272756,93,93.0
Wachu Narayan Temple,27.6720776,85.4349028,Hindu temple,0.4287386969501576,94,94.0
Bal Gopal,27.6743899,85.4302949,Hindu temple,0.3368421052666297,95,95.0
Bhindyo Deity,27.6723864,85.4357277,Hindu temple,0.38273518772025944,96,96.0
magar niwas,27.6748464,85.4273098,Hindu temple,0.3367697594535728,97,97.0
Bholachhen Ganesh Temple,27.6751106,85.4319521,Hindu temple,0.3946570797059425,99,99.0
Anantalingeswar Temple,27.6724439,85.4265545,Hindu temple,0.4285259309925024,100,100.0
рдЧрд╛рдБрдЦреБ рдорд╣рд╛рджреЗрдм рдордиреНрджрд┐рд░,27.6886132,85.3948237,Hindu temple,0.3900894826377104,12,12.0
Temple Square,27.699378,85.3816558,Hindu temple,0.3555555555762963,15,15.0
Ganesh Temple,27.6991877,85.3831991,Hindu temple,0.4930708915940529,19,19.0
"Sidhhi Ganesh Temple, Nagadesh",27.6841608,85.3843357,Hindu temple,0.7125962988279345,1,1.0
Luu jhya(golden window),27.6840503,85.3853201,Hindu temple,0.5459296322446012,2,2.0
рд╢реНрд░реА рд╕рд┐рджреНрдзреЗрд╢реНрд╡рд░ рдорд╣рд╛рджреЗрд╡ рдордиреНрджрд┐рд░,27.6845209,85.3781801,Hindu temple,0.5516771613883716,3,3.0
"Sileshwor Mahadev, Naagdesh",27.6873549,85.381375,Hindu temple,0.5698290157602877,4,4.0
Saraswati Mandir,27.6826682,85.3851232,Hindu temple,0.502104216029025,6,6.0
рдЬрдВрд▓рд╛ рджреНрдпреЛ Harisiddhi Temple ЁСРЦЁССДЁСРоЁСР╡ ЁСРбЁССВЁСРлЁССЕ ЁСРаЁСР╢ЁСРйЁСР╢ ЁСРйЁСР┤ЁСР╛ЁСР▒ЁССВЁСР░ЁСРмЁСР╖,27.6808972,85.385612,Hindu temple,0.4268820131544652,7,7.0
Kumanani Ganesh Temple рдЧрдгреЗрджреНрдпреЛ,27.6805202,85.3855531,Hindu temple,0.4039783715375947,8,8.0
Radha Krishna Temple,27.6820325,85.3795552,Hindu temple,0.483585697497132,9,9.0
Ganesh Temple,27.6893094,85.3809187,Hindu temple,0.4939488727248637,10,10.0
рдкреНрд░рдХрд╛рд░реЗрд╢реНрд╡рд░ рдорд╣рд╛рджреНрдпрдГ,27.6807205,85.3830701,Hindu temple,0.39261473516504825,11,11.0
Nityanath Temple рдирд╛рд╕рдВ рджреНрдпреЛ,27.6808733,85.3844688,Hindu temple,0.3900894826377104,12,12.0
Kshetrapal Mandir (рдХреНрд╖реЗрддреНрд░рдкрд╛рд▓ рдордиреНрджрд┐рд░),27.6843523,85.3875818,Hindu temple,0.38795273049916396,13,13.0
рд╕рд┐рджреНрдзрд┐рдХрд╛рд▓реА рдореВ: рдзрд┐рдореЗ рдЫреЗрдВ,27.681213,85.3851627,Hindu temple,0.4014851877375642,15,15.0
Bhimsen Temple / рднрд┐рдиреНрджреНрдпреЛ,27.6807391,85.3817354,Hindu temple,0.40009629884746584,16,16.0
ЁСРгЁСР╡ЁСР│ЁССЕ ЁСРбЁССВЁСРлЁССЕ Nityenath Temple,27.6800305,85.3868497,Hindu temple,0.4568275516525833,17,17.0
"Shiv Mandir Bahakha Bazaar, Nagadesh",27.6829558,85.3861071,Hindu temple,0.4098085948716144,18,18.0
Siddhikali Temple,27.6806137,85.3830539,Hindu temple,0.5541350698070233,20,20.0
Mahadev Temple,27.685101,85.3843531,Hindu temple,0.34666666667946666,25,25.0
Sileshwor chock madhyapur Thimi,27.687304,85.3803283,Hindu temple,0.34567901235756743,27,27.0
Dhuncho Bagh Dhara Chok,27.6896666,85.3816661,Hindu temple,0.34523809524957483,28,28.0
Doleshwar Mahadev Temple,27.6388668,85.4384091,Hindu temple,1.0,1,1.0
Pilot Baba Ashram,27.6401489,85.4226591,Hindu temple,0.8104564945484437,2,2.0
Suryabinayak Ganesh Temple,27.6562438,85.4234219,Hindu temple,0.7144857190340925,4,4.0
Pathivara Temple,27.6443052,85.4165683,Hindu temple,0.6303307385176533,5,5.0
Tarakeshwor Mahadev Temple,27.6396401,85.416252,Hindu temple,0.5141313268700299,6,6.0
Chiranjibi party(Rameshwor and Hanumanteshwore temple),27.6370893,85.417322,Hindu temple,0.4268820131544652,7,7.0
Likha Narayan Temple рд▓рд┐рдЦрд╛ рдирд╛рд░рд╛рдпрдг,27.6520954,85.4188462,Hindu temple,0.5044555631804702,10,10.0
Som Nath Temple,27.6403136,85.4223825,Hindu temple,0.48207238059249446,13,13.0
Maheshwor Mahadev Mandir,27.6482216,85.4160328,Hindu temple,0.41089791949131554,17,17.0
Krishna Mandir,27.6421166,85.4147654,Hindu temple,0.46506717896318134,18,18.0
Sangameshwor Mahadev Temple,27.6765069,85.3979516,Hindu temple,0.7738993835365197,1,1.0
Kundol Bhagawati Temple,27.6833594,85.3945749,Hindu temple,0.6542208095193145,2,2.0
Gankhu Aakash Devi Temple рдЧрд╛рдБрдЦреБ рдЖрдХрд╛рд╢ рджреЗрдмреАрдордиреНрджрд┐рд░,27.6848368,85.3970112,Hindu temple,0.4734228160196549,3,3.0
Gankhu BhuiChampa Devi temple рдЧрд╛рдБрдЦреБ рднреБрдЗрдЪрдореНрдкрд╛ рджреЗрдмреА рдордиреНрджрд┐рд░,27.6844776,85.3982386,Hindu temple,0.4579567430556062,5,5.0
Nasa Dyo,27.6768036,85.3861584,Hindu temple,0.4348185210964531,6,6.0
ЁСРеЁССАЁСРзЁСР╕ ЁСР│ЁСР╕ЁСРмЁССВЁСРлЁСР░ЁСР╢ЁСРгЁСР╡ЁСРлЁСРО ЁСРбЁССВЁСРлЁССЕ Pobu Suryavinayak Dya,27.6799798,85.388238,Hindu temple,0.4339523616292386,10,10.0
Ganesh temple,27.6770188,85.3855641,Hindu temple,0.47396730903197737,11,11.0
Shree Sarbeshwor Mahadev Temple,27.6803322,85.3974061,Hindu temple,0.4360191147989783,12,12.0
Shree Byang Ganesh Temple,27.6826006,85.4011897,Hindu temple,0.48625656502622455,13,13.0
Balkumari Temple,27.6758251,85.3853204,Hindu temple,0.6061448183987395,15,15.0
Mahalaxmi Temple (Chode) ЁСРйЁСР┤ЁСР╡ЁСРоЁСРОЁССВЁСР▓ЁССВЁСРйЁСР╖ ЁСРбЁСР╛ЁСРРЁССЕ,27.6785036,85.3879009,Hindu temple,0.4460259310087336,16,16.0
Rakta kali mandir,27.6775003,85.3947749,Hindu temple,0.44920524292275105,17,17.0
Radhe Radhe Ashram,27.6751591,85.3993195,Hindu temple,0.5376562091207063,20,20.0
Guru ko puja pasal,27.6784164,85.3984178,Hindu temple,0.37513221766731,26,26.0
Rupesh house,27.6444183,85.460583,Hindu temple,0.5459296322446012,2,2.0
Bandeswori Devi,27.6439056,85.4627904,Hindu temple,0.4289783715544697,5,5.0
Dhungadol Guru Ganesh Temple,27.6461451,85.4593608,Hindu temple,0.4389091239954701,7,7.0
Panchakanya Devi Temple,27.6403257,85.4647915,Hindu temple,0.4376560653358641,9,9.0
White goddess Temple,27.6501074,85.4621009,Hindu temple,0.3666666666966667,10,10.0
Kapildev Narayan Temple,27.6426854,85.4621449,Hindu temple,0.4505714781673211,11,11.0
Suresh mahat home,27.6435353,85.4607133,Hindu temple,0.3589743589980276,13,13.0
я╕Прдмрд╛рдЧреЗрд╢реНрд╡рд░реА рдорд╣рд╛рджреЗрд╡рд╕реНрдерд╛рди,27.6506452,85.4623994,Hindu temple,0.39887080865031055,17,17.0
рдЗрдереБрд▓реА рдлрд▓реНрдЪрд╛:,27.6668549,85.4492827,Hindu temple,0.4734228160196549,3,3.0
рджрдХреНрд╖рд┐рдгрдХрд╛рд▓реА рдордиреНрджрд┐рд░,27.6686086,85.4713428,Hindu temple,0.4289783715544697,5,5.0
рд░рдХреНрддрдХрд╛рд▓реА рджреЗрд╡реА,27.6574951,85.4718373,Hindu temple,0.43295674303873116,8,8.0
Brahmayani Temple,27.6737714,85.4441349,Hindu temple,0.5319240520342503,11,11.0
shiva temple sudal,27.6863198,85.4754882,Hindu temple,0.42839680606914593,12,12.0
Shanti Bhairab Temple,27.6539191,85.4538857,Hindu temple,0.4244285520975379,14,14.0
Degaina Ganesh Temple,27.6737099,85.441043,Hindu temple,0.4558042502039456,15,15.0
Chundevi pipalbot chagunarayan 9,27.6666051,85.4521962,Hindu temple,0.35294117648904266,17,17.0
Chunadevi chautara panitanki( рдЪреБрдирджреЗрд╡реА рдЪреМрддрд╛рд░рд╛ рдЪрд╛рдЧреБрдирд╛рд░рд╛рдпрдг реп),27.6660493,85.4514354,Hindu temple,0.3492063492214664,21,21.0
рд╡рдирджреЗрд╡реА рдордиреНрджрд┐рд░,27.643811,85.43685,Hindu temple,0.38095238099319734,7,7.0
DREAM,27.6554802,85.4303427,Hindu temple,0.37500000003645834,8,8.0
Chandrabinayak Ganesh Mandir,27.6432201,85.4337528,Hindu temple,0.47086908053376497,11,11.0
Suryabinayak Sheshshayi Narayan,27.656685,85.4236193,Hindu temple,0.4342937503559718,17,17.0
Suryabinayak,27.6581959,85.4243502,Hindu temple,0.3977814840306095,18,18.0
рдирд╡рдЧреНрд░рд╣,27.638501,85.4383888,Hindu temple,0.40795674301810614,20,20.0
Narayaneshwor Mahadev,27.710032,85.4241647,Hindu temple,0.6956450381678031,1,1.0
Devithaan,27.7137563,85.4162633,Hindu temple,0.5289783715844697,2,2.0
Nepal engineering college Saraswati temple,27.7094422,85.4159856,Hindu temple,0.4459296322146012,5,5.0
Townfullbari Bandevi Temple,27.709824,85.4189563,Hindu temple,0.3636363636639119,11,11.0
Doleshwor Mahadev,27.7156719,85.4172967,Hindu temple,0.4014851877375642,15,15.0
рд╕реБрдиреНрджрд░реАрджреЗрд╡реА рдХрд╛рд▓рд┐рдХрд╛рдорд╛рддрд╛,27.7019211,85.4123512,Hindu temple,0.3977814840306095,18,18.0
Dakshin Barahi Temple,27.6681075,85.3859485,Hindu temple,0.5482983304138552,21,21.0
Saraswati Temple,27.6609343,85.377534,Hindu temple,0.8044555631504702,1,1.0
Khanal Tol,27.6635125,85.3837081,Hindu temple,0.5749080037457376,2,2.0
Radha Krishna Temple,27.6655486,85.3811062,Hindu temple,0.5298819938230065,4,4.0
Temple,27.668404,85.3738766,Hindu temple,0.4579567430556062,5,5.0
рд░рд╛рдореЗрд╢реНрд╡рд░ рдордиреНрджрд┐рд░ (рдЕрдЧреНрдирд┐ рдЙрддреНрдкрддреНрддрд┐ рднрдПрдХреЛ рдард╛рдБрдЙ),27.6630139,85.3863487,Hindu temple,0.4637968925975895,6,6.0
Hanumanteshwor shiva mandir,27.6692188,85.3804539,Hindu temple,0.4099307524943337,7,7.0
Ganesh Temple,27.6665847,85.3830913,Hindu temple,0.4980980216309252,8,8.0
Nava Durga Temple Gatthaghar,27.6741748,85.373623,Hindu temple,0.5276146863285724,9,9.0
Hanumanteshwor Mahadev Temple,27.6692308,85.3804586,Hindu temple,0.39261473516504825,11,11.0
"Daicha Patti, Santibinayak Ganesh Mandir, Balkot",27.6630826,85.3786108,Hindu temple,0.41906785413884684,12,12.0
Krishna Mandir,27.6682983,85.3760364,Hindu temple,0.45083362332056326,13,13.0
Shiva And Sarswati Mandir,27.662986,85.3847911,Hindu temple,0.4627882724461494,15,15.0
Radha Krishna Temple,27.6626394,85.3739512,Hindu temple,0.435519240553127,16,16.0
SitaRam mandir,27.6669423,85.3807104,Hindu temple,0.39887080865031055,17,17.0
Chakradevi Temple,27.6671379,85.3702649,Hindu temple,0.38083022337047795,18,18.0
Radhe Radhe Temple,27.6649628,85.3726331,Hindu temple,0.49823023926177684,26,26.0
Swamiji House,27.6634556,85.3782481,Hindu temple,0.34313725491147634,34,34.0
Devisthan Temple,27.6682659,85.3772843,Hindu temple,0.3882719745123757,37,37.0
OM Shanti Centre,27.6684821,85.3735814,Hindu temple,0.40006200616870863,38,38.0
Shree Panchakanya Mandir,27.6644875,85.3770781,Hindu temple,0.3418803418886697,39,39.0
Samaj kalyan yuba samaj,27.6620964,85.3751844,Hindu temple,0.3416666666747917,40,40.0
"mahakaleshor Mandir, Khadkagaon",27.6495389,85.4552855,Hindu temple,0.4738993835665198,10,10.0
"Chumkotki Devi Temple, Suryabinayak-9",27.65088,85.4580199,Hindu temple,0.35714285716496597,14,14.0
Naag thaan,27.6549647,85.4539631,Hindu temple,0.3555555555762963,15,15.0
Ichheshwor Mahadev,27.6563708,85.4616938,Hindu temple,0.35087719299907666,19,19.0
Manakamana Temple,27.6385122,85.4384755,Hindu temple,0.3888888889351852,6,6.0
рдЪрддреБрд░реНрд╖рд╖реНрдЯреА рд╢рд┐рд╡рд▓рд┐рдЩреНрдЧ,27.6385018,85.4383888,Hindu temple,0.38095238099319734,7,7.0
Bhairav Mandir,27.6386899,85.4391785,Hindu temple,0.41630000256456007,9,9.0
рджрдХреНрд╖рд┐рдгрдХрд╛рд▓реА рдорд╛рддрд╛рдХреЛ рдордиреНрджрд┐рд░,27.6372322,85.4365147,Hindu temple,0.466915361324316,10,10.0
Danteshwor Mahadev,27.6348205,85.4388324,Hindu temple,0.42284125050886817,15,15.0
Jaleshwor Mahadev,27.6705474,85.4209522,Hindu temple,0.4995974365320779,9,9.0
Barahi Ajima Temple,27.6668196,85.4239083,Hindu temple,0.5446410893183365,19,19.0
Tribikram dham,27.7006104,85.3837371,Hindu temple,0.35294117648904266,17,17.0
рдмрд┐рд╖реНрдЯ рдЪреЛрдХ,27.702377,85.3849268,Hindu temple,0.3518518518693416,18,18.0
Banglamukhi Temple,27.6682443,85.3707788,Hindu temple,0.5393093169225353,5,5.0
Balkumari Mandir,27.6643704,85.3717741,Hindu temple,0.4468456319374581,6,6.0
Uma maheshowr Mandir Balkot,27.6699376,85.3660235,Hindu temple,0.41630000256456007,9,9.0
Ganesh Mandir,27.6629538,85.3681267,Hindu temple,0.49190910463151144,10,10.0
Shakti Binayak Mandir,27.6612129,85.3734805,Hindu temple,0.3900894826377104,12,12.0
рдзрд░реНрдореЗрд╢реНрд╡рд░ рдорд╣рд╛рджреЗрд╡ рдордиреНрджрд┐рд░,27.6645907,85.3652889,Hindu temple,0.39208347832744145,26,26.0
"Shiva mandir, Balkot",27.6683078,85.3717141,Hindu temple,0.34444444445518524,30,30.0
Sukunabasti,27.6831549,85.4409729,Hindu temple,0.4459296322146012,5,5.0
Narayan Mandir,27.6765678,85.4312082,Hindu temple,0.42578519666148096,19,19.0
Piya chhen,27.6773216,85.4420797,Hindu temple,0.37421646675071124,28,28.0
Palanchwok Bhagwati,27.6522572,85.4183352,Hindu temple,0.45083362332056326,13,13.0
"Karki Gaon, Bhimsen Temple",27.6500177,85.4164197,Hindu temple,0.35714285716496597,14,14.0
Kaushal Binayak Temple,27.6739567,85.3650451,Hindu temple,0.5363037088410542,3,3.0
yogendra Chowk,27.6757287,85.3673027,Hindu temple,0.4166666667291667,4,4.0
Chandra Binayak Ganesh Mandir,27.6765429,85.3784953,Hindu temple,0.5115585242023487,10,10.0
"Shirdi Sai Baba Temple, Balkot",27.6698303,85.3649016,Hindu temple,0.4480462256399833,12,12.0
Chandreshwor Mahadev Temple,27.6796618,85.3720163,Hindu temple,0.45573822703288225,18,18.0
Dakshinkali Temple,27.6843662,85.46272,Hindu temple,0.5072327169231864,5,5.0
Ratopati ganesh temple рд░рд╛рддреЛрдкрд╛рдЯрд┐,27.6815605,85.46096,Hindu temple,0.4468456319374581,6,6.0
рдкрдВрдЪрдХрдиреНрдпрд╛ рдордиреНрджрд┐рд░,27.689964,85.470551,Hindu temple,0.39261473516504825,11,11.0
Nidareswor Mahadev Temple,27.6971867,85.4661602,Hindu temple,0.37985556450021307,19,19.0
рдмрд╛рдШрдорд╛рд░рд╛ рдкрд╛рдЯреА рднрдХреНрддрдкреБрд░ ( bhaghmara pati bkt),27.6772111,85.4671841,Hindu temple,0.35000000001583337,20,20.0
Jyotish kendra,27.6718397,85.3745051,Hindu temple,0.34615384616617356,26,26.0
Kushal Bhairab Temple,27.6746585,85.3659599,Hindu temple,0.4270315862244965,27,27.0
Yadav group,27.6754708,85.3659346,Hindu temple,0.34523809524957483,28,28.0
Ganesh Mandir,27.6743967,85.3723805,Hindu temple,0.3907572183792623,29,29.0
Ganesh temple(sagbari),27.6726445,85.3682327,Hindu temple,0.34444444445518524,30,30.0
Balbinayak mandir,27.669748,85.3650942,Hindu temple,0.34408602151578216,31,31.0
Bramahini Temple 1 Sundal,27.6837188,85.4726453,Hindu temple,0.7246234096689395,1,1.0
рдмрд╛рд▓рдХреБрдорд╛рд░реА рдордиреНрджрд┐рд░,27.6830516,85.4812815,Hindu temple,0.5672856950159052,2,2.0
Radha Krishna Mandir Jitpur,27.6864664,85.4803595,Hindu temple,0.5652820803421906,3,3.0
рд╕реБрдбрд╛рд▓ рдЧрдгреЗрд╢рд╕реНрдерд╛рди,27.6774516,85.4826272,Hindu temple,0.4962640664870417,5,5.0
Ganesh Temple - Ganeshthan,27.6870053,85.4730199,Hindu temple,0.4268820131544652,7,7.0
Devi Mandir,27.6783729,85.4824768,Hindu temple,0.43295674303873116,8,8.0
Dipjal,27.6837074,85.4711853,Hindu temple,0.3666666666966667,10,10.0
Kaashi Bishwonath Temple,27.6784653,85.4715913,Hindu temple,0.36111111113657407,12,12.0
Om Shanti Mandir,27.6863025,85.4749099,Hindu temple,0.4552384254317359,13,13.0
Jalpadevi mandir рдЬрд╛рд▓рдкрд╛рджреЗрд╡реА рдордиреНрджрд┐рд░ (рдмрд╛рдЧреЗрд╢реНрд╡рд░реА),27.6925878,85.4769812,Hindu temple,0.38083022337047795,18,18.0
Shiva temple,27.7057755,85.4090241,Hindu temple,0.4000000000533333,5,5.0
Nageshowor mandir,27.7057125,85.4096719,Hindu temple,0.3993487419044286,9,9.0
Risheshowr Mahadev Temple рдЛрд╖реЗрд╢реНрд╡рд░ рдорд╣рд╛рджреЗрд╡ рдордиреНрджрд┐рд░,27.715154,85.4067156,Hindu temple,0.46293073313037497,10,10.0
Duwakot Besi Shiva Mandir,27.7053943,85.4051743,Hindu temple,0.45573822703288225,18,18.0
Inaa:lachhi Ganesh Temple,27.6779849,85.3858084,Hindu temple,0.4563525739033874,8,8.0
Siuchakwo Dyo (рдЗрдиреНрджреНрд░рд╛рдпрдгреА) ЁСР│ЁССВЁСРлЁСР╣ЁСРФЁСР╡ЁСРОЁССВЁСР░ ЁСРбЁССВЁСРлЁССЕ,27.6780012,85.3846851,Hindu temple,0.428327113405565,9,9.0
Shree Koshi Inaya Temple ЁСР▒ЁССВЁСРмЁСР╖ ЁСРОЁССВЁСР░ЁСР│ЁСР╢ ЁСРВЁСРгЁСР╡ЁСРлЁССВтАМ ЁСРбЁССВЁСРлЁССЕ,27.6800879,85.3863835,Hindu temple,0.4125962988579346,10,10.0
Haatti Mahaakaal Temple,27.6800756,85.3864858,Hindu temple,0.41509960016723885,14,14.0
Narayan Bhajan Mandal,27.6778473,85.3857925,Hindu temple,0.4290746703486022,16,16.0
Mahadev temple,27.680036,85.3868519,Hindu temple,0.4342937503559718,17,17.0
Sungaa:dyo (Vaishnavi Temple),27.6761541,85.3839786,Hindu temple,0.45573822703288225,18,18.0
ЁСРРЁСР╡ЁССЕ ЁСРйЁСР┤ЁСР╡ЁСРбЁССВЁСРлЁССЕ Gaa Mahadya,27.6757221,85.3854617,Hindu temple,0.4088339360013495,19,19.0
Digu-Bhaila: dyo рджрд┐рдЧреБ рднреИрд░рд╡ рдордиреНрджрд┐рд░,27.6792194,85.3857747,Hindu temple,0.4495653875211081,27,27.0
рдард┐рдореА рднрд┐рдорд╕реЗрди рдордиреНрджрд┐рд░,27.6831623,85.3872764,Hindu temple,0.5057905254979796,29,29.0
рдерд┐рдорд┐ рд▓рд╛рдпрдХреБ (ЁСРаЁСР╢ЁСРйЁСР╖ ЁСРоЁСР╡ЁСРлЁСРОЁСР╣)(Thimi Layaku),27.6772604,85.3861368,Hindu temple,0.4297922573698038,35,35.0
Basundhara Temple ЁСР░ЁСР│ЁСР╕ЁСРгЁССВЁСРвЁСРмЁСР╡,27.6804555,85.3832106,Hindu temple,0.40054933560386746,36,36.0
Bishnu Kundal,27.6772548,85.383803,Hindu temple,0.4948290157059126,40,40.0
Nasanani Pukhu рдирд╛рд╕рдирдирд┐ рдХреБрдгреНрдб,27.6808519,85.383593,Hindu temple,0.3866703729092514,45,45.0
Narayan temple,27.6799664,85.3860804,Hindu temple,0.3694039034229713,47,47.0
Gopaleshwor Mahadev Temple,27.6807672,85.3815204,Hindu temple,0.3860656865897005,49,49.0
Chode Ganesh Temple ЁСРФЁССАЁСРЬЁСР╛ ЁСРРЁСРЮЁСР╛ЁСРбЁССВЁСРлЁССЕ,27.6789898,85.3878381,Hindu temple,0.431859264329069,50,50.0
Pama Hiti рдкрдорд╛ рд╣рд┐рдЯрд┐ Dhunge Dhara,27.6770994,85.3812859,Hindu temple,0.3688476525532958,51,51.0
Siddhikali Dyo Chhen рд╕рд┐рджреНрдзрд┐рдХрд╛рд▓реА рджреНрдпреЛ рдЫреЗрдВ (ЁСР│ЁСР╢ЁСРбЁССВЁСРвЁСР╢ЁСРОЁСР╡ЁСРоЁСР╖ ЁСРбЁССВЁСРлЁССЕ ЁСРХЁСР╛ЁССД),27.681203,85.3858927,Hindu temple,0.41465159341228097,52,52.0
Shiwa Tole,27.6775668,85.3867452,Hindu temple,0.4069083364481765,53,53.0
ЁСР▒ЁССВЁСРмЁСР╖ ЁСР░ЁСР╢ЁСРбЁССВЁСРлЁСР╡ ЁСРРЁСРЮЁСР╛ЁСРбЁССВЁСРлЁССЕ Shree Bidyaa Ganesh,27.6817894,85.3865415,Hindu temple,0.39746291584783755,54,54.0
Jaganadyo (рдЬрдЧрдиреНрдирд╛рде рдордиреНрджрд┐рд░),27.6792316,85.3857173,Hindu temple,0.33939393939988977,55,55.0
Aakash Vairab,27.6777253,85.384755,Hindu temple,0.3392857142915604,56,56.0
Mahavidya Niraj Guru,27.6805411,85.3856155,Hindu temple,0.3851109187167208,57,57.0
рдирд┐рд▓рдмрд░реНрдг рдЧрдгреЗрд╢,27.679124,85.387711,Hindu temple,0.36805883127689937,58,58.0
Buddha Mandir,27.6802196,85.3869065,Hindu temple,0.4138910545154159,59,59.0
Digu Mandir,27.6820947,85.3866479,Hindu temple,0.3968456318966247,60,60.0
Bishwobinayak Temple,27.6810038,85.3860384,Hindu temple,0.3387978142130252,61,61.0
Krishna Mandir Duipokhari,27.6786016,85.3856015,Hindu temple,0.38463930958591236,62,62.0
Ganchanani Ganesh Temple,27.6787012,85.3854659,Hindu temple,0.3845539707908135,63,63.0
Bishwokarma Temple / рдмрд┐рдХреНрдорд╛рджреНрдпреЛ,27.6806053,85.3855216,Hindu temple,0.3385416666717936,64,64.0
рд╣рд╛рдореНрд╡ рджреЗрд╡рддрд╛ (ЁСР┤ЁСР╡ЁСРйЁССВЁСР░ЁССЕ ЁСРбЁССВЁСРлЁССЕ),27.680014,85.3867219,Hindu temple,0.36743990996772413,65,65.0
Siddhikali Dhunge Dhara,27.6800143,85.3845828,Hindu temple,0.41329184205121666,66,66.0
ЁСР▒ЁССВЁСРмЁСР╖ ЁСРмЁСР╡ЁСРвЁСР╡ ЁСРОЁСР║ЁСР▓ЁССВЁСРЮ ЁСРбЁССВЁСРлЁСРРЁССЕ Radha Krishna Mandir,27.6806506,85.3881935,Hindu temple,0.36728682921748,67,67.0
Datta Ganesh,27.6770146,85.3855644,Hindu temple,0.3840938833737582,69,69.0
Digu Temple,27.6792501,85.3858563,Hindu temple,0.41944781196686104,70,70.0
Buddha Bihar Marga,27.6830774,85.3810741,Hindu temple,0.33802816901871324,71,71.0
Pratham Ganesh Temple,27.6765037,85.3867449,Hindu temple,0.33796296296752826,72,72.0
Ram temple,27.67662,85.38569,Hindu temple,0.383829175544767,73,73.0
Shiva temple,27.6786588,85.385624,Hindu temple,0.4127458415046858,74,74.0
Shivanagar Mandir,27.6765252,85.3822681,Hindu temple,0.33777777778216295,75,75.0
Pacho Ganesh,27.6822807,85.38786,Hindu temple,0.33771929824994223,76,76.0
рджреБрд╡рд╛рдлрд▓реНрдЪрд╛ рдкрд╛рдЯреА,27.682091,85.387198,Hindu temple,0.3376623376666104,77,77.0
Thimi ko suryabinayak mandir,27.6800054,85.3882338,Hindu temple,0.3376068376110563,78,78.0
Siddhikali Pukhu,27.6801869,85.3847012,Hindu temple,0.3375527426201998,79,79.0
Phasi Dega: (Taha Dya:),27.677569,85.3857236,Hindu temple,0.3834296321653825,80,80.0
Sangameshwor Pashupati Mahadev,27.670788,85.39428,Hindu temple,0.4039783715375947,8,8.0
Bhairab Nath,27.677267,85.3857424,Hindu temple,0.4047342546074182,81,81.0
Krishna Mandir,27.6768694,85.3865475,Hindu temple,0.3373983739877553,82,82.0
krishna mandir,27.6830584,85.3873146,Hindu temple,0.33734939759432914,83,83.0
Ganesh chwok,27.6955999,85.4667167,Hindu temple,0.4289783715544697,5,5.0
рд░рддреНрди рджреЗрдмрд┐ рдордиреНрджрд┐рд░ Ratna Devi Temple,27.7064306,85.4487798,Hindu temple,0.3956450381978031,10,10.0
Gaukhureshwor Mahadev,27.6978789,85.470128,Hindu temple,0.3636363636639119,11,11.0
Krishna Mandir,27.6968647,85.4652663,Hindu temple,0.3589743589980276,13,13.0
Machhenarayan Temple,27.7050516,85.4546005,Hindu temple,0.5280978747790962,17,17.0
Pujarimath,27.7050405,85.4581623,Hindu temple,0.3484848484993113,22,22.0
Bandevi Mandir,27.7010125,85.4116719,Hindu temple,0.39261473516504825,11,11.0
рджреБрдЦрд╣рд░рдгреЗрд╢реНрд╡рд░ рдорд╣рд╛рджреЗрд╡ рдордиреНрджрд┐рд░,27.6904625,85.4126719,Hindu temple,0.40009629884746584,16,16.0
Nageswor mahadev mandir,27.6960751,85.4512672,Hindu temple,0.5024011875207913,3,3.0
SansariDevi Temple,27.6998422,85.4508393,Hindu temple,0.4166666667291667,4,4.0
Thapa atreya gotra kuldevi ( Bindiwasini ) mandir,27.6974894,85.4517234,Hindu temple,0.38095238099319734,7,7.0
Mahakali temple,27.7009076,85.444897,Hindu temple,0.3703703704032922,9,9.0
Dakshinkali temple,27.7081468,85.4407596,Hindu temple,0.39261473516504825,11,11.0
рдмрд░рджрд╛рдиреЗрд╢реНрд╡рд░ рдорд╣рд╛рджреЗрдм Temple,27.7040349,85.4529896,Hindu temple,0.35714285716496597,14,14.0
Beg Binayak Temple,27.7057282,85.4513723,Hindu temple,0.4369351145192426,20,20.0
рдЪреМрд╖рдареНрдареА рдорд╣рд╛рджреЗрд╡ рдордиреНрджрд┐рд░,27.6526776,85.4680813,Hindu temple,0.45476356816261737,19,19.0
Seti Devi Mandir,27.6542206,85.4561497,Hindu temple,0.3472222222355324,24,24.0
Bhadrakali Mandir я╕П,27.6571685,85.4628032,Hindu temple,0.40462340968173943,25,25.0
Bhakti Mandir,27.6750587,85.3994001,Hindu temple,0.45737517757028234,12,12.0
Saraswati Temple,27.6713158,85.4174462,Hindu temple,0.36111111113657407,12,12.0
Ganeshthan,27.6701975,85.4201056,Hindu temple,0.3746573838587038,27,27.0
Chetrapaal Devi Temple,27.6528643,85.4665036,Hindu temple,0.36111111113657407,12,12.0
seti devi temple,27.652184,85.468159,Hindu temple,0.41509960016723885,14,14.0
Kalikasthan,27.6545861,85.4705385,Hindu temple,0.35294117648904266,17,17.0
mukti samudayak bhawan,27.653108,85.4686347,Hindu temple,0.34567901235756743,27,27.0
рдЧрдерд╛рдБрдордЧ рдЬрд▓рд╛рдЙрдиреЗ рд╕реНрдерд╛рди,27.6705782,85.445133,Hindu temple,0.35294117648904266,17,17.0
khutruke Shwor Mahadev,27.6412431,85.414341,Hindu temple,0.3900894826377104,12,12.0
Shree Gokuleshwor Mahadev Mandir,27.6403479,85.4149126,Hindu temple,0.34567901235756743,27,27.0
рдХрд╛рд▓реАрджреЗрд╡реА рдорд╛рддрд╛ рдордиреНрджрд┐рд░,27.6346388,85.4393469,Hindu temple,0.3555555555762963,15,15.0
Fulchoki mai(gundu),27.632232,85.4162295,Hindu temple,0.3831450381873343,16,16.0
Bhairab Temple,27.6356351,85.4141833,Hindu temple,0.35000000001583337,20,20.0
Harhar Mahadev Mandir,27.6964774,85.3797,Hindu temple,0.7068925715245865,2,2.0
Rayamajhi Kul Mandir (рд░рд╛рдпрдорд╛рдЭреА рдХреБрд▓ рдордиреНрджрд┐рд░),27.7014024,85.3752242,Hindu temple,0.5313795590219278,3,3.0
Nawadurga Temple,27.7008982,85.3730872,Hindu temple,0.5618431182191469,5,5.0
Bhabisya darpan(dharmendrakrishna paudel),27.6947828,85.3769905,Hindu temple,0.4178672604363216,6,6.0
Siddhibinayak Mandir,27.6978171,85.3789847,Hindu temple,0.4099307524943337,7,7.0
Sano Ganesh Mandir,27.6998875,85.3752969,Hindu temple,0.48207238059249446,13,13.0
shiv mandir,27.6965234,85.3746368,Hindu temple,0.4014851877375642,15,15.0
(рдШрд┐рдорд┐рд░реЗ) рдерд╛рдкрд╛ рдХреБрд▓ рдордиреНрджрд┐рд░,27.7013585,85.372786,Hindu temple,0.40795674301810614,20,20.0
Bhimeshwor Mahadev,27.6689399,85.4661841,Hindu temple,0.48395236166173855,4,4.0
рдХрд╛рд▓реЛ рдирд░рд╕рд┐рдВрд╣ рдордиреНрджрд┐рд░,27.6716513,85.4738203,Hindu temple,0.39592963217710125,20,20.0
Maiju home,27.7005714,85.3789558,Hindu temple,0.3518518518693416,18,18.0
Gankhu Sitala Devi Temple рдЧрд╛рдБрдЦреБ рд╕рд┐рддрд▓рддрд╛ рджреЗрдмреА рдордиреНрджрд┐рд░,27.6866419,85.3958752,Hindu temple,0.38095238099319734,7,7.0
"Panch Kanya Devi Temple, Gankhu Dharmapur",27.6868836,85.3986114,Hindu temple,0.4049039911592955,13,13.0
HEAVEN ЁЯШШЁЯл╢,27.7013339,85.3787125,Hindu temple,0.34666666667946666,25,25.0
"рд╡рд┐рд╖реНрдЯ рдЧрд╛рдЙрдБ рдмрд╕ рд╕реНрдЯрдк, рдХрд╛рдЧреЗрд╢реНрд╡рд░реА рдордиреЛрд╣рд░рд╛ -рен",27.6991817,85.3831397,Hindu temple,0.34567901235756743,27,27.0
Gankhu Shiva Mandir рдЧрд╛рдБрдЦреБ рд╢рд┐рдм рдордиреНрджрд┐рд░,27.6880972,85.3988555,Hindu temple,0.3472222222355324,24,24.0
Lakhe Mandir рд▓рд╛рдЦреЗ рдордиреНрджрд┐рд░,27.6914656,85.4609134,Hindu temple,0.37500000003645834,8,8.0
Siddhi binayak mandir,27.6956298,85.4667723,Hindu temple,0.3703703704032922,9,9.0
Siddhi binayak mandir,27.6908826,85.4603835,Hindu temple,0.36111111113657407,12,12.0
Manikarnika Dham,27.6905554,85.4681765,Hindu temple,0.41351229857856914,15,15.0
Brhamayani mandir maskey tole,27.6902009,85.4572043,Hindu temple,0.3819195479901791,17,17.0
Shree Sheta Ganesh Temple,27.6940736,85.4585095,Hindu temple,0.34615384616617356,26,26.0
Sipadol,27.6565274,85.43242,Hindu temple,0.37500000003645834,8,8.0
Shiva Parbati Mandir,27.6560887,85.4227675,Hindu temple,0.47639319139996844,15,15.0
radha Krishna temple,27.6557812,85.4318852,Hindu temple,0.435519240553127,16,16.0
Parti jagaa,27.6636924,85.4275106,Hindu temple,0.3518518518693416,18,18.0
Shree Radha Krishna Mandir,27.6569431,85.4233516,Hindu temple,0.3789783715169697,20,20.0
Nasika mandir,27.6862966,85.4749252,Hindu temple,0.3636363636639119,11,11.0
mahadev Mandir,27.6859326,85.4743082,Hindu temple,0.35714285716496597,14,14.0
Shiva Temple,27.6908768,85.4682765,Hindu temple,0.40278432922026725,29,29.0
Hanuman mandir,27.6846123,85.4691141,Hindu temple,0.34444444445518524,30,30.0
Rikheshwor Mahadev Mandir,27.7088145,85.4417082,Hindu temple,0.5446931391461678,3,3.0
Ganesh Mandir,27.7080632,85.4394265,Hindu temple,0.39261473516504825,11,11.0
рдкрд╛рдЯреА,27.7068037,85.4401223,Hindu temple,0.36111111113657407,12,12.0
рдкреБрд░реА рдХреБрд▓ рджреЗрд╡рддрд╛ рдордиреНрджрд┐рд░,27.705197,85.4516474,Hindu temple,0.3589743589980276,13,13.0
Shree Begh Ganesh Mandir,27.7057281,85.4513726,Hindu temple,0.3472222222355324,24,24.0
Ganesh temple,27.701993,85.4542049,Hindu temple,0.34567901235756743,27,27.0
Kuldevta ko mandir,27.7023803,85.4441926,Hindu temple,0.3993487419044286,9,9.0
Ganesh Mandir,27.7013129,85.443663,Hindu temple,0.34444444445518524,30,30.0
"Bishownath Mahadev Temple, ratopul, balkot",27.6669561,85.3623917,Hindu temple,0.4807481532577209,6,6.0
Mahadev temple,27.6675543,85.4240147,Hindu temple,0.4039783715375947,8,8.0
Narayan temple,27.6676933,85.4241881,Hindu temple,0.4193524481175895,30,30.0
Barahi Homes,27.6670276,85.4241368,Hindu temple,0.34313725491147634,34,34.0
krishna mandir,27.6865852,85.4581859,Hindu temple,0.3472222222355324,24,24.0
"Hanuman Mandir- Near Birendra Chowk, Kadaghari",27.6982296,85.3701613,Hindu temple,0.5211783268253755,8,8.0
Khadka kul deuta mandir,27.6996114,85.3688618,Hindu temple,0.4215931066661847,11,11.0
namuna marga kageshwori,27.6984446,85.3663199,Hindu temple,0.3518518518693416,18,18.0
Khada mandir,27.6972097,85.3684895,Hindu temple,0.35000000001583337,20,20.0
Kali Mandir,27.6948101,85.3708881,Hindu temple,0.4380131104887093,26,26.0
KALI MANDIR ROAD,27.6952647,85.3706337,Hindu temple,0.34444444445518524,30,30.0
Durga Temple Balkot mama,27.6691011,85.3624419,Hindu temple,0.4568275516525833,17,17.0
Durga Mandir ( hanumante khola ),27.6690684,85.3622958,Hindu temple,0.34234234235110783,37,37.0
Pathibhara Mandir,27.700312,85.3658385,Hindu temple,0.4580530418497386,16,16.0
Ganesh mandir,27.7004262,85.3703666,Hindu temple,0.34313725491147634,34,34.0
Gyanu Raj Niwas,27.6809682,85.4153823,Hindu temple,0.40704074329784196,12,12.0
Barud khana chwok,27.6817387,85.4112572,Hindu temple,0.3589743589980276,13,13.0
Swaka Ajima Mandir,27.6507868,85.4272744,Hindu temple,0.3666666666966667,10,10.0
Char Narayan Temple,27.6926218,85.4148766,Hindu temple,0.3888888889351852,6,6.0
Ganesh Temple,27.6922302,85.4154413,Hindu temple,0.3819195479901791,17,17.0
Shree Tripura Sundari Bhadrashree Devi Mateshwor Mahadev Mandir,27.6927172,85.4152893,Hindu temple,0.34523809524957483,28,28.0
Shree Dukhhareshwor mahadev,27.6933095,85.415275,Hindu temple,0.3448275862179944,29,29.0
Nageshwor Shiva Temple,27.7080522,85.4028431,Hindu temple,0.40240118745745806,30,30.0
Daaneshorii mahadap,27.6738903,85.4440191,Hindu temple,0.3555555555762963,15,15.0
chundevi mandir,27.6526664,85.4316609,Hindu temple,0.37500000003645834,8,8.0
Gwansa Ganesh Mandir,27.6759083,85.4476808,Hindu temple,0.34666666667946666,25,25.0
Ganesh temple,27.6729781,85.4783754,Hindu temple,0.34567901235756743,27,27.0
Shree Siddi Ganesh Temple,27.6677803,85.3879677,Hindu temple,0.3888888889351852,6,6.0
Brahmanagar Mandir,27.669701,85.383053,Hindu temple,0.4678874954966066,7,7.0
Hanumante corridor radha krishna temple,27.6714379,85.3840551,Hindu temple,0.35416666668619795,16,16.0
Hanumante corridor sita ram temple,27.6713476,85.38432,Hindu temple,0.35000000001583337,20,20.0
рдЧрд╛рдБрдЦреБ рдерд╛рдкрд╛рдбрд╛реЗрд▓ рдЖрдИрддрдмрд╛рд░реЗ рдкреБрдЬрд╛ рд╕реНрдерд▓,27.6847241,85.3983621,Hindu temple,0.34567901235756743,27,27.0
Gankhu Ganesh temple,27.6852454,85.3966895,Hindu temple,0.34444444445518524,30,30.0
NARAN MANDIR,27.6758263,85.3853146,Hindu temple,0.4289783715544697,5,5.0
Ganesh temple,27.6735639,85.3854156,Hindu temple,0.4499080036988626,8,8.0
Devi Than,27.6755395,85.3822253,Hindu temple,0.4573054849067015,9,9.0
Balkumari house satala,27.675996,85.38552,Hindu temple,0.3956450381978031,10,10.0
ЁСРзЁСРеЁССВЁСРеЁСР╡ ЁСРйЁСР┤ЁСР╡ЁСРбЁССВЁСРлЁССЕ Bappa Mahadev Mandir,27.674784,85.387441,Hindu temple,0.4360191147989783,12,12.0
Thaswama Ganesh Temple,27.6760013,85.3854974,Hindu temple,0.40307248932623385,14,14.0
Narayan Mandir,27.6713907,85.3858194,Hindu temple,0.4202268714216146,17,17.0
Sree krishna temple,27.6757516,85.3854208,Hindu temple,0.401706743012364,32,32.0
Bankali Mandir,27.6736594,85.3858656,Hindu temple,0.3724127149452747,33,33.0
"Shree Pithu Ganesh, TachhuTole -рд╢реНрд░реА рдкрд┐рдереБ рдЧрдгреЗрд╢, рддрдЫреВрдЯреЛрд▓",27.6752211,85.384785,Hindu temple,0.3721156264126127,34,34.0
ЁСРиЁСР╡ЁССГЁСР│ЁСР╢ЁСРОЁССВЁСР░ ЁСРбЁССВЁСРлЁССЕ Bhansikwo Dyo (Brahmayani),27.6761445,85.3865131,Hindu temple,0.3428571428663945,35,35.0
ЁСРбЁСР╡ЁСРйЁССАЁСРбЁСРм ЁСРгЁСР╡ЁСРмЁСР╡ЁСРлЁСРЮ Damodar Narayan,27.6753079,85.3853935,Hindu temple,0.371570964102731,36,36.0
Wamune Ganesh temple,27.6759149,85.3861812,Hindu temple,0.38803489532770374,38,38.0
Bandevi Temple,27.6741302,85.3859841,Hindu temple,0.387393046803346,41,41.0
Shiva Temple,27.6713625,85.3858754,Hindu temple,0.387014903486669,43,43.0
Bhaju Bhairab,27.6976155,85.4557116,Hindu temple,0.3589743589980276,13,13.0
"Narayan Sthan,Nagadesh",27.6850052,85.3871157,Hindu temple,0.39001565367705004,31,31.0
"Chetrapal chowk, Bahakha Bazar",27.6843046,85.3875675,Hindu temple,0.3437500000100911,32,32.0
Kisan Dega: (Krishna Temple),27.6762676,85.38586,Hindu temple,0.3416666666747917,40,40.0
Saraswati temple,27.6764466,85.3856885,Hindu temple,0.399042014327674,43,43.0
Pipal rukh with temple architecture,27.6714803,85.4213613,Hindu temple,0.34782608697038436,23,23.0
Inaga Ganedyo Temple,27.6715192,85.4216613,Hindu temple,0.34523809524957483,28,28.0
SHREE BIR BHADRESWAR MAHADEV,27.6781678,85.3808068,Hindu temple,0.3472222222355324,24,24.0
Damodar Narayan Mandir,27.6781329,85.3806774,Hindu temple,0.34666666667946666,25,25.0
рдЧ: рдорд╣рд╛рджреЗрд╡,27.6734201,85.4404134,Hindu temple,0.44564503823030305,4,4.0
рдпрд╛рддреБ рдЧрдгреЗрд╢ (рдХрдорд▓ рд╡рд┐рдирд╛рдпрдХ) Kamal Binayak temple,27.6771043,85.4389153,Hindu temple,0.5161710949633822,6,6.0
рдЛрд╖реЗрд╢реНрд╡рд░ рдорд╣рд╛рджреЗрдм,27.6716168,85.4354264,Hindu temple,0.428327113405565,9,9.0
Narayan and shiva temple,27.6762343,85.4384151,Hindu temple,0.36111111113657407,12,12.0
рд╢рд░рдгреЗрд╢реНрд╡рд░ рдорд╣рд╛рджреЗрд╡ рдордиреНрджрд┐рд░ - Sharaneshwor Mahadev Temple,27.6734972,85.4404947,Hindu temple,0.3428571428663945,35,35.0
Balkumari Mandir lalitapur,27.6743949,85.4374495,Hindu temple,0.4364001208621409,49,49.0
Garuda (рдЧрд░реБрдб),27.6734577,85.4352283,Hindu temple,0.39795674300880607,50,50.0
Nani рдирдирд┐,27.6723639,85.4320874,Hindu temple,0.38567322191114456,52,52.0
Narayan dyo Mandir,27.6747177,85.4318459,Hindu temple,0.3684845443467011,54,54.0
Garud Kunda рдЧрд░реБрдб рдХреБрдгреНрдб,27.6743948,85.4377176,Hindu temple,0.3851109187167208,57,57.0
рджреБрдЧреБ рджреНрдп:,27.677318,85.4388224,Hindu temple,0.3389830508530116,59,59.0
Dhwakasi Ganesh Mandir,27.673524,85.437806,Hindu temple,0.40599537235721633,62,62.0
Bhairabnath рднреИрд░рд╡рдирд╛рде,27.6723953,85.4324002,Hindu temple,0.36752003817293,64,64.0
Chiva Dyo,27.6755228,85.4352083,Hindu temple,0.36675614928329936,75,75.0
Garud Idol,27.6733697,85.4370895,Hindu temple,0.33771929824994223,76,76.0
Shree Bhairav,27.6720505,85.4342707,Hindu temple,0.3834823747814677,79,79.0
рд▓рд┐рд╡рд╛рд▓реА рдЧрдиреЗрд╢,27.6690524,85.4397906,Hindu temple,0.44564503823030305,4,4.0
Kumari Mandir,27.670495,85.430549,Hindu temple,0.4638850582915612,11,11.0
рдЪреБрдВрдкрд┐рдВрдЧ рдШрд╛рдЯ,27.667761,85.4300817,Hindu temple,0.3900894826377104,12,12.0
рд╢реНрд░реА рдХреГрд╖реНрдг рдордиреНрджрд┐рд░,27.6694397,85.434402,Hindu temple,0.4049039911592955,13,13.0
Uttargaya рдЙрддреНрддрд░рдЧрдпрд╛,27.6690333,85.4345378,Hindu temple,0.4181628879316486,19,19.0
Kasan Ganesh Temple,27.6792988,85.4293589,Hindu temple,0.3931518543968003,24,24.0
"Krishna Pranami Temple, Suryabinayak-6",27.6626029,85.4160012,Hindu temple,0.5602312079011168,4,4.0
"Om Shankata Temple, Bhaktapur",27.6670223,85.4086841,Hindu temple,0.504227066165244,8,8.0
CHUNDEVI Temple Bhaktapur,27.6653969,85.4162872,Hindu temple,0.5256235027297732,9,9.0
Ganesh temple,27.6674745,85.4166474,Hindu temple,0.4215931066661847,11,11.0
Rukmeshwar Shiva Temple,27.6717086,85.4191917,Hindu temple,0.3819195479901791,17,17.0
Krishna Temple,27.6647747,85.418201,Hindu temple,0.35000000001583337,20,20.0
Ina Ganesh Temple,27.6705932,85.4342513,Hindu temple,0.4339523616292386,10,10.0
рд╕рд┐рддрд▓рд╛ рдорд╛рдЬреБ/рдирд╛рд░рд╛рдпрдг/рд╣рдиреБрдорд╛рди,27.6694559,85.4345348,Hindu temple,0.38795273049916396,13,13.0
Janaki temple,27.6697174,85.4343736,Hindu temple,0.5039826740110065,16,16.0
Sita Ram Temple Compound,27.6697268,85.4344043,Hindu temple,0.39887080865031055,17,17.0
bagale ganesh,27.6697008,85.438114,Hindu temple,0.37985556450021307,19,19.0
Bhupateshwor Mahadev рднреБрдкрддреЗрд╢реНрд╡рд░ рдорд╣рд╛рджреЗрд╡,27.6694606,85.4341554,Hindu temple,0.39441448066057916,22,22.0
Balmikeshwor Mahadev рд╡рд╛рд▓реНрдореАрдХреЗрд╢реНрд╡рд░ рдорд╣рд╛рджреЗрд╡,27.66947,85.434548,Hindu temple,0.39375571913165225,23,23.0
Chandeshwari Temple,27.6711851,85.4314333,Hindu temple,0.5085097848452802,25,25.0
Pardesi Bhimsensthan Temple(Shree Gaye Bhindyoo),27.6683797,85.4316127,Hindu temple,0.5152970019109798,29,29.0
"Sitaram Temple, Bhisinkhel",27.6684723,85.4314533,Hindu temple,0.3727283715112275,32,32.0
Balmiki Hrishi Aashram рд╡рд╛рд▓реНрдореАрдХрд┐ рдЛрд╖рд┐ рдЖрд╢реНрд░рдо,27.6696925,85.4344002,Hindu temple,0.4183423471065426,33,33.0
Galashi Ganesh,27.6705654,85.4319412,Hindu temple,0.3890668870727442,34,34.0
Jagati Ganesh Temple,27.6678605,85.4354692,Hindu temple,0.40962803728367975,37,37.0
рджреБрдмреЗрдБрдХрд┐рдЧреБ рдлрд▓реНрдЪрд╛: рдорд╣реЗрд╕реНрд╡рд░реА рдШрд╛рдЯ,27.6709961,85.4366056,Hindu temple,0.34210526316643586,38,38.0
Lakshmi Narayan Temple,27.6696985,85.434363,Hindu temple,0.3878099740499376,39,39.0
Baraha Dev Temple,27.6684412,85.4313814,Hindu temple,0.3996234096770645,40,40.0
Hanumanghat,27.6701145,85.4347273,Hindu temple,0.399420157644351,41,41.0
Ranjitkar ta Guthighar,27.670203,85.4326575,Hindu temple,0.3412698412775888,42,42.0
Ganesh Ranjit,27.6694843,85.4341712,Hindu temple,0.4222616647834236,44,44.0
Laxmi Temple,27.6685125,85.4314653,Hindu temple,0.3866703729092514,45,45.0
Pancha Kumari рдкрдЮреНрдЪрдХреБрдорд╛рд░реА,27.671121,85.4341983,Hindu temple,0.34042553192183495,47,47.0
Siddhi Laxmi Devi,27.6694269,85.434476,Hindu temple,0.3402777777845776,48,48.0
рдирд╡рджреБрд░реНрдЧрд╛ рджреЗрд╡рддрд╛,27.6694896,85.4345579,Hindu temple,0.4270711689318418,49,49.0
Garud Temple,27.6696943,85.4343666,Hindu temple,0.3400000000065333,50,50.0
Ram Mandir,27.6694792,85.4345527,Hindu temple,0.33986928105215947,51,51.0
Radha Krishna Mandir,27.6694879,85.4345678,Hindu temple,0.3397435897498767,52,52.0
Thusa Ganesh Temple,27.6688639,85.4370465,Hindu temple,0.368601013016741,53,53.0
Dakshinkali mandir,27.6699542,85.4388846,Hindu temple,0.33950617284556467,54,54.0
Maheshwari Ghat рдорд╣реЗрд╢реНрд╡рд░реА рдШрд╛рдЯ,27.6710644,85.4361888,Hindu temple,0.4066796343324617,55,55.0
рд▓рдХреНрд╖реНрдореА рдордиреНрджрд┐рд░,27.6710674,85.436188,Hindu temple,0.3387978142130252,61,61.0
The Jai Shri Rameshwar,27.6694293,85.4342983,Hindu temple,0.3387096774246445,62,62.0
Sani sankata temple,27.6716994,85.4078166,Hindu temple,0.4422856949690302,8,8.0
Chonga Ganesh Temple,27.6742589,85.4109479,Hindu temple,0.6128127636259176,9,9.0
Shiva Temple,27.6738886,85.4043731,Hindu temple,0.45360178120007594,10,10.0
Ganesh temple,27.6692669,85.4075995,Hindu temple,0.4638850582915612,11,11.0
Hriddhi Binayak,27.6676168,85.4151636,Hindu temple,0.3555555555762963,15,15.0
Radha Krishna Temple,27.6648514,85.4181367,Hindu temple,0.34567901235756743,27,27.0
Ganesh Temple,27.6737256,85.4052963,Hindu temple,0.43092205859648375,11,11.0
Bramhapur рдмреНрд░рдореНрд╣рдкреБрд░ (рдмрд▓рдВрдкреБ),27.6703944,85.4266092,Hindu temple,0.38453392707743267,15,15.0
Vatsala Mandir,27.6703894,85.4274434,Hindu temple,0.3789783715169697,20,20.0
Kumveshwor Temple,27.677397,85.4069953,Hindu temple,0.3472222222355324,24,24.0
Ram Janaki Temple/рд░рд╛рдордЬрд╛рдирдХреА рдордиреНрджрд┐рд░,27.6680856,85.4274775,Hindu temple,0.3861212286661024,14,14.0
рдордЩреНрд▓реЗрд╢реНрд╡рд░ рдорд╣рд╛рджреЗрд╡,27.670323,85.4274871,Hindu temple,0.3518518518693416,18,18.0
рдмрдЯреБрдХ рднреИрд░рд╡,27.672191,85.4287874,Hindu temple,0.36752003817293,64,64.0
Chuma Ganesh Temple,27.6745275,85.4304524,Hindu temple,0.41194504070310384,90,90.0
Mangal Tirtha рдордВрдЧрд▓ рддрд┐рд░реНрде,27.668336,85.4250359,Hindu temple,0.38453392707743267,15,15.0
Barahi Ajima Dyo Chhen,27.670833,85.426007,Hindu temple,0.4517229442702213,9,9.0
Swamala Ganesh Temple,27.6711876,85.4284239,Hindu temple,0.37306439301691857,31,31.0
Mulakhu Ganesh Temple,27.6704728,85.4267575,Hindu temple,0.41072003837671023,33,33.0
Jetha Ganesh рдЬреЗрдард╛ рдЧрдгреЗрд╢,27.6697429,85.4276952,Hindu temple,0.3890668870727442,34,34.0
рдордВрдЧрд▓реЗрд╢реНрд╡рд░ рдорд╣рд╛рджреНрдпрдГ (ЁСРйЁССДЁСРРЁСРоЁСР╛ЁСР▒ЁССВЁСР░ЁСРм ЁСРйЁСР┤ЁСР╡ЁСРбЁССВЁСРлЁССЕ),27.6685107,85.4257033,Hindu temple,0.3428571428663945,35,35.0
Krishna Mandir,27.6710093,85.4264172,Hindu temple,0.4239451664685237,36,36.0
Ram Mandir рд░рд╛рдо рдордиреНрджрд┐рд░,27.6681133,85.4274375,Hindu temple,0.4654403639455747,37,37.0
Lakolachhen Ganesh,27.669677,85.4285841,Hindu temple,0.4331291056001245,42,42.0
Siddhi Laxmi Devi,27.670083,85.4282786,Hindu temple,0.399042014327674,43,43.0
Jai Shri Ganesh Temple,27.6709821,85.4232972,Hindu temple,0.34042553192183495,47,47.0
Makachowae Ganesh,27.6689231,85.4259635,Hindu temple,0.3400000000065333,50,50.0
Shiva Temple,27.6703911,85.426609,Hindu temple,0.38579891321342735,51,51.0
Gorakh Nath Temple,27.670127,85.4276951,Hindu temple,0.4070292846824486,52,52.0
Sita Ram Temple,27.6709855,85.42331,Hindu temple,0.33962264151560456,53,53.0
Bhulancha Ganesh,27.6667868,85.4271509,Hindu temple,0.33950617284556467,54,54.0
Jay Praani Temple,27.6713042,85.4252005,Hindu temple,0.33939393939988977,55,55.0
Sweta Bhairav,27.6707967,85.4282262,Hindu temple,0.42622082879496964,56,56.0
"рд╕рд░реНрд╡рдЬреНрдЮреЗрд╢реНрд╡рд░ рдорд╣рд╛рджреЗрд╡ рдордиреНрджрд┐рд░ рдЪрд╛рдБрдЧреБрдирд╛рд░рд╛рдпрдг-2 ,рднрдХреНрддрдкреБрд░",27.6813588,85.4188605,Hindu temple,0.37500000003645834,8,8.0
Til Madhav Narayan Temple,27.670664,85.4292708,Hindu temple,0.4632153271096731,20,20.0
Bhairavnath Temple,27.6710168,85.4294856,Hindu temple,0.5502290852140472,13,13.0
Bandhak Binayak,27.6708876,85.4290854,Hindu temple,0.3831450381873343,16,16.0
Bhadrakali Temple,27.6690049,85.4304069,Hindu temple,0.5117220318144767,33,33.0
Harsha Mahadev Temple,27.6679123,85.4301053,Hindu temple,0.4297922573698038,35,35.0
Betal Temple рдмреЗрддрд╛рд▓ рдордиреНрджрд┐рд░,27.6710034,85.429725,Hindu temple,0.41518578144698187,48,48.0
Shiva Temple Compound,27.6683815,85.4299399,Hindu temple,0.3980927974307054,49,49.0
Bhailah dyah,27.6710322,85.4295048,Hindu temple,0.39757938451787744,53,53.0
рдирд╛рд╕рдГ рджреНрдпреЛ (рдиреГрддреНрдпрд╢реНрд╡рд░ рдорд╣рд╛рджреЗрд╡),27.6704055,85.4275187,Hindu temple,0.3972424572938332,56,56.0
Digudyo рджрд┐рдЧреБрджреНрдп: (рдХреБрдереБ рд╕реБрдмреНрдпрд╛),27.6682173,85.4311714,Hindu temple,0.36815965805658935,57,57.0
Tileshwor Mahadev temple,27.6707828,85.4291166,Hindu temple,0.3970372027780358,58,58.0
"Kulmanani, Bhaktapur-5",27.6704159,85.4299772,Hindu temple,0.3848185210556197,60,60.0
Ganesh Paati рдЧрдгреЗрд╢ рдкрд╛рдЯреА,27.6705614,85.4319372,Hindu temple,0.3843134705500803,66,66.0
Champakeshor Mahadev Temple,27.665937,85.4299043,Hindu temple,0.4196610315832727,67,67.0
рдЬреЛрд░ рдЧрдгреЗрд╢,27.6713309,85.4291395,Hindu temple,0.33816425121249033,69,69.0
Jai Shree Kul Devata,27.6694943,85.4345603,Hindu temple,0.36700654051984966,71,71.0
Chandi bhairab,27.6708328,85.4307381,Hindu temple,0.33680555555899155,96,96.0
Bhagwati Mata,27.6705464,85.4306157,Hindu temple,0.3367346938809177,98,98.0
Bhadrakali Deity Home,27.6699561,85.4293775,Hindu temple,0.3364485981339273,107,107.0
Bhairava Shrine,27.6699295,85.428893,Hindu temple,0.4036220312718842,111,111.0
Kalancha khusi falcha,27.6668145,85.4306397,Hindu temple,0.37132071385224424,37,37.0
Annapurna Batsala Mandir,27.671632,85.4284909,Hindu temple,0.39261473516504825,11,11.0
Tribikram Narayan temple,27.6715882,85.4282773,Hindu temple,0.38083022337047795,18,18.0
Ganesh temple,27.6714738,85.4246653,Hindu temple,0.3434343434441383,33,33.0
Hanumante River Bridge,27.6687806,85.4317246,Tourist attraction,0.5000000000833333,2,2.0
Bhaktapur Thulo Byasi,27.6753124,85.4299296,Tourist attraction,0.4734228160196549,3,3.0
Agro Forest,27.673864,85.4272402,Tourist attraction,0.4289783715544697,5,5.0
Gonga Pukhu,27.6768946,85.4352346,Tourist attraction,0.4178672604363216,6,6.0
Gurju,27.6747017,85.4304646,Tourist attraction,0.38095238099319734,7,7.0
Kolachhen,27.671798,85.4271344,Tourist attraction,0.4039783715375947,8,8.0
Gaa Hiti Bhaktapur,27.670334,85.4290279,Tourist attraction,0.3703703704032922,9,9.0
Yalachhen,27.67347,85.4293106,Tourist attraction,0.4215931066661847,11,11.0
Bhaktapur Festival Dot Com,27.6724237,85.4272541,Tourist attraction,0.46033094538389885,20,20.0
Nepal Durbar Buspark,27.6728442,85.4255966,Tourist attraction,0.3448275862179944,29,29.0
уВпуВ╕уГгуВпчкУуБохо╢,27.6718105,85.4271988,Tourist attraction,0.34444444445518524,30,30.0
Golden Gate,27.6721136,85.4283739,Tourist attraction,0.545943106313498,31,31.0
55 Window Palace,27.6721559,85.4285784,Tourist attraction,0.628736955613705,32,32.0
Laamga Pukhu,27.6757494,85.4367025,Tourist attraction,0.3724127149452747,33,33.0
National Art Museum,27.6721934,85.4281506,Tourist attraction,0.5268557835565478,34,34.0
Statue of King Bhupatindra Malla,27.6720189,85.4283481,Tourist attraction,0.46369477869006664,35,35.0
nepalvoagecanvas,27.679323,85.403056,Tourist attraction,0.3703703704032922,9,9.0
View point,27.6753634,85.3790625,Tourist attraction,0.40307248932623385,14,14.0
Sano bato,27.6846305,85.3870665,Tourist attraction,0.35000000001583337,20,20.0
Thimi Pottery Square,27.6793234,85.3848428,Tourist attraction,0.49190910463151144,10,10.0
рдХреЗрдкреА рдЪреЛрд░ рд╣рддреНрдпрд╛рд░рд╛ рдирд┐рд╡рд╛рд╕,27.6657494,85.3713039,Tourist attraction,0.3636363636639119,11,11.0
Field of Green,27.6465218,85.4233727,Tourist attraction,0.472811645315733,7,7.0
Gankhu Khadi Chowk рдЧрд╛рдБрдЦреБ рдЦрд╛рдБрдбреА рдЪрд╛реЗрдХ,27.6835973,85.3961237,Tourist attraction,0.3956450381978031,10,10.0
Nagarpalika Chowk рдирдЧрд░рдкрд╛рд▓рд┐рдХрд╛ рдЪрд╛реЗрдХ,27.6836448,85.3896046,Tourist attraction,0.4480462256399833,12,12.0
Gankhu Sitala Devi Chowk рдЧрд╛рдБрдЦреБ рд╕рд┐рддрд▓рд╛ рджреЗрдмреА рдЪрд╛реЗрдХ,27.6872101,85.396072,Tourist attraction,0.3589743589980276,13,13.0
Maligaun,27.6416332,85.4443431,Tourist attraction,0.797752125537694,1,1.0
"Nangkhel View Point, Maligaon",27.6409003,85.4457543,Tourist attraction,0.606287562684332,3,3.0
Chaulagain farm house,27.6441576,85.4623638,Tourist attraction,0.4166666667291667,4,4.0
Palanse plotting bus stop,27.6490601,85.4631501,Tourist attraction,0.3888888889351852,6,6.0
"Pipal bot, Chittapol",27.6539835,85.4701074,Tourist attraction,0.35294117648904266,17,17.0
рдзрд╛рд░рд╛рдХреБрд▓рд╛реЗ(рддрдзрдЪрд╛) рдЪрд╛реЗрдХ рддрд╛рдерд▓реА,27.6648553,85.4661089,Tourist attraction,0.35087719299907666,19,19.0
Lancha Falchha (рд▓рд╛рдиреНрдЪрд╛ рдлрд▓реНрдЪрд╛),27.6788038,85.4422778,Tourist attraction,0.4619351145398676,8,8.0
Itacha Tole,27.669712,85.4479683,Tourist attraction,0.3703703704032922,9,9.0
D3R,27.656332,85.426768,Tourist attraction,0.3888888889351852,6,6.0
рд╕реВрд░реНрдпрд╡рд┐рдирд╛рдпрдХ рдЧреБрдгреНрдбреБ рднрдиреНрдЬреНрдпрд╛рдЩ,27.6541884,85.4203541,Tourist attraction,0.38095238099319734,7,7.0
Gundu Hill,27.6542184,85.4203474,Tourist attraction,0.48628385640783783,9,9.0
Tribeni House,27.6616702,85.4195518,Tourist attraction,0.38453392707743267,15,15.0
Plane Crash Hill Station,27.6469062,85.4223409,Tourist attraction,0.4700801526907436,16,16.0
Vall├йe de Katmandou,27.708266,85.439281,Tourist attraction,0.3703703704032922,9,9.0
Tyatal tole,27.7033423,85.4454183,Tourist attraction,0.41913754680191345,18,18.0
Ghumti mode,27.6678719,85.3803469,Tourist attraction,0.3492063492214664,21,21.0
Gundu Dummy Plane,27.6469429,85.4221869,Tourist attraction,0.5643043463737691,10,10.0
рд░рд╛рдирд┐рдЦреЛрд▓рд╛ рджреЛрднрд╛рди,27.6367941,85.4180139,Tourist attraction,0.41906785413884684,12,12.0
Ghyampe Danda,27.6412309,85.4213408,Tourist attraction,0.6570956190649704,21,21.0
Pando Bazar Gate,27.6656077,85.4229605,Tourist attraction,0.38453392707743267,15,15.0
Kali opi,27.685062,85.4714377,Tourist attraction,0.35294117648904266,17,17.0
Ganesh Pathak House,27.6616963,85.4199568,Tourist attraction,0.35087719299907666,19,19.0
Land sudal,27.6804088,85.4801395,Tourist attraction,0.35087719299907666,19,19.0
"Helmet Dada, Tappa Danfo",27.682236,85.4534784,Tourist attraction,0.5510055496568983,22,22.0
Nagbeli Tole,27.7145674,85.4088873,Tourist attraction,0.4376560653358641,9,9.0
Kabir Agro farm,27.706682,85.4518794,Tourist attraction,0.3789783715169697,20,20.0
Mulpani Chaur,27.7153415,85.4062618,Tourist attraction,0.5628288473116615,25,25.0
mama harle speed checking hanne thau,27.6662839,85.4198042,Tourist attraction,0.39208347832744145,26,26.0
Airport view point Hatti Danda,27.699936,85.3662734,Tourist attraction,0.36111111113657407,12,12.0
Bhairav Temple Thimi,27.674649,85.3847335,Tourist attraction,0.45237122366285193,22,22.0
Bhaktapur Way Sallaghari radhe radhe,27.6740738,85.4097761,Tourist attraction,0.37500000003645834,8,8.0
Ticket counter - bakhtapur,27.6677582,85.4271816,Tourist attraction,0.35000000001583337,20,20.0
Bharattaal,27.67681,85.4211517,Tourist attraction,0.34523809524957483,28,28.0
