name,category,lat,lng,weekly_hours,rating,reviews_count
Sagar tea shop,Coffee shop,27.7027997,85.4385237,0.0,5.0,1
Nagarkot peace garden cafe,Coffee shop,27.7028242,85.4399102,0.0,0.0,0
Friendship coffee shop,Coffee shop,27.6763214,85.4428386,0.0,0.0,0
Old Mill Cafe,Coffee shop,27.675913,85.4392927,0.0,5.0,8
Bamboo Brunch Restaurant,Restaurant,27.7085611,85.4396613,70.0,4.4,14
The Turning Point Restro,Fast food restaurant,27.705531,85.4403806,0.0,4.8,4
SISHIR RESORT,Restaurant,27.705148,85.447923,0.0,5.0,2
Pk Height Khaja Ghar,Restaurant,27.7028133,85.4389522,0.0,0.0,0
Pikhel Khaja Ghar,Bar,27.7010539,85.4400137,0.0,0.0,0
Shankha lal khaja ghar,Fast food restaurant,27.6978251,85.4453949,0.0,0.0,0
Namaste Newa Fastfood,Restaurant,27.6780133,85.4391407,98.0,3.6,122
Alfa home,Coffee shop,27.6485793,85.448664,0.0,5.0,2
bhanye,Coffee shop,27.6748627,85.4459376,0.0,5.0,1
Chiya Daboo,Coffee shop,27.673315,85.4394403,91.0,5.0,1
Sathiko Bakes & Cakes,Cafe,27.6555219,85.4603871,94.5,3.0,2
Nyasa Cafe,Cafe,27.676534,85.43905,105.0,5.0,4
Phaidhoka Khaja Ghar,Restaurant,27.668621,85.4662416,94.5,4.7,27
Jay Himalayan Family Resort Restro,Restaurant,27.6569466,85.455566,70.0,3.9,18
Blunch Resort,Restaurant,27.6609597,85.4481456,0.0,4.3,45
Nakha Chhen Newari Restaurant,Restaurant,27.6831696,85.4539651,0.0,4.9,7
Bar 555777,Bar,27.6575716,85.4492298,0.0,0.0,0
‡§π‡§æ‡§á‡§µ‡•á ‡§ñ‡§æ‡§ú‡§æ ‡§ò‡§∞,Fast food restaurant,27.6613064,85.4455643,87.5,1.0,1
black cherry cafe,Fast food restaurant,27.6451028,85.4427153,0.0,5.0,1
Fast Food,Restaurant,27.6480052,85.4499348,0.0,0.0,0
Friendship cofee shop,Coffee shop,27.6767411,85.4428571,0.0,0.0,0
Friendship coffee shop,Coffee shop,27.6766696,85.4427921,0.0,0.0,0
LA: WO: Station,Restaurant,27.6797431,85.4429394,96.5,4.7,9
Purushottam Newa Khaja Ghar Restro,Asian restaurant,27.6788682,85.4413761,77.0,4.0,108
Chawo khaja Ghar And Tea Point,Fast food restaurant,27.6857468,85.4436662,0.0,4.5,2
Chyasha cafe,Cafe,27.6763231,85.4398356,98.0,5.0,2
Srisha's Dairy and Bakery,Cafe,27.6813731,85.4448577,108.5,4.5,2
Vintuna Khaja ghar,Asian restaurant,27.6808625,85.4441406,84.0,0.0,0
Maheshwor Khaja Pasal,Fast food restaurant,27.6813928,85.4448893,108.5,1.0,1
Thakali Station,Asian restaurant,27.6783117,85.4407716,87.5,3.6,99
Dawa dai khaja ghar,Nepalese restaurant,27.6818508,85.4446401,0.0,0.0,0
Lakhe Food Land,Fast food restaurant,27.6748528,85.4456897,51.0,0.0,0
Easy Fast Food,Coffee shop,27.6829462,85.4532658,0.0,4.4,7
Bhaktapur,Cafe,27.675625,85.4422873,133.0,0.0,0
SHANDAR MO:MO,Restaurant,27.6758611,85.448792,0.0,0.0,0
Ram caafe,Restaurant,27.6732467,85.4492083,0.0,0.0,0
Shreya Newari Khaja Ghar,Family restaurant,27.674057,85.4421886,0.0,3.0,1
Pond Station Hotel,Restaurant,27.6752537,85.4481499,0.0,0.0,0
Food Point Restro,Restaurant,27.6749704,85.4451027,90.0,0.0,0
Bhakta,Fast food restaurant,27.6747541,85.4460334,0.0,0.0,0
Sandesh Computer,Internet cafe,27.6773638,85.443104,0.0,0.0,0
Sunil khaja ghar,Restaurant,27.6752491,85.4434855,0.0,0.0,0
Lets Celebrate Family Resturant,Restaurant,27.67378,85.4421313,0.0,0.0,0
Pratik's Cafe,Cafe,27.687648,85.4526503,84.0,3.2,14
Himal shrestha,Bar,27.6755069,85.4474094,0.0,0.0,0
Chhusyaki Traders,Bar,27.6772092,85.4408656,74.67,3.6,21
Shiva ram house,Bar,27.6746056,85.4399017,0.0,0.0,0
Bansbari Kitchen,Barbecue restaurant,27.6865656,85.4590553,0.0,0.0,0
Maligaun high Cafe,Coffee shop,27.6399236,85.4416878,0.0,4.5,2
Camper 01,Restaurant,27.6862685,85.4514109,0.0,3.6,8
Chusky's,Restaurant,27.6423538,85.4354595,0.0,5.0,4
Purushottam khaja ghar,Restaurant,27.6930004,85.4498839,0.0,0.0,0
Balram khaja ghar,Fast food restaurant,27.6400904,85.4372728,0.0,5.0,2
Doleshwor kirana and khaja pasal,Restaurant,27.6393565,85.4376453,0.0,0.0,0
Doleshwor Village Resort,Restaurant,27.6430437,85.4356005,0.0,4.0,153
Dulal tea shop,Cafe,27.6705657,85.4623427,70.0,3.7,11
Friendship restro,Restaurant,27.6603735,85.4485444,94.5,4.0,4
Maya khaja ghar,Family restaurant,27.6608589,85.4466364,0.0,5.0,1
Pikhel Snooker and Pool House,Cafe,27.6972587,85.4493306,0.0,0.0,0
Daju Vai Khaja Ghar,Restaurant,27.6923888,85.4600068,0.0,0.0,0
Peaceful Baansghari Resort,Restaurant,27.6605064,85.4513596,91.0,3.2,22
Dhanush Restaurant,Restaurant,27.6584933,85.4526872,0.0,4.3,3
Araniko Village Resort,Cottage rental,27.6574907,85.4540373,0.0,3.7,117
Majic Mushroom Cafe,Restaurant,27.6388035,85.4239018,0.0,0.0,0
Seed & Spoon,Restaurant,27.6818442,85.4583658,101.5,3.8,16
NEA Training Centre Canteen,Cafe,27.6868218,85.4556838,84.0,3.9,60
Balaram Store,Restaurant,27.6887846,85.4573773,91.0,4.0,3
S &S Fast Food,Restaurant,27.6686628,85.4666982,0.0,0.0,0
RFC,Coffee shop,27.6818551,85.4550173,0.0,0.0,0
Manju chiya pasal,Coffee shop,27.6818554,85.4532209,0.0,0.0,0
Hotel Simpani khabab khaja Ghar,Restaurant,27.6513561,85.439276,0.0,4.3,3
Grocery shop,Cafe,27.6483017,85.4489812,84.0,4.0,5
Pratikshya kirana pasal,Coffee store,27.666451,85.4466941,15.0,0.0,0
Purna Dai ko chya pasal,Cafe,27.6772499,85.4391732,106.5,3.8,37
Chicken Station Kamalbinayak,Restaurant,27.6783067,85.4407137,112.0,3.0,2
Wanted Restaurant,Restaurant,27.6696016,85.4109786,98.0,4.7,15
Khushi Khaja Ghar,Asian restaurant,27.6658123,85.4100564,84.0,5.0,2
Crave Corner,Asian restaurant,27.6704538,85.409407,0.0,5.0,1
Bardali Kitchen & Sekuwa Ghar,Family restaurant,27.6724375,85.4049375,0.0,4.7,45
Taboche Restaurant and coffee shop,Restaurant,27.6713645,85.4213097,91.0,4.6,111
The Burger House and Crunchy Fried Chicken,Restaurant,27.6704472,85.4096093,87.5,3.4,255
Paradise Foodland,Restaurant,27.6707736,85.4100168,105.0,3.3,138
Sarlahi Khaja Ghar,Fast food restaurant,27.6687012,85.4129098,98.0,5.0,1
Maila Daiko Khaja Ghar,Fast food restaurant,27.6695565,85.4086816,105.0,4.7,3
Sushmita Khaja Ghar,Fast food restaurant,27.6696088,85.4127312,0.0,5.0,1
Universal Tandoori Cafe,Family restaurant,27.6713044,85.4082338,84.0,3.5,179
North Rooftop Restaurant,Family restaurant,27.6721412,85.423476,0.0,4.1,54
Bluemoon homestay and Restaurant,Restaurant,27.6751651,85.4085202,105.5,4.8,13
Old Town Food: Best Late-Night Food in Bhaktapur,Family restaurant,27.6776181,85.4075666,121.0,4.1,344
Newa Nanee,Restaurant,27.6735524,85.4124763,81.0,4.2,57
Mi:loco Cafe' n Restaurant,Restaurant,27.6711367,85.4216744,101.5,4.0,85
Swastik Newari Khaja Ghar (Authentic Newari Restaurant),Nepalese restaurant,27.6722911,85.426915,91.0,5.0,14
Jai MataDi Sweet and Chat House,Restaurant,27.6695517,85.410913,84.0,3.7,7
Lakshmi Khaja Ghar,Fast food restaurant,27.668624,85.4118629,98.0,4.2,9
Cafe JAC Bhaktapur,Restaurant,27.6652664,85.4226844,91.0,5.0,3
Dipa Khaja Ghar,Fast food restaurant,27.6664314,85.420063,0.0,5.0,1
CHOPSTICK,Fast food restaurant,27.6689815,85.4057539,87.5,4.4,5
Sukul Dhoka ko Michael Momo,Chinese restaurant,27.670709,85.4092365,0.0,3.5,2
Suddha Sakahari Khaja Ghar,Breakfast restaurant,27.669819,85.408712,91.0,0.0,0
RBrr Khaja ghar,Restaurant,27.6644892,85.414486,0.0,0.0,0
Sindhu Khaja Ghar,Fast food restaurant,27.6665413,85.4194733,91.0,3.0,2
J.K. Rimjhim Food Stick,Asian restaurant,27.6670465,85.4104814,0.0,0.0,0
Takila tea sallaghari outlet,Restaurant,27.6701624,85.4075394,0.0,0.0,0
Maa‚Äôs Cafe,Cafe,27.6708336,85.4091961,98.0,4.9,52
Caf√©:In,Coffee shop,27.664202,85.4217985,74.75,4.8,12
Cin Cin Garden,Restaurant,27.6706505,85.4218284,94.5,4.7,402
The light cafe and restaurant,Restaurant,27.6633759,85.4237223,107.0,5.0,1
Baiga Cafe and Rooftop,Restaurant,27.6726941,85.4249557,101.5,4.9,10
MOMO MUNI CAFE,Family restaurant,27.6721982,85.4058445,70.0,5.0,1
La Bella Restro srijananagar bhaktapur,Cafe,27.6723507,85.4052033,112.0,4.6,10
CULTURE CAFE & BAR,Nepalese restaurant,27.6699487,85.4277691,98.0,4.7,43
Bhaktapur Dairy And Coffee Shop,Cafe,27.666245,85.4182367,112.0,5.0,1
The Pottery Cafe and bar,Restaurant,27.6697144,85.4276931,84.0,4.5,271
Siddhapokhari Kirana Pasal,Coffee shop,27.6711801,85.4200541,0.0,3.7,107
SUZZANE FOOD CAFE,Cafe,27.6698033,85.4105413,0.0,1.0,1
Palpasa Cafe & Fast Food,Cafe,27.6699536,85.4102817,91.0,2.8,5
Sindhupalchok khaja ghar and coffee shop,Coffee shop,27.6659175,85.4192133,0.0,0.0,0
Sunapati Ramechhap Khaja Ghar,Bar,27.6702942,85.4112787,0.0,1.0,1
Ghorasaini Liquor & Fruits,Bar,27.6709226,85.4138819,0.0,0.0,0
bhaktapur nepal,Bar,27.6716863,85.4078543,0.0,0.0,0
The Golden Lion,Sports bar,27.6617555,85.4211059,102.0,5.0,3
Stunt bums,Bar,27.6644841,85.4090714,0.0,0.0,0
mrp sekuwa adda ‡§∏‡•á‡§ï‡•Å‡§µ‡§æ KG ‡§∞‡§ï‡•ç‡§∏‡•Ä MRP ‡§Æ‡§æ,Bar,27.6730246,85.4047476,112.0,4.2,47
Battle Snooker,Sports bar,27.6707806,85.422736,84.0,5.0,1
The Garuda Bar,Bar,27.6707963,85.4288518,91.0,4.2,103
Khankii Lounge & Bar with Thakali,Bar,27.6730144,85.4048528,87.5,0.0,0
Tas-ka Bar,Bar,27.6702897,85.4285822,0.0,4.1,15
Ja foodland and Bar,Bar,27.6712421,85.4298469,0.0,3.4,21
The Tribal Bar,Bar,27.6675284,85.4252122,0.0,0.0,0
Lawaju Mithai Bhandar (‡§≤‡§µ‡§ú‡•Ç ‡§Æ‡§ø‡§†‡§æ‡§á ‡§≠‡§£‡•ç‡§°‡§æ‡§∞),Vegetarian restaurant,27.6767395,85.4371462,98.0,3.8,39
‡§∏‡§ø‡§ß‡•ç‡§¶‡§ø‡§≤‡§ï‡•ç‡§∑‡•ç‡§Æ‡•Ä ‡§Æ‡§ø‡§†‡§æ‡§à ‡§≠‡§£‡•ç‡§°‡§æ‡§∞,Vegetarian restaurant,27.6649522,85.4256451,98.0,3.6,80
Balakhu Food Point,Restaurant,27.6728194,85.4293616,82.25,4.8,268
Na:Pukhu Fast Food,Restaurant,27.6714316,85.4231449,91.0,3.4,108
Tryst Fast Food Restaurant,Restaurant,27.6715225,85.4216812,91.0,3.5,179
Stick Fast Food,Restaurant,27.671189,85.4208855,0.0,4.0,2
3rd eyes fast food,Restaurant,27.6666523,85.4270263,84.0,5.0,3
New Diamond Restaurant,Fast food restaurant,27.6788591,85.4085359,91.0,5.0,2
Kyodong Laphing and Fast Food,Restaurant,27.6662604,85.4234316,91.0,4.0,1
‡§ï‡§æ‡§®‡•ç‡§§‡§ø‡§™‡•Å‡§∞ ‡§ó‡•á‡§∑‡•ç‡§ü ‡§π‡§æ‡§â‡§∏ ‡§è‡§£‡•ç‡§° ‡§∞‡•á‡§∑‡•ç‡§ü‡•Å‡§∞‡•á‡§®‡•ç‡§ü,Hong Kong style fast food restaurant,27.6712727,85.4207497,0.0,3.2,17
New York Bites,Fast food restaurant,27.6728993,85.4258144,0.0,5.0,1
Swadishta Momo And Fast Food,Restaurant,27.6746014,85.4072186,91.0,3.0,2
Kumar Khaja Ghar ‡§ï‡•Å‡§Æ‡§æ‡§∞ ‡§ñ‡§æ‡§ú‡§æ ‡§ò‡§∞,Fast food restaurant,27.6632167,85.4110133,0.0,0.0,0
De Temple Cafe,Restaurant,27.6735231,85.4349476,105.0,4.4,197
Madhikarmi JuJu Dhau Center,Dessert restaurant,27.6727945,85.431531,91.0,4.5,59
Hada Ice Cream,Ice cream shop,27.6667617,85.4256602,84.0,4.0,438
Hotel Prisha and Rooftop,Restaurant,27.6712287,85.4204982,0.0,4.3,35
Timmure kamalbinayak,Barbecue restaurant,27.6768151,85.4368339,87.5,4.0,115
Eagle King sekuwa corner,Barbecue restaurant,27.6788165,85.4084699,105.0,0.0,0
COFEE SHOP,Coffee shop,27.674848,85.4084642,0.0,0.0,0
Fresh coffe House and Barkery,Coffee shop,27.6700488,85.4101096,0.0,5.0,1
Roshani Coffee Shop,Coffee shop,27.6738452,85.409822,91.0,3.4,38
Shrestha Coffee Shop,Cafe,27.6742261,85.4095526,94.5,3.4,21
Drip Cafe,Coffee shop,27.671192,85.4207331,94.5,5.0,1
UnderGround Cafe,Coffee shop,27.67039,85.421741,0.0,5.0,3
My Cafe,Coffee shop,27.6720649,85.4063076,0.0,0.0,0
Prabin Cold Store,Coffee shop,27.6755398,85.4227956,0.0,5.0,1
"suryabinayak,5 katunje",Coffee shop,27.6683542,85.4044251,0.0,5.0,1
The bekary & coffee shop,Coffee shop,27.6683125,85.4043512,98.0,5.0,1
Bhajya Pukhu Coffee,Coffee shop,27.6712812,85.4211715,91.0,4.0,334
Shova Coffee Shop,Coffee shop,27.67151,85.4216859,98.0,3.2,22
Durbar Coffee & Eatery,Coffee shop,27.672341,85.4266082,84.0,4.6,24
Coffee Klatch,Coffee shop,27.6700445,85.4282604,91.0,4.5,70
Bijen Ko Pasal,Coffee shop,27.6724194,85.4043218,0.0,0.0,0
Shashil group,Coffee shop,27.6716926,85.4078369,0.0,0.0,0
The Street Coffee House,Coffee store,27.674435,85.4229588,105.0,5.0,23
Refesh Coffee House and Bakery,Coffee store,27.6700433,85.4101231,101.5,5.0,1
One O One Coffee & Barista School,Coffee shop,27.6639728,85.4259243,98.0,4.7,487
The Morrison Cafe,Coffee shop,27.6725878,85.4252582,98.0,5.0,4
Hillside beans barista coffee school,Coffee shop,27.6644989,85.4257322,112.0,4.8,80
Enjoycoffeeshop,Coffee shop,27.671456,85.4278273,89.5,5.0,5
FreshPresso Coffee Bar,Cafe,27.6726397,85.4295795,108.5,4.6,39
Refresh Cafe,Cafe,27.6712788,85.4211734,0.0,4.5,2
Abc Cafe,Cafe,27.6689225,85.4049667,0.0,5.0,1
TUSHARO CAFE,Cafe,27.6660451,85.4225424,0.0,5.0,1
Janakpur Sweet and chat house,Family restaurant,27.6778068,85.4078506,0.0,5.0,3
Busy Bee Restro,Restaurant,27.6738313,85.4098194,91.0,4.3,4
Salla Cafe,Restaurant,27.6738651,85.4097823,0.0,3.3,3
–í–∫—É—Å–Ω–∞—è –µ–¥–∞,Restaurant,27.6754222,85.4092715,84.0,4.7,3
Subecchya Restaurant (Shree Ram Birbal),Asian restaurant,27.6767355,85.4056893,0.0,4.0,1
Jaiswal Handi mutton Restaurant,Indian restaurant,27.6734827,85.409241,91.0,4.0,4
Newa Kitchen & Sekuwa House,Family restaurant,27.6732633,85.409524,63.0,2.0,1
Khwopa Garden Restaurant,Fast food restaurant,27.6718514,85.4225442,0.0,4.0,1
Kausee Newari Resturant,Restaurant,27.6781112,85.4074216,0.0,3.7,3
Brothers food cafe,Family restaurant,27.678122,85.4070447,0.0,0.0,0
Shiva sweets and fastfood restro,Restaurant,27.6745623,85.4094066,92.5,3.0,5
JHIGU BHWYAE CHEN,Restaurant,27.6733384,85.4097721,0.0,0.0,0
TAJ KHAJA ghar,Restaurant,27.6760772,85.4085931,94.5,0.0,0
AJ Cafeteria,Cafe,27.673825,85.4098184,94.5,3.5,11
‡§≠‡§ø,Restaurant,27.6738307,85.4097828,80.5,4.9,8
Minu KhajaGhar and Bhojanalay,Fast food restaurant,27.6738602,85.4094831,0.0,5.0,1
SallaGhari Khaja Ghar,Fast food restaurant,27.6737669,85.4101513,91.0,4.0,1
Gopal Khaja Ghar,Restaurant,27.6775961,85.4075601,0.0,4.0,2
Sanu Mo:Mo: Center and Bhojanalay,Dumpling restaurant,27.6718939,85.4062693,90.0,2.3,3
Sanju Cold Store,Restaurant,27.6759705,85.4171998,0.0,0.0,0
Chonga Ganesh Newari Khaja Ghar,Brunch restaurant,27.6756675,85.4200654,0.0,0.0,0
Mayur Restaurant,Restaurant,27.6733621,85.434938,63.0,4.3,311
"Bhadrakali Snooker,pool,Cafe and Hookah",Breakfast restaurant,27.6709669,85.4227737,98.0,4.0,1
Divyashree Restaurant And Banquet,Restaurant,27.6720143,85.4044925,105.0,3.8,13
BC Fast Foodl,Barbecue restaurant,27.6652101,85.4272984,91.0,0.0,0
Hena Coffee,Coffee shop,27.677081,85.4359849,91.0,5.0,10
MR BAKE Coffee,Coffee shop,27.6762531,85.4378648,91.0,3.9,21
The Coffee Time,Coffee shop,27.6742754,85.4330135,91.0,5.0,1
Sanereetaz Balakhu Caf√©,Coffee shop,27.6726124,85.4292056,122.5,5.0,7
Food Bowl Restaurant,Coffee shop,27.6771492,85.436841,87.5,4.6,58
Kaman Coffee Shop,Coffee shop,27.6734349,85.4381693,108.5,4.1,41
Coffee in Style,Cafe,27.6713463,85.4300451,91.0,4.4,105
Himalayan Java Coffee - Bhaktapur,Coffee shop,27.6708631,85.4292379,105.0,4.7,193
Bikerz Point,Cafe,27.6783543,85.4339395,0.0,4.8,6
Time's Cafe And Restro,Restaurant,27.6774529,85.4380362,85.0,4.0,189
JUJU CAFE,Cafe,27.6726179,85.4292028,91.0,4.4,57
Fursad cafe,Cafe,27.675584,85.4302642,70.0,5.0,3
Chiya Sangai: Best Tea Shop in Bhaktapur,Tea store,27.6769293,85.4377586,112.0,5.0,1
Bhintuna food cafe,Restaurant,27.675825,85.4381791,101.5,4.8,31
Moody Cafe,Restaurant,27.6756057,85.4317077,84.0,4.5,15
Restaurant Tusa,Restaurant,27.6736992,85.4334327,0.0,4.7,109
Lovely Milk Bar Bhaktapur,Cafe,27.6733785,85.4348665,91.0,5.0,13
De' Hide Out Cafe With Restro,Restaurant,27.6708993,85.4389241,98.0,4.2,26
HADA STORE (BHAKTAPUR JUJU DHAU Â∑¥Âæ∑Â≤óËÄÅÈÖ∏Â•∂Â∫óÔºâ,Coffee shop,27.6722935,85.4269415,104.5,4.5,36
Namaste Coffee Shop,Coffee shop,27.6713833,85.4295005,0.0,4.5,8
Jhee Newa Cafe,Coffee shop,27.6726029,85.4312104,101.5,4.0,1
Kissing Fish Spa,Coffee shop,27.6716587,85.4301434,78.0,5.0,1
Kopu burger cafe,Coffee shop,27.6709997,85.4298171,0.0,5.0,1
Ichu galli,Coffee shop,27.6713256,85.4279672,0.0,5.0,1
DAAMI Cafe,Coffee shop,27.6691297,85.4280708,0.0,5.0,1
Kanxi chiya pasal,Coffee shop,27.6722306,85.4324328,0.0,1.0,1
Coffee Break,Cafe,27.6718026,85.4305635,84.0,5.0,5
Pulanchhen,Cafe,27.673801,85.4270962,98.0,5.0,1
Sha-Jhya Cafe & Funkey Delights,Cafe,27.6719183,85.4296154,91.0,3.7,158
Bhaktapur King Curd,Cafe,27.6722945,85.4270212,94.5,4.4,8
Chandrayan Espresso Bar,Espresso bar,27.6721252,85.4235942,98.0,3.8,86
Suresh coffee shop,Coffee shop,27.6775854,85.4302684,0.0,0.0,0
‡§∂‡•ç‡§Ø‡§æ‡§Æ ‡§ö‡§ø‡§Ø‡§æ ‡§™‡§∏‡§≤,Coffee shop,27.6760317,85.4325788,0.0,0.0,0
Fried local foods,Coffee shop,27.6718627,85.4297751,0.0,0.0,0
Art Gallery Cafe (AGC),Coffee shop,27.6717925,85.4324033,0.0,0.0,0
Kharbuza's Shop,Coffee shop,27.6771993,85.4228395,0.0,0.0,0
rajan khiunju,Coffee shop,27.6748464,85.4273098,0.0,0.0,0
Daily Grind Coffee,Restaurant,27.6721663,85.429265,98.0,4.8,9
Gomari Chhen,Coffee shop,27.6722932,85.4327994,0.0,0.0,0
Tuchhimama,Coffee shop,27.6733738,85.4311453,0.0,0.0,0
Aayan‚Äôs cafe and fastfood,Coffee shop,27.6734265,85.4311372,0.0,0.0,0
Punahari Coffee Shop,Cafe,27.6756396,85.4351914,0.0,1.0,1
Cafe De Bonjour,Fast food restaurant,27.6727303,85.4267056,87.0,4.2,6
The Hangout,Cafe,27.676286,85.4323664,0.0,4.0,4
Khwopa Media,Cafe,27.6719772,85.4372379,0.0,5.0,1
Namo Buddha Khaja Ghar,Cafe,27.6760901,85.4229492,84.0,4.5,4
‡§¨‡§∞‡•ç‡§ó‡§∞ ‡§π‡§æ‡§â‡§∏,Cafe,27.6727151,85.4258303,77.0,4.1,155
Zoom Eat Street,Cafe,27.6727115,85.4266876,91.0,2.5,2
Cafe Zone,Cafe,27.6718091,85.4306621,101.5,3.8,21
TERAKOTA WINDOW CAFE,Cafe,27.6738041,85.4311855,90.0,0.0,0
Lumanti Cafe,Cafe,27.6733741,85.4370836,77.0,0.0,0
Vajra Boutique Hotel,Restaurant,27.6726197,85.4295217,0.0,4.2,209
Alphabet Pizzeria,Restaurant,27.6722963,85.4241239,74.5,4.5,950
The Nanee,Cafe,27.6727318,85.4257091,0.0,4.5,93
its chai wala,Cafe,27.6752631,85.4300374,0.0,0.0,0
LUNIVA RESTAURANT AND GUEST HOUSE,Cafe,27.6747818,85.4312311,0.0,4.4,11
Shiva Guest House,Cafe,27.6718108,85.428603,0.0,4.0,17
Nasajwolan Newa kitchen & Continental Food,Family restaurant,27.6723271,85.424125,77.0,2.1,7
Coffee Square,Cafe,27.6729764,85.4263687,0.0,4.4,22
Hostel Swastik,Restaurant,27.6755045,85.434147,0.0,4.9,54
Awal paha chhen,Restaurant,27.675937,85.433786,77.0,0.0,0
NUMA KRISHI TATHA FRESH FARM PVT,Family restaurant,27.6738729,85.4272013,0.0,0.0,0
Taleju Grand Hotel - Bhaktapur,Cafe,27.6726564,85.4289499,0.0,4.8,17
Sukuldhoka_ newar_khaja_ghar,Restaurant,27.6723944,85.4303515,0.0,0.0,0
Newa Lahana Bhaktapur & Hotel,Restaurant,27.6722545,85.4308109,0.0,4.3,44
Aamako Bara Pasal,Restaurant,27.6719045,85.4294079,0.0,4.0,188
Travellers Bistro,Asian restaurant,27.6733506,85.4351605,0.0,0.0,0
Sudhha MoMo,Momo restaurant,27.6728872,85.4296237,0.0,0.0,0
Mahakali Mo mo,Fast food restaurant,27.6763359,85.4324363,0.0,0.0,0
Community at The Nanee,Restaurant,27.6727094,85.4258379,108.5,4.7,63
Baiga Vutoo,Restaurant,27.6724496,85.429542,77.0,4.9,13
De Arena Restaurant Paryatak Pasal,Restaurant,27.6735504,85.4346362,87.5,4.6,30
Jhegu newa kitchen restro,Family restaurant,27.6698837,85.4293982,70.0,4.4,10
New Watshala Garden Restaurant,Restaurant,27.6718001,85.4285972,83.5,4.6,5
Peaceful Korean Restaurant,Korean restaurant,27.6733352,85.4350754,70.0,4.3,147
Sakotha Woh-Chatamari Fast Food,Fast food restaurant,27.6719049,85.4294072,66.27,4.5,20
Binayak Fast Food & Sekuwa Corner,Fast food restaurant,27.6768541,85.4371348,84.0,4.5,2
Temple Terrace Restaurant,Restaurant,27.6714191,85.4293764,0.0,5.0,1
Samsara thakali restaurant,Thai restaurant,27.672294,85.433751,99.0,4.5,10
Gwakhancha,Restaurant,27.6711897,85.4284526,91.0,5.0,7
Awal Newari Khaja Ghar,Restaurant,27.6768192,85.4337163,0.0,5.0,1
The Golden Eyes Restaurant & Cafe,Restaurant,27.6715495,85.429344,86.0,3.5,85
Chiya & Cheers,Bar,27.6703872,85.4281081,0.0,4.9,22
D'Ja Cafe & Sports Bar with Rooftop Restaurant,Sports bar,27.6719349,85.4300687,0.0,3.8,33
Namaste Restaurant,Family restaurant,27.6713046,85.4294878,98.0,3.9,209
J block,Breakfast restaurant,27.6709633,85.4391693,0.0,0.0,0
Dinesh Dai ko Chya Pasal tatha Juju Dhau,Restaurant,27.6736076,85.4353107,0.0,5.0,4
Gopal Dai Ko Chya Pasal,Nepalese restaurant,27.6733399,85.4354511,0.0,5.0,2
Sekuwalaya,Bar,27.6723152,85.4328948,0.0,3.8,11
Hungry Musician Terrace & Bhaktapur Workshop Residency,Musical club,27.6721859,85.43032,0.0,4.8,18
parin Liquor shop,Bar,27.6746724,85.4278343,0.0,5.0,1
Ktm,Bar,27.674766,85.4273979,0.0,0.0,0
Bal Bhai Newari Khaja Ghar,Fast food restaurant,27.6748129,85.4278108,98.0,2.3,3
Hotel Empire & Rooftop Restaurant,Restaurant,27.6716687,85.4293462,0.0,4.1,116
Manju Baha Hotel,Restaurant,27.6747238,85.433787,0.0,4.7,91
Muglan Hotel & Thakali Restaurant,Restaurant,27.6728125,85.4289375,0.0,4.1,205
khwapa chhen Guest House and Restaurant,Restaurant,27.6721267,85.4273216,0.0,3.9,78
bhaktapur juju dhu pasal.,Restaurant,27.6729218,85.4315966,77.0,4.0,1
Ittchhen Tole -2,Restaurant,27.6727421,85.4262308,0.0,4.0,1
The waffle spot,Fast food restaurant,27.6723074,85.426568,0.0,5.0,1
Ravi Dai Newa Chhen (Dattatraya Khaja Ghar / ‡§¶‡§§‡•ç‡§§‡§æ‡§§‡•ç‡§∞‡§Ø ‡§ñ‡§æ‡§ú‡§æ ‡§ò‡§∞),Restaurant,27.6733346,85.4352088,0.0,3.9,80
Narey's Caf√©,Coffee shop,27.6645571,85.4252743,0.0,5.0,5
Coffee land,Coffee shop,27.6655004,85.4251129,101.5,5.0,7
CoffeeStation&Bakery,Coffee shop,27.6654581,85.4243362,0.0,5.0,2
Beans - The Coffee shop,Coffee shop,27.6672465,85.4260279,94.5,4.1,35
Ghising Khaja Ghar,Coffee shop,27.6619692,85.4240448,0.0,5.0,1
Twayana Nasa: Chhe,Coffee shop,27.6620794,85.4220969,0.0,5.0,2
Suraj's home,Coffee shop,27.6634284,85.4303185,0.0,0.0,0
Bastakoti Khaja Ghar,Restaurant,27.677067,85.4370221,84.0,0.0,0
Anil Newari Khajaghar,Restaurant,27.6759361,85.4229454,84.0,3.0,1
Ittachen Bhaktapur,Family restaurant,27.6729221,85.4254375,0.0,0.0,0
Newa Delights,Restaurant,27.6726948,85.4246997,80.0,0.0,0
Kasi Restro & Baar,Restaurant,27.6766991,85.4350799,0.0,0.0,0
Duwal Dai ko chiya pasal,Restaurant,27.673771,85.4228499,0.0,0.0,0
Swiss Tea House,Cafe,27.6623983,85.4227701,0.0,5.0,4
K2 Coffee (Nepali Arabica Coffee Supplier),Coffee store,27.6642212,85.4337559,0.0,5.0,1
Everest Bakery's Coffee Shop,Coffee store,27.6654263,85.4247885,91.0,4.1,7
GK Coffee Cold Store,Coffee store,27.6676471,85.4352535,91.0,4.4,16
Kumar Special Panipuri and Coffee Shop,Coffee shop,27.665906,85.4383846,0.0,5.0,1
Relish MoMo Center,Momo restaurant,27.6722161,85.4241035,84.0,2.5,4
Shriyanka Burger Hub,Restaurant,27.6729162,85.42575,0.0,0.0,0
Durbar Restaurant & Burger Hub,Hamburger restaurant,27.6727348,85.4246806,0.0,0.0,0
Suman cold store,Restaurant,27.6769336,85.42285,0.0,0.0,0
Byasi khaja ghar,Fast food restaurant,27.6753468,85.4269932,0.0,0.0,0
momo center,Fast food restaurant,27.6716806,85.4301006,0.0,0.0,0
Komeda Cafe,Cafe,27.6654822,85.4235039,105.0,4.8,9
ASALfood and beverage,Restaurant,27.6621394,85.4261398,0.0,4.5,8
Yonjan,Restaurant,27.6625467,85.4336946,0.0,5.0,1
S & S Khaja Ghar & Sekuwa Corner,Cafe,27.6641245,85.4240109,105.0,5.0,3
Nasika Sekuwa and Burger Station,Restaurant,27.6632535,85.425985,98.0,5.0,1
Diyo Garden Restaurant,Restaurant,27.6633774,85.4259391,91.0,3.6,5
Aagya wine and dine,Restaurant,27.6630991,85.4240961,0.0,5.0,1
Samir khaja Ghar,Cafe,27.6617848,85.4261976,140.0,0.0,0
Everest Momo & Newari Khaja Ghar,Restaurant,27.6643784,85.4261986,0.0,4.7,3
Ray Mama's Restro,Restaurant,27.6626591,85.4259429,84.0,0.0,0
Dreamland Kitchen Restaurant,Asian restaurant,27.6677053,85.4255981,0.0,5.0,2
Dolakha Khaja Ghar,Restaurant,27.6628502,85.4259424,93.0,0.0,0
Uttam Dai Ko MoMo,Restaurant,27.6664747,85.438088,0.0,4.2,53
Kumpakha khaja ghar & Mini Party palace,Restaurant,27.6630064,85.4232512,98.0,4.0,1
Peace Heart Zone,Pizza restaurant,27.6633687,85.4237219,98.0,0.0,0
Lisankhu Pakhar Daanse Khaja Ghar,Restaurant,27.6625108,85.4241925,0.0,0.0,0
De Newa Kitchen,Cafe,27.6658536,85.438753,0.0,5.0,3
Ajima cafe,Restaurant,27.670873,85.4255394,0.0,5.0,3
A-One Fast Food & Chaat Center,Family restaurant,27.6688119,85.4279565,0.0,5.0,1
D icon Restaurant,Bar,27.6723776,85.4384499,98.0,5.0,2
Suryabinayak bhaktapur,Bar,27.66532,85.4254412,0.0,0.0,0
D&R Fast Food,Fast food restaurant,27.6674076,85.4358847,94.5,3.6,16
New enjoy mo: mo: & stick food,Fast food restaurant,27.6659909,85.4258588,97.22,0.0,0
Araniko Khaja Ghar,Fast food restaurant,27.6663379,85.4234822,87.5,4.1,12
RajeshDaikoNewariKhajaghar‡§∞‡§æ‡§ú‡•á‡§∂ ‡§¶‡§æ‡§à‡§ï‡•ã ‡§®‡•á‡§µ‡§æ‡§∞‡•Ä ‡§ñ‡§æ‡§ú‡§æ ‡§ò‡§∞,Fast food restaurant,27.6652255,85.4241241,0.0,0.0,0
The marcopolo restaurant,Fast food restaurant,27.6708871,85.4290875,0.0,0.0,0
Dashinkali everest momo center,Fast food restaurant,27.666657,85.425601,91.0,4.0,7
Aalucha,Fast food restaurant,27.6715487,85.4283565,0.0,3.9,587
Bagale Fast Food and Sekuwa Corner,Fast food restaurant,27.6698558,85.4377501,98.0,0.0,0
The Lazy Lump,Restaurant,27.666067,85.4274325,91.0,5.0,6
‡§§‡§æ‡§∞‡§æ ‡§¶‡§æ‡§à‡§ï‡•ã ‡§°‡•Å‡§®‡§ü ‡§™‡§∏‡§≤,Breakfast restaurant,27.6676619,85.4330136,91.0,3.3,9
AYUSH GHASA CHHE,Asian restaurant,27.6652493,85.4270454,108.5,0.0,0
Everest MoMo,Fast food restaurant,27.671336,85.4300794,66.5,3.8,123
Sukul,Fast food restaurant,27.6714524,85.431381,0.0,0.0,0
Gosain Hotel And Cafe,Fast food restaurant,27.670994,85.4298429,0.0,0.0,0
Kavreli khajaghar,Coffee shop,27.6690835,85.4248994,0.0,5.0,1
Sunil tea shop,Coffee shop,27.6701657,85.4254489,112.0,3.9,16
Barahi Coffee Shop,Coffee shop,27.6661498,85.4222161,98.0,3.3,12
Cosy Cafe,Coffee shop,27.6700737,85.4283216,48.0,3.7,3
Kristina Cafe and Coffee Shop,Cafe,27.666073,85.4226171,105.0,4.0,4
Amity Tea & Coffee Corner,Coffee shop,27.67029,85.42765,0.0,3.5,6
Tea shop,Coffee shop,27.670376,85.4284829,0.0,0.0,0
Kanxoz Cafe,Coffee shop,27.6672969,85.426885,105.0,0.0,0
Yaman Coffee Shop,Coffee shop,27.6666191,85.4237202,105.0,2.9,7
Bhaktapur Bartending & Barista,Coffee shop,27.6653251,85.4254639,66.0,4.8,24
YG COFFEE & TRAINING CENTRE,Coffee shop,27.6660197,85.4242277,0.0,0.0,0
Anju Store,Coffee shop,27.6659972,85.4238661,98.0,0.0,0
Bangsagopal,Coffee shop,27.6695875,85.4263594,0.0,3.0,1
Suman Tamang Shop,Coffee shop,27.666443,85.4248226,0.0,0.0,0
Momo & Khaja corner,Coffee shop,27.665455,85.4239267,0.0,0.0,0
The 1990 Yummy Laphing & Momo Center,Asian restaurant,27.6692533,85.4250107,77.0,4.3,247
The Burger House And Crunchy Fried Chicken,Restaurant,27.6710646,85.4217254,84.0,5.0,8
Unique Khaja Ghar,Nepalese restaurant,27.6654513,85.4221887,0.0,5.0,2
"Lumbini tandoori bhojanalaya,suryabinayak",Restaurant,27.6654551,85.4231862,0.0,5.0,6
Grill and chill,Chicken restaurant,27.6654456,85.4231215,87.5,4.5,10
Mo: Mo Shop,Restaurant,27.6712938,85.4209804,0.0,5.0,3
Lhosa Chhen,Restaurant,27.6649091,85.4227092,98.0,4.3,9
BARAHI AJIMA NEWARI KHAJA GHAR,Family restaurant,27.6697631,85.426554,0.0,5.0,1
times cafe,Cafe,27.6673032,85.4254267,98.0,4.1,8
Moori De lounge,Cafe,27.666067,85.4234754,0.0,5.0,1
Ramailo MOMO,Momo restaurant,27.6654899,85.4246151,84.0,4.3,7
Just Chill Restaurant,Restaurant,27.6652904,85.4224034,90.5,0.0,0
Delhi Alkarim Biryani and Fast Food,Asian restaurant,27.6687485,85.4279453,0.0,4.2,6
LAFANGAZ Cafe,Restaurant,27.6711233,85.4234664,106.0,0.0,0
Nimto MoMo Naan & Stick Food House,Restaurant,27.6652775,85.4256796,78.0,0.0,0
The Momo Factory,Restaurant,27.6653663,85.4262875,90.5,2.3,4
Suryabinayak Burger House & Crunchy Fried Chicken,Restaurant,27.6666969,85.4256377,84.0,1.7,14
Mangalachhen,Family restaurant,27.6697682,85.426547,0.0,0.0,0
Hypnotize restro,Restaurant,27.6664092,85.4205994,91.0,0.0,0
Luthabu,Family restaurant,27.6650513,85.4275729,0.0,0.0,0
Barahi Liquors,Bar,27.671011,85.4257652,0.0,5.0,1
Bhaktapur,Restaurant,27.6708782,85.425545,0.0,0.0,0
bishnu mo m,Restaurant,27.6693229,85.4281027,0.0,0.0,0
Classic Burger & Stick Food Service,Restaurant,27.6694417,85.428121,77.0,0.0,0
Pride food cafe,Restaurant,27.6655255,85.4255009,0.0,0.0,0
New Vishnu Mo Mo Center,Dumpling restaurant,27.6704939,85.4227322,0.0,0.0,0
Sasto mitho khaja ghar,Restaurant,27.6653184,85.4224212,0.0,0.0,0
New City Top Rakesh Special Panipuri House,Restaurant,27.6675754,85.4263916,73.5,0.0,0
Malla's Kitchen,Cafe,27.6670549,85.4268318,98.0,5.0,4
Bhajyapukhu Cafe Outlet,Cafe,27.6675974,85.4265822,84.0,5.0,1
The zeroth cafe and fast food,Cafe,27.6691349,85.4280808,91.0,5.0,6
Purbeli chiya pasal,Fast food restaurant,27.6714331,85.4229092,97.5,5.0,5
Laphing Hut,Cafe,27.6676166,85.4264276,49.0,5.0,1
Akarshan Cafe,Cafe,27.6643186,85.4248565,77.0,3.2,6
Duwal Wireless,Cafe,27.6712216,85.4234705,0.0,4.0,2
JYO JYO CAFE Pvt.Ltd.‚òïÔ∏è,Cafe,27.6643982,85.4256247,0.0,0.0,0
The Vibevault & ChiyaKhana,Cafe,27.6668872,85.4259959,84.0,0.0,0
Khadka Restro,Cafe,27.6701931,85.415751,87.5,2.0,3
Hotel White House,Restaurant,27.6622144,85.4225893,0.0,4.0,50
MOMO CAFE,Coffee shop,27.67344,85.4041116,0.0,0.0,0
Local house,Coffee shop,27.6728868,85.4039087,94.5,0.0,0
Creative Burger & Pasta House,Restaurant,27.672397,85.4051819,98.0,4.8,105
Good Mood Food Cafe,Restaurant,27.6723939,85.4051633,84.0,3.6,29
bhaktapur srijanagar,Bar,27.6739329,85.4053391,0.0,0.0,0
Nauni Ghiu Biryani Restro And Bar,Restaurant,27.6736257,85.4050284,0.0,0.0,0
Firewood Sekuwa Palace N Thakali,Restaurant,27.6733771,85.4036604,98.0,4.0,54
Antarikshya Stick Food,Fast food restaurant,27.6742943,85.4046743,0.0,0.0,0
Bishal Momo,Momo restaurant,27.6733609,85.4051482,38.0,4.4,103
AD-hose,Coffee shop,27.6692427,85.4052233,0.0,0.0,0
Rajan Khunju,Coffee shop,27.665405,85.404719,0.0,0.0,0
chi‚Äôs sweet home,Coffee shop,27.6680311,85.4067485,0.0,0.0,0
Ningleku House,Assamese restaurant,27.6701266,85.4026572,0.0,5.0,1
Hamro Khaja Junction,Fast food restaurant,27.668302,85.404303,0.0,0.0,0
Subechhya Restaurant,Family restaurant,27.6732465,85.4037988,0.0,0.0,0
Shandaar Mo:Mo,Cafe,27.6696249,85.4109317,0.0,5.0,1
bakhunchhe house,Cafe,27.6664503,85.4040677,0.0,0.0,0
Bijay Coffee Shop,Cafe,27.6666304,85.4359586,95.43,4.0,5
Jagati hanumanghat Road,Coffee shop,27.6669539,85.4363544,0.0,0.0,0
Underground Gamers Cafe,Cafe,27.6677098,85.4329235,0.0,4.0,2
Subin Cafe,Cafe,27.6717718,85.4393062,108.5,3.2,23
Halesi meat shop and sekuwa corner,Family restaurant,27.6658296,85.4383976,0.0,5.0,1
Royal jagati khajaghar and sekuwa corner,Restaurant,27.6658507,85.4387659,0.0,5.0,1
The Laphin House and Momo Centre,Restaurant,27.6677888,85.4365747,0.0,4.0,1
Krishna Fast Food,Cafe,27.6706541,85.4389575,0.0,0.0,0
Shree Jagati Mithai Bhandar,Candy store,27.6665544,85.4377743,108.5,4.0,8
Destination Restaurant &Bakery Cafe,Fast food restaurant,27.6676408,85.4359415,0.0,0.0,0
Halu Khaja Ghar,Family restaurant,27.670213,85.4389827,0.0,0.0,0
Chhitomitho momo,Restaurant,27.6660273,85.4332801,0.0,0.0,0
Center Momo & Burger House,Restaurant,27.6659531,85.4345625,0.0,4.3,15
A One Liquor Shop,Bar,27.6712166,85.4378953,84.0,5.0,3
Namaste Kabhre Restro,Fast food restaurant,27.6669134,85.436165,0.0,3.0,2
Manandhar Hotel,Restaurant,27.6661458,85.4362277,77.0,3.4,11
IHOB Cafe and Restaurant,Fast food restaurant,27.677582,85.438631,0.0,0.0,0
Nawa Durga Khaja Ghar and Fast Food,Restaurant,27.6752549,85.438541,0.0,3.0,2
KV Lounge and Jagatiko Chhoila Pasal,Restaurant,27.6765449,85.437712,105.0,4.0,134
The Box Hub,Bar,27.6776134,85.4387782,98.0,5.0,8
Keshab Coffee Shop,Cafe,27.6732069,85.4381559,77.0,3.9,16
Khwopa Beans Cafe,Coffee shop,27.6731166,85.4380831,98.0,0.0,0
Duwal house,Coffee shop,27.672089,85.4403049,0.0,0.0,0
The sign cafe,Coffee shop,27.6756952,85.4377457,0.0,0.0,0
Nagarkot Khaja & Thakali Bhojanalaya,Nepalese restaurant,27.6760335,85.4375354,98.0,5.0,6
Yes Cafe,Cafe,27.6758349,85.4382209,101.5,3.0,4
Mamako Coffee Shop,Coffee shop,27.6718891,85.4224559,112.0,3.0,2
Matina Cafe,Cafe,27.6715049,85.4298364,98.0,3.2,86
Lotus restaurant and rooftop bar,Indian restaurant,27.6712409,85.4295755,0.0,2.3,3
Shanghai Express | Chinese Restaurant,Chinese restaurant,27.6699502,85.4277479,98.0,0.0,0
Surybanyak,Hamburger restaurant,27.6668246,85.425633,0.0,0.0,0
Aaditya Paanipuri ChanaChatpat & Cold Drinks,Restaurant,27.6703549,85.4310597,0.0,3.0,1
Sagar Khaza Ghar,Restaurant,27.6698976,85.4305634,0.0,0.0,0
Planet Bhaktapur Hotel,Restaurant,27.682026,85.4301483,0.0,4.7,273
Mo:mo pasal,Momo restaurant,27.6777681,85.4226628,84.0,5.0,6
Mohan Newa Khazaghar,Restaurant,27.6729566,85.4052439,80.5,4.3,3
Himalayan Takeaway Bhaktapur,Restaurant,27.6713509,85.4301202,91.5,5.0,1
Newari khaja and bara ghar,Restaurant,27.6714791,85.4299259,0.0,4.3,6
Sandar MoMo,Momo restaurant,27.6715316,85.4224053,0.0,3.3,3
DAJUBHAI KHAJA GHAR,Restaurant,27.6715355,85.4167828,0.0,0.0,0
Aesamari Sattal,Coffee shop,27.6708855,85.4290938,0.0,1.0,1
Newari khajaghar & Sekuwa corner,Coffee shop,27.6639829,85.4218836,0.0,0.0,0
"1990s laphing,dhara",Restaurant,27.6718977,85.438394,0.0,0.0,0
Yomari Pasa:,Cafe,27.6715439,85.4301936,91.0,5.0,2
De'MoMo Factory Bhaktapur,Restaurant,27.6672809,85.4234083,91.0,4.0,9
Gamenic Cafe (Game Bar & Cafe),Bar,27.6717182,85.438968,0.0,3.3,4
Matina Laphing House,Cafe,27.6711545,85.4300711,84.0,2.8,4
Untouched like blue dawn,Cafe,27.6678168,85.43099,98.0,0.0,0
Cafe Boh,Cafe,27.6783498,85.3984108,83.0,4.6,227
90's Cafe,Coffee shop,27.6742191,85.3899348,84.0,4.8,22
Mount RED BEANS COFFEE and roastery,Coffee shop,27.6759681,85.3981204,91.0,5.0,9
Cafe Sayto Kalo,Coffee shop,27.6830101,85.3863668,101.5,4.8,13
Coffee shop,Cafe,27.6801375,85.3982656,87.5,5.0,1
Khwopa Coffee Hub,Cafe,27.6754861,85.3974593,91.0,4.7,20
Coffee Corner,Coffee shop,27.6826986,85.3871536,105.0,4.0,106
YaNi cafe,Cafe,27.6732158,85.3798578,0.0,5.0,13
Freshco Cafe and Barista Coffee School,Coffee shop,27.676841,85.3982214,98.0,4.1,24
Orenda Square,Tea store,27.6800967,85.3859665,105.0,5.0,1
JHEEGU CHIYA CHEEN,Tea store,27.6824864,85.410321,112.0,5.0,3
Karki store,Tea store,27.680823,85.420006,0.0,5.0,2
Timal jaksan tea coffee and kirana shop,Coffee shop,27.6732766,85.3790923,0.0,5.0,2
Friendship coffee shop,Coffee shop,27.6766717,85.4428172,0.0,0.0,0
Arabica coffee Radhe Radhe,Coffee shop,27.6763531,85.3981224,105.0,3.8,63
Duipokhari Coffee Shop,Coffee shop,27.6781442,85.3862113,98.0,4.0,6
The chatpate & chiya junction,Tea store,27.6748902,85.4382099,101.5,4.9,9
Balkumari Coffee Shop,Coffee shop,27.6764901,85.3857096,108.5,3.9,15
Nice Coffee Shop & Khaja Ghar,Coffee shop,27.6754222,85.3860485,0.0,3.5,10
Pasa Cafe,Coffee shop,27.705119,85.4183249,0.0,3.5,37
Friendship coffee shop,Coffee shop,27.6766755,85.4428196,0.0,0.0,0
Madhyapur dairy and coffee shop,Coffee shop,27.6809973,85.3860676,91.0,3.9,16
Pramod tea and coffee shop,Coffee shop,27.689597,85.39874,0.0,0.0,0
Kafle dairy and coffee shop,Coffee shop,27.6832028,85.4013576,0.0,0.0,0
Jiwan Dairy and Coffee Shop,Coffee shop,27.674399,85.3803331,91.0,3.3,15
Hot duck Brothers point,Tea store,27.6846042,85.4109941,0.0,5.0,2
Garud's Cottage,Tea store,27.7102618,85.4215296,94.5,5.0,5
Food Zone Duwakot,Fast food restaurant,27.6841318,85.4113261,109.5,4.9,40
"KFC, Thimi",Fast food restaurant,27.6748653,85.3973167,80.5,4.0,583
The Burger King & Crunchy Fried Chicken,Fast food restaurant,27.6893789,85.3895401,91.0,3.7,86
Dakshin Barahi Mo:Mo & Food Corner,Fast food restaurant,27.6730017,85.3853751,60.0,3.9,89
U.S Fast Food,Restaurant,27.6727206,85.3846813,91.0,5.0,1
"Madhyapur Thimi Burger House and Crunchy Fried Chicken,",Restaurant,27.6828082,85.3859495,86.0,3.8,115
Madhyapur Fast Food,Fast food restaurant,27.68278,85.385764,70.0,4.4,9
Abi Khaja Ghar And Fastfood,Restaurant,27.6729471,85.3906084,98.0,5.0,6
Hamro khaza ghar,Tea store,27.6788593,85.4085225,0.0,3.7,3
Arjun Tea Shop,Tea store,27.6811319,85.3882329,0.0,4.2,5
‡§Æ‡§ô‡§≤‡•Ä ‡§ï‡•ã ‡§™‡§∏‡§≤,Tea store,27.7032375,85.4142656,0.0,0.0,0
Duwakot chiya chautari,Tea store,27.6816938,85.4103897,0.0,0.0,0
Chiya Kham,Tea store,27.6759822,85.4337928,0.0,0.0,0
Basu ko pasal,Tea store,27.6836829,85.4369235,0.0,0.0,0
Fast and Fresh Food,Fast food restaurant,27.6750259,85.3978356,0.0,2.0,2
Streat 9 fast food and cafe,Family restaurant,27.6897621,85.3902949,80.0,5.0,1
Pranjal Fast Food & Cafe,Fast food restaurant,27.6753726,85.3978882,91.0,3.9,7
Sagar fast food and cafe,Restaurant,27.6766699,85.3763603,98.0,3.3,6
Unik Fast Food And Cafe,Fast food restaurant,27.6774892,85.3985,70.0,3.4,14
Gopal Sau,Tea store,27.6733359,85.4354261,0.0,0.0,0
P.S.P Khaja Ghar,Tea store,27.7125802,85.4244619,0.0,0.0,0
B and B fast food,Fast food restaurant,27.6844657,85.3877447,0.0,1.0,2
Mama Bhanja Fast Food,Restaurant,27.6775481,85.3985095,0.0,1.3,7
UDAYPUR FAST FOOD,Fast food restaurant,27.6877142,85.3981141,0.0,0.0,0
Barudan fastfood chagunarayan,Fast food restaurant,27.7132229,85.4127695,0.0,0.0,0
5I Restaurant,Family restaurant,27.6844567,85.4109168,72.0,4.8,13
It's Bee's Knees Tavern & Lounge,Restaurant,27.6765083,85.3942093,0.0,4.9,30
Chicken Station Radhe Radhe Bhaktapur,Fast food restaurant,27.6753388,85.39819,98.0,3.4,100
KKFC BHAKTAPUR THIMI,Fast food restaurant,27.6751075,85.3971681,66.17,4.2,10
Ghumti Cafe and Restaurant,Cafe,27.6525209,85.4106395,0.0,4.9,57
THE BIRYANI HOUSE,Family restaurant,27.667819,85.3865575,77.0,4.9,162
Falaichama,Fast food restaurant,27.652187,85.4036987,84.0,4.9,130
Samsara Restro,Fast food restaurant,27.6692896,85.3859474,84.0,4.1,224
The Guras Restaurant,Restaurant,27.6512599,85.4184038,0.0,5.0,2
Aa‡§≤ waypoing restaurant and bar,Restaurant,27.6443198,85.4101158,81.0,4.1,17
Hamro caf√® and Coffee,Coffee shop,27.6490096,85.4115286,0.0,5.0,3
Las Kus Restaurant And Dawali snooker House,Restaurant,27.6580245,85.3993901,84.0,4.4,12
Green Height Restaurant,Restaurant,27.6628023,85.3904676,84.0,4.0,53
Ghyampe view Point Restaurant,Fast food restaurant,27.6317596,85.4293694,100.5,5.0,1
Nayuma Restaurant,Fast food restaurant,27.657684,85.3884251,91.0,4.7,3
Yolo Restaurant,Restaurant,27.6400944,85.4073184,0.0,4.2,89
Puzzles: Not Just A Caf√©,Restaurant,27.6697722,85.3769534,91.0,3.8,40
YOYO Cafe & Restaurant,Restaurant,27.6299466,85.4271613,0.0,4.2,6
Moonlight Snooker House & Restaurant,Family restaurant,27.6390645,85.3945016,0.0,4.3,3
Chiya Vibes,Tea store,27.6693444,85.3817081,105.0,4.4,14
Samrakshyak Sainju,Tea store,27.6537851,85.4076709,98.0,4.6,7
Ramchandra Chiya Pasal,Tea store,27.6701851,85.3822674,98.0,4.6,11
Suntali Chiya Pasal‚òïÔ∏èüçÆüçµ,Tea store,27.6617308,85.4096256,101.5,5.0,1
Ghimire Chowk,Tea store,27.6639375,85.3830625,0.0,4.2,9
Ilam Organic green tea (IOCP TEA),Tea store,27.6592943,85.4275082,56.0,4.1,10
Chiya Obsession Suryabinayak,Tea store,27.6673926,85.4261771,0.0,4.0,1
New Tapari Mo:Mo,Fast food restaurant,27.6648321,85.390258,87.5,5.0,3
Khadka Khaja Ghar and Sekuwa House,Fast food restaurant,27.6681756,85.3776471,91.0,5.0,1
Kp Newari Kaja Ghar,Fast food restaurant,27.6574174,85.38646,91.0,4.5,8
Valley stick food,Fast food restaurant,27.6658125,85.3891875,0.0,4.5,2
BDS Restaurant and Kimchi Jhol momo,Fast food restaurant,27.6692062,85.3856611,54.0,3.5,8
Newari Chulo and Restaurant,Restaurant,27.669335,85.3881533,0.0,2.0,1
Dakshin Barahi Fast Food and Resutrant,Restaurant,27.6691076,85.3859252,99.75,3.4,21
Paragon food Cafe,Fast food restaurant,27.6682452,85.3861734,0.0,5.0,6
KC fast food,Fast food restaurant,27.6691004,85.3881307,0.0,0.0,0
Kalakriti cafe and tattoo inn,Cafe,27.6566636,85.4238085,105.0,5.0,1
Ghyampe dada khaja ghar,Nepalese restaurant,27.6316745,85.4295132,87.5,4.3,25
dUmpling MoMO,Momo restaurant,27.6393808,85.4161377,105.0,4.6,12
Sujan Khaja Ghar,Family restaurant,27.6358125,85.4215625,0.0,5.0,1
THE SIDE KITCHEN,Family restaurant,27.6579205,85.4397619,0.0,0.0,0
Family Resort & Trout Hub,Family restaurant,27.6451737,85.4657532,0.0,4.3,4
Thulogau,Tea store,27.6365263,85.4377007,0.0,3.7,7
Ganesh Chiya Pasal,Tea store,27.6559513,85.4240494,0.0,0.0,0
BUBBLE TEA (ORIGINAL) BHAKTAPUR,Bubble tea store,27.6712877,85.429486,73.5,3.5,2
Pawan's Tea Shop,Tea store,27.6539565,85.4563212,0.0,0.0,0
Highway Restaurant,Restaurant,27.6444373,85.4654802,0.0,1.0,1
Pani Tanki Khaja Ghar,Family restaurant,27.644372,85.4080924,0.0,0.0,0
ranjit ‡§¨‡•ã‡§®‡•ç‡§∏‡§æ‡§à ‡§Ö‡§∞‡•ç‡§ï‡•Ä‡§° ‡§ò‡§∞,Coffee shop,27.6426616,85.460042,0.0,4.5,2
Mitho chiya nasta pasal,Tea store,27.666006,85.4099179,91.0,0.0,0
View Vibe & Chai,Coffee shop,27.6516475,85.4169172,0.0,5.0,1
Sannilye khaja ghar,Chicken restaurant,27.6438161,85.4648777,0.0,0.0,0
Ghyampe Center Point Chiya & Khaja Ghar,Nepalese restaurant,27.6317598,85.4293862,0.0,0.0,0
Shyam Khaja Ghar,Fast food restaurant,27.6623595,85.4076821,0.0,0.0,0
White House Tea shop,Coffee shop,27.6329443,85.4160753,0.0,0.0,0
S Kitchen Fast Food,Fast food restaurant,27.683029,85.3875118,0.0,3.7,11
Aaylaa Garden Resturant,Restaurant,27.6768247,85.3752789,98.0,5.0,31
Dream Beans Cafe,Restaurant,27.6774415,85.398256,84.0,4.9,41
Baleshi Food Hub,Restaurant,27.6774375,85.3978125,112.0,5.0,6
Pride food cafe,Restaurant,27.672983,85.3855632,91.0,5.0,1
Sawaa Garden Cafe,Restaurant,27.6766824,85.3933197,0.0,4.2,139
United Food Cafe,Restaurant,27.6835224,85.3873954,84.0,4.2,38
watanabe cafe,Restaurant,27.6401489,85.4226591,0.0,0.0,0
Vintage Tea House,Cafe,27.6815247,85.386297,98.0,4.6,14
HAPPINESS COFFE & CHIYA GHAR,Tea house,27.6630397,85.426098,0.0,5.0,1
Doleshwor Bakery,Bakery,27.6550939,85.4398645,103.95,4.8,11
Happy Cakes & Bakery,Bakery,27.6762376,85.4323111,91.0,4.8,187
Modern Bakery,Bakery,27.6376873,85.4371853,0.0,4.3,4
Mui Bakery,Bakery,27.6782316,85.3985692,108.5,4.7,26
Cream Cakes and Bakery,Bakery,27.6587274,85.4236834,90.0,4.7,7
Rai's bakery Darjeeling height,Bakery,27.6590544,85.4283888,0.0,5.0,2
Thimi Live Bakery & Reading Hub,Bakery,27.6699223,85.3858031,105.0,4.6,20
THE BEST BAKERY,Bakery,27.6659074,85.3887767,105.0,4.3,24
Cookie Jar Bakery And Cafe,Bakery,27.6679632,85.38619,98.0,5.0,7
Chiya hood,Coffee shop,27.6827936,85.4112598,91.0,5.0,4
Kings Cafe,Coffee shop,27.6745825,85.3677414,0.0,4.2,28
Kaliyuga Cafe,Cafe,27.6746014,85.3670638,87.0,4.4,91
Shrestha Cold Store,Bar,27.6665662,85.3886581,84.0,4.1,36
The Red Triangle Snooker & Bar,Sports bar,27.6734257,85.3744307,0.0,5.0,3
Jigri Sekuwa - Kaushaltar,Pub,27.6748348,85.3664118,0.0,4.7,377
Haadi Bistro and Cafe : Radhe Radhe,Biryani restaurant,27.6759107,85.3977913,84.0,4.7,449
Belis Bakery,Coffee shop,27.6720391,85.3878463,101.5,4.7,3
Urmi Coffee Shop,Coffee store,27.6773786,85.3984431,0.0,4.5,77
Samdan sekuwa corner,Coffee shop,27.656019,85.4284413,0.0,5.0,2
Goma Sweet House,Vegetarian restaurant,27.697245,85.3745832,98.0,4.9,10
Darjeeling Fast Food,Cafe,27.6604966,85.4279471,80.0,2.0,1
Tropical Bagaicha Marga,Coffee shop,27.6934632,85.3776179,0.0,5.0,2
Aroj Home,Coffee shop,27.6943257,85.3773779,0.0,5.0,1
Cafe United,Coffee shop,27.6816941,85.3885169,84.0,5.0,4
1-shika caf√© and Chat house,Coffee shop,27.6813874,85.376168,0.0,5.0,1
Cafe Silichung,Coffee shop,27.6837496,85.3897351,99.75,5.0,3
Tea Time,Coffee shop,27.6820448,85.3795178,101.5,3.5,4
Nescafe coffee center,Coffee shop,27.6782989,85.375865,91.0,4.3,6
Chiya Pasal,Coffee shop,27.6889911,85.3895483,101.5,4.6,23
Chiya party,Coffee shop,27.6974294,85.3747136,0.0,5.0,24
Karma chiya,Coffee shop,27.689825,85.385997,0.0,0.0,0
"Riplik Store, Bahanani",Cafe,27.6846183,85.3835456,0.0,3.8,4
Poudel dunote pasal,Bakery,27.688868,85.379376,0.0,5.0,1
Sushila Kirana and Cafe,Cafe,27.6849654,85.3839594,0.0,3.3,7
Sweet House,Vegetarian restaurant,27.6850951,85.3877417,107.33,5.0,3
Aakash sweets and chat house,Vegetarian restaurant,27.67178,85.3647074,80.5,5.0,3
Sadabahar Chowmein House,Restaurant,27.6860982,85.3779677,87.5,3.6,41
Ugratara fastfood,Fast food restaurant,27.680151,85.3763537,91.0,3.7,9
A2 Matka Chiya and Fastfood,Restaurant,27.6714348,85.3859299,82.0,4.3,81
Choya Food Land,Restaurant,27.6899028,85.382321,0.0,5.0,1
Neewaaz Restaurant With Snooker,Restaurant,27.6888596,85.3793205,101.5,3.5,32
Dhuncho Street Food Khaja Ghar,Restaurant,27.6890136,85.3801206,105.0,3.3,7
Three Point Restaurant and Sekuwa Ghar,Restaurant,27.6955679,85.3799072,98.0,4.7,6
BLUE HEAVEN RESTRO & SWIMMING POOL,Restaurant,27.6939988,85.3745735,86.0,3.9,48
The Caba√±a,Restaurant,27.6896006,85.3860533,84.0,5.0,4
"Little Kitchen, Nagadesh",Restaurant,27.6848584,85.3864284,91.0,4.4,16
Old Durbar Hotel,Restaurant,27.6841311,85.3855534,112.0,4.4,13
dhunche pakha resort,Restaurant,27.6900487,85.3851338,0.0,3.0,1
Kusheshwor sweets house,Breakfast restaurant,27.6830584,85.3873146,0.0,0.0,0
Aveeva Cafe,Restaurant,27.6776861,85.3978895,98.0,5.0,9
Mathura Takeaway,Breakfast restaurant,27.6890283,85.3896276,84.0,0.0,0
Lwaka Baka,Fast food restaurant,27.6838397,85.3868701,94.5,4.7,3
Chhito Mitho MoMo,Fast food restaurant,27.6822725,85.3890198,77.0,4.5,6
Dunche Donut and Chiya Pasal,Tea house,27.6887567,85.3795417,126.5,0.0,0
Ghar Tea and Bites Since 2081,Tea house,27.6729299,85.3863708,98.0,4.8,6
"Bashuki Live Bakery, Nagadesh",Bakery,27.6822642,85.3814527,94.5,5.0,2
Kumar Bakery and Coffee Shop,Bakery,27.6809137,85.3861548,101.5,4.2,48
Live Cake Studio and Bakery,Bakery,27.6955474,85.373484,105.0,4.4,51
MY BAKERY,Bakery,27.6845823,85.3880426,0.0,3.4,11
New Star Live Bakery & Cafe,Bakery,27.6961371,85.377084,105.0,4.3,3
Ramesh Grocery,Bakery,27.6871102,85.3835787,0.0,0.0,0
Live bakery birendra chowk,Bakery,27.6990975,85.3744338,108.5,5.0,1
Parichaya Bakery ‡§™‡§∞‡§ø‡§ö‡§Ø ‡§¨‡•á‡§ï‡§∞‡•Ä,Wholesale bakery,27.6742791,85.3720911,105.0,4.5,42
Baguette Bakery,Bakery,27.6989739,85.3740729,72.0,4.2,9
The best bakery,Bakery,27.6958976,85.3765501,105.0,3.0,4
Sathi Bhai Dairy and Bakery Farm,Bakery,27.6798284,85.3713778,0.0,5.0,6
Rangasala Sports Lounge Private Limited,Sports bar,27.697323,85.3749049,105.0,4.6,29
J B R Restro and Bar,Bar,27.6993091,85.3679447,0.0,5.0,1
"Gatthaghar-3, Bhaktapur",Bar,27.673437,85.3744054,100.0,5.0,1
Aafno chotu panipuri and dahipuri,Pub,27.6753687,85.3745365,0.0,5.0,1
Prajapati Snooker & Pool House,Sports bar,27.6824224,85.3869475,91.0,2.8,16
Sabin Bhabuk Residence,Pub,27.6727835,85.3742709,0.0,5.0,2
Real Taste Khaja Ghar,Restaurant,27.6475757,85.4207765,105.0,5.0,1
Gundu chaur,Restaurant,27.647511,85.420846,0.0,4.0,1
The Biryani house,Family restaurant,27.6654493,85.3916384,84.0,4.9,163
Voi pvt/ltd,Coffee shop,27.6340871,85.4162768,0.0,5.0,1
Bamboo Cottage Darjeeling Height,Coffee shop,27.6590779,85.4283757,0.0,5.0,1
Our Cafe,Cafe,27.6736778,85.3868204,91.0,4.6,13
Nita Didi ko Chiya Pasal,Tea store,27.680296,85.375339,0.0,4.8,6
Chiya Guthi,Tea store,27.6774298,85.3755227,0.0,5.0,3
Chiyamala,Tea store,27.6745491,85.3736103,91.0,5.0,5
Chiya Sport,Tea store,27.6736422,85.3650583,89.5,4.9,22
Midpoint Cafe,Cafe,27.6965345,85.3795497,84.0,5.0,4
Bhetghat Cafe And Restro,Cafe,27.700689,85.3761218,92.0,4.1,124
Deepshika khaja Ghar,Nepalese restaurant,27.6988248,85.3859903,112.0,3.7,3
Namaste,Coffee shop,27.7017266,85.3857734,112.0,5.0,1
Gully Guff,Coffee shop,27.6960732,85.3798117,0.0,5.0,1
Chiya dharane,Coffee shop,27.7009029,85.3796067,0.0,5.0,6
"Jyoti coffee shop, Gankhu",Cafe,27.6886518,85.3948275,98.0,5.0,2
The Food Gallery & Sekuwa Station,Restaurant,27.6993347,85.3835315,91.0,4.1,67
Madhyapur Family Restaurant,Restaurant,27.6829459,85.3866015,80.5,3.9,380
Hide out Restro,Bar,27.6955771,85.3755134,87.5,4.4,85
Chimpooz Kitchen,Family restaurant,27.7101837,85.4024352,77.0,4.9,7
KUN CAFE . COM,Restaurant,27.7023841,85.3855005,0.0,5.0,3
Hamro Restaurant And Cafe,Restaurant,27.6838392,85.3877432,98.0,4.3,4
Buddy's Cafe Gothatar,Fast food restaurant,27.6999773,85.367482,98.0,4.4,47
Kalinchwok khaja ghar,Fast food restaurant,27.7000987,85.3835632,0.0,5.0,1
The Burger House & Crunchy Fried Chicken - Kadaghari khasimod,Restaurant,27.6974199,85.370786,91.0,3.9,115
Back Point Cafe and Sekuwa Corner,Fast food restaurant,27.7015916,85.3807886,0.0,0.0,0
‡§ö‡§ø‡§Ø‡§æ Guff,Coffee shop,27.687779,85.3887828,0.0,4.0,2
UME BAKE SHOP,Coffee shop,27.7011412,85.3781837,0.0,0.0,0
Kafley juction,Coffee shop,27.6891391,85.393162,0.0,0.0,0
Chakati Foodland & Sekuwa corner,Coffee shop,27.6872342,85.3883943,84.0,4.5,4
Smart Coffee ‡§ó‡§´ Shop,Coffee shop,27.7010827,85.3775345,0.0,0.0,0
Roadside Cafe,Restaurant,27.7154278,85.407021,105.0,4.5,56
Live Fresh Bakery,Bakery,27.6895044,85.3917232,0.0,1.0,1
Sudip,Pub,27.6846682,85.3947168,0.0,0.0,0
T K wine shop,Wine bar,27.7010101,85.3814834,0.0,3.9,14
Newazone cake shop,Bakery,27.6691805,85.397613,91.0,5.0,19
Mamaj cafe (Sukute Beach Contact),Cafe,27.6837529,85.3856951,98.0,4.3,23
Restaurant,Restaurant,27.6837589,85.385699,0.0,0.0,0
Diamond Dai ko Cafe,Coffee shop,27.6769718,85.3827368,70.0,5.0,10
Snookiya,Cafe,27.6902686,85.3850203,108.5,5.0,6
Sneha's Cake Spot,Cafe,27.685249,85.3780652,0.0,0.0,0
ELEGANT CAKES,Bakery,27.6722189,85.4240953,91.0,3.8,41
Divya's Cakes & Snacks,Bakery,27.6721332,85.4238289,94.5,3.9,67
The Chiya Vibes and restro,Restaurant,27.67771,85.3978591,94.5,4.5,22
Sekuwa park,Barbecue restaurant,27.6809911,85.397652,90.0,4.4,117
‡§ö‡§ø‡§Ø‡§æ- chhey,Family restaurant,27.677701,85.3959463,0.0,4.5,26
Lasa Kusa (Newari food) restaurant,Family restaurant,27.6768342,85.3985524,80.5,4.6,14
"The Wings Factory, Radhe Radhe",Chicken wings restaurant,27.6776843,85.3985322,71.0,4.3,316
Kausi Restro,Restaurant,27.6786452,85.3984384,98.0,5.0,1
CafeGippum,Korean restaurant,27.6774686,85.3987862,66.0,4.3,26
TWIST Newari Khaja Ghar & Restaurant,Restaurant,27.6777557,85.3976924,99.0,5.0,1
Himalayan momo plus house,Momo restaurant,27.6807066,85.3954228,91.0,4.8,6
Momo Crave,Family restaurant,27.6790358,85.3987492,0.0,5.0,2
Chillout Hookah Cafe & Sekuwa Lounge,Restaurant,27.6784898,85.3984238,91.0,4.5,11
Shreezan house,Restaurant,27.6809798,85.3988183,0.0,5.0,1
Daju bhai dharane sekuva kuna,Restaurant,27.6775532,85.3974353,112.0,5.0,3
LUKY SEVEN DUDH DAIRY & CAFE,Coffee shop,27.6771219,85.3981313,0.0,5.0,1
Saila saili pasal,Coffee shop,27.6782206,85.3945506,0.0,5.0,1
Organic Nepal,Coffee shop,27.6773269,85.3978695,91.12,0.0,0
The Lastspot,Coffee shop,27.6766473,85.3931769,0.0,0.0,0
GS cafe & khaja ghar,Coffee shop,27.6728291,85.3992731,0.0,5.0,1
Chula dhunga sekuwa,Family restaurant,27.6826062,85.3909841,0.0,5.0,3
CAFE D.KEBAH:,Cafe,27.676537,85.3930194,98.0,5.0,3
Haang Cafe (‡§π‡§æ‡§ô‡•ç‡§ó ‡§ï‡•ç‡§Ø‡§æ‡§´‡•á),Cafe,27.6784877,85.3915966,98.0,5.0,2
Mushroom Hub Cafe and Fast Food,Cafe,27.6789691,85.4024622,84.0,5.0,2
Rainascot Cafe,Cafe,27.6766499,85.3988458,91.0,0.0,0
Hatimahakal Garden Cafe,Cafe,27.6799345,85.3862147,94.5,4.3,16
Sandwich O' Clock,Restaurant,27.6768088,85.3980483,77.0,4.0,20
SHAKTI DONUT STORE,Bakery,27.6795461,85.4011803,105.0,5.0,1
Durbar Cakes,Bakery,27.6777134,85.399273,54.0,4.2,15
Dhungana dairy and tea shop,Coffee shop,27.6831616,85.394468,0.0,0.0,0
Coffee Station,Coffee shop,27.672022,85.3878259,0.0,0.0,0
Tapaiko food corner,Asian restaurant,27.6817462,85.3914961,98.0,5.0,4
Thakali and Sekuwa Hub,Restaurant,27.6804562,85.3980211,105.0,4.5,2
Ramechhap khaja ghar,Restaurant,27.6802203,85.3982346,0.0,5.0,1
Mutton Hub Pvt. Ltd.,Asian restaurant,27.6794842,85.4003572,84.0,4.1,8
Majheree Crossroad Cafe,Restaurant,27.6812322,85.3932899,87.5,4.0,3
Madhyapur Khaajaa Ghar,Restaurant,27.6831646,85.3895154,0.0,4.1,13
Real Lhaphing Corner,Restaurant,27.6779378,85.3982604,77.0,4.0,24
Nikoshera Party Palace,Restaurant,27.6793166,85.40376,105.0,4.2,20
Poudel Khaja Ghar,Fast food restaurant,27.6791432,85.3990558,112.0,5.0,1
Durbar Thakali Grill,Rice restaurant,27.6765194,85.3982044,81.5,3.5,340
Makai Ghar Sekuwa Palace,Restaurant,27.6769375,85.3986406,0.0,4.3,6
Snacks baa cafe &Thakali kitchen,Family restaurant,27.6767792,85.3982713,91.0,4.0,1
Ganesh khaja ghar,Restaurant,27.6789822,85.4037079,0.0,5.0,1
Thakali restaurant (‡§•‡§ï‡§æ‡§≤‡•Ä ‡§≠‡§æ‡§®‡•ç‡§õ‡§æ ‡§ò‡§∞ ‡§∞‡•á‡§∏‡•ç‡§ü‡•Å‡§∞‡§æ‡§Å),Family restaurant,27.6767625,85.3986406,105.0,3.8,18
ORANGE FOOD CAFE,Restaurant,27.6809319,85.3929921,101.5,4.2,6
Cocktail newari khaja ghar and sekuwa corner,Family restaurant,27.677634,85.3914002,32.0,4.0,4
Nhu Kewa,Restaurant,27.6797489,85.3922663,0.0,0.0,0
The Natural Kitchen,Restaurant,27.6766409,85.3979901,91.0,1.5,4
SR dairy bakery & coffee shop,Coffee shop,27.6698005,85.3879422,0.0,5.0,4
Matka Tea And Cafe,Tea house,27.6753191,85.3979996,105.0,4.2,35
Aaunus khanus tass and sekuwa,Restaurant,27.6773125,85.3979531,91.0,3.3,4
Sandar Momo Radhe Radhe,Momo restaurant,27.6765189,85.3982259,0.0,3.1,52
Chiya and chill garden,Cafe,27.6795482,85.4008847,126.0,5.0,2
Sweet Hopes,Cafe,27.6812803,85.3977129,105.0,4.3,8
Shanti hotel,Cafe,27.682465,85.3906516,0.0,4.8,4
Duwakot,Asian restaurant,27.6792,85.4024919,0.0,0.0,0
Ohh My Chicken Pizza Hub Radhe Radhe,Family restaurant,27.6775612,85.3985169,0.0,3.4,43
DFC restaurant,Restaurant,27.6767637,85.3986141,0.0,0.0,0
New Place,Restaurant,27.6837398,85.3895447,0.0,0.0,0
Jhapali khajaghar,Restaurant,27.6824664,85.396641,0.0,0.0,0
Dolakha Laxmi Khaja Ghar,Fast food restaurant,27.6810637,85.4004705,0.0,3.0,1
Hindunagar Momo Centre,Momo restaurant,27.6833348,85.4012721,0.0,0.0,0
Deshemaru khaja Ghar,Restaurant,27.6795735,85.3997894,0.0,0.0,0
GLOS CAFE & RESTRO,Restaurant,27.677704,85.3977069,0.0,5.0,4
Suku Lasa Bhoye Chhen & Sekuwa,Family restaurant,27.6776624,85.3963624,0.0,4.3,3
The Burger House And Crunchy Fried Chicken (Radhe radhe),Restaurant,27.675911,85.3980002,84.0,3.1,144
Ramailo momo,Fast food restaurant,27.6754151,85.3978829,52.0,4.1,7
3 R khaja ghar,Fast food restaurant,27.6741774,85.3948623,101.5,4.8,8
Samjhana Chatpate and Panipuri,Fast food restaurant,27.6749768,85.3978151,0.0,0.0,0
The Messiah Cafe,Restaurant,27.6721803,85.3857481,0.0,5.0,1
Valley Top MoMo,Fast food restaurant,27.6830247,85.3895798,87.5,4.0,6
Shivakoti Tea Shop,Tea house,27.6754601,85.3975955,0.0,5.0,1
Shirish room,Tea house,27.6797213,85.3933434,0.0,0.0,0
Jaam Chiya Kham,Tea house,27.6759527,85.400436,101.5,0.0,0
Aadhya's Bakery,Bakery,27.6768654,85.3919935,98.0,5.0,2
Lucky Bakery,Bakery,27.6755289,85.3980283,84.0,4.6,8
Gankhu bakery,Bakery,27.6812305,85.397741,101.5,3.5,2
Nhu Kewa newari khajaghar,Bakery,27.6797682,85.3922263,0.0,3.8,5
Aarogya Bakery,Bakery,27.6730941,85.3863255,98.0,4.0,7
Sabaiko Live Bakery,Bakery,27.6699192,85.3857994,98.0,4.0,106
Chulo dhungo sekuwa,Bed & breakfast,27.6829235,85.3910858,0.0,5.0,1
Alex and Aliz Snooker House,Sports bar,27.6784628,85.3922811,71.0,4.6,5
"Karuwa Food, Beverage, Restaurant bar &Tcafe",Bar,27.666213,85.3660894,87.0,4.5,13
‡§á‡§®‡•ç‡§¶ ‡§ï‡§Æ‡§≤ ‡§≤‡§ø‡§ï‡•ç‡§µ‡•á‡§∞ ‡§∂‡§™,Bar,27.67991,85.3993464,0.0,5.0,2
Aankhijhyal Restaurant and Lounge,Bar,27.6773192,85.3984238,0.0,3.4,10
A.G LIQUOR SHOP,Bar,27.6756092,85.3975034,0.0,5.0,1
Namaste Gautam Traders Liquor Shop,Bar,27.6807922,85.3942555,0.0,0.0,0
Madhyapur dahi pasal,Bakery,27.683477,85.389454,0.0,5.0,1
Anush khaja ghar,Bakery,27.6835895,85.3912925,0.0,0.0,0
The A-One Bakery,Bakery,27.6627558,85.4259439,0.0,5.0,5
Sheraton Banquet,Bar,27.6630623,85.442084,84.0,4.5,22
"Ba:Gale Newa Chhen, Libali, bhaktapur",Bar,27.6691526,85.4435736,98.0,5.0,2
Ganebacha chiya pasal,Tea house,27.6754337,85.4272511,0.0,0.0,0
Rajesh Dai Ko Panipuri Pasal,Tea house,27.6750748,85.4286089,0.0,0.0,0
Suryabinayak Tea Shop,Bakery,27.6630311,85.4325736,0.0,5.0,1
Royal java time,Bakery,27.671236,85.4211397,98.0,3.8,14
Naisha's Cake And Bake House,Bakery,27.6758929,85.4304317,84.0,5.0,2
Arjan Bakery,Bakery,27.6714981,85.4223347,0.0,0.0,0
Bakery Shop,Bakery,27.6737961,85.4238925,0.0,0.0,0
Laxmi dai junudho,Bakery,27.6754177,85.4296247,0.0,0.0,0
Purshottam's House,Coffee shop,27.643924,85.4587893,0.0,0.0,0
BAR:BQ Cafe & Resto,Restaurant,27.6438854,85.463626,98.0,4.5,6
Green View Restaurant,Restaurant,27.6434417,85.4680707,0.0,4.3,20
Swagatam momo pasal,Momo restaurant,27.6481065,85.4673438,49.0,5.0,3
Daura Chulo,Rice restaurant,27.6432728,85.4682241,0.0,4.0,26
‡§™‡•ç‡§∞‡§¶‡•Ä‡§™ jack tea shop,Coffee shop,27.6857203,85.4737355,0.0,5.0,1
New momo,Fast food restaurant,27.6878057,85.4680769,66.83,5.0,1
Hotel Byron P.v.t L.t.d,Restaurant,27.6444929,85.4656002,105.0,4.5,4
‡§Ö‡§®‡•ç‡§ú‡§®‡§æ ‡§ñ‡§æ‡§ú‡§æ ‡§ò‡§∞,Fast food restaurant,27.6861323,85.4774943,94.5,5.0,4
The family bakery cafe,Bakery,27.6917958,85.4588553,91.0,5.0,1
Hamro cake and bakery,Bakery,27.6782964,85.4404574,98.0,4.6,8
Shyam mahat pasal,Bar,27.6438815,85.458699,0.0,0.0,0
Welcome cafe & restaurant,Fast food restaurant,27.7159482,85.4064515,105.0,3.0,2
D Ace Cafe,Fast food restaurant,27.7103511,85.4027442,106.0,5.0,1
YO-YO Sekuwa Corner & Cafe,Fast food restaurant,27.7157651,85.4063587,96.0,3.7,3
The pine bakery,Bakery,27.7137803,85.4159354,0.0,5.0,3
Chessung Bakery House,Bakery,27.7149508,85.4073196,98.0,4.8,5
Tsuneel's kitchen & Pool house,Bar,27.7129375,85.4169375,0.0,4.8,17
Encore Cafe,Restaurant,27.7108385,85.4154969,70.0,5.0,1
KAJI's BISTRO,Fast food restaurant,27.7141382,85.4098529,0.0,0.0,0
Balkot Chulho,Coffee shop,27.6618794,85.3813496,0.0,5.0,1
Aananda Baba Cafe,Children's cafe,27.6626943,85.3848553,91.5,4.1,23
Brothers cafe.,Coffee shop,27.6667533,85.3726955,0.0,5.0,1
Ella brew and bites,Cafe,27.6678018,85.3865409,105.0,4.0,22
"Suryabinayak-4, Naya Basti, Bagar.",Coffee shop,27.6684272,85.3838046,0.0,0.0,0
Dinoj's Cafe & Restaurant,Coffee shop,27.6711905,85.3880247,0.0,5.0,4
Under Ground Cafe,Cafe,27.673449,85.377165,98.0,5.0,2
DHANAKUTE LUNGAKO KHAJA GHAR ‡§ß‡§®‡§ï‡•Å‡§ü‡•á ‡§≤‡•Å‡§ô‡•ç‡§ó‡§æ‡§ï‡•ã ‡§ñ‡§æ‡§ú‡§æ ‡§ò‡§∞,Coffee shop,27.6683972,85.3838129,112.0,4.3,3
Cafe Lucid,Coffee shop,27.6746089,85.3669585,94.5,4.7,10
Abyss home,Coffee shop,27.6629221,85.3785616,0.0,0.0,0
Yakchhen Restaurant,Restaurant,27.7119289,85.4248486,116.0,5.0,3
Shree Dolkha Khaja Ghar and Restaurant,Restaurant,27.7078514,85.4126141,0.0,3.5,13
Dhruba Dai ko Khaja ghar,Restaurant,27.6659785,85.3811407,91.0,4.6,10
Baskota Khaja Ghar,Restaurant,27.6652518,85.3798063,0.0,5.0,4
The Hunger Food,Restaurant,27.6668388,85.3841162,0.0,3.0,2
The Moon Restaurant,Restaurant,27.6718046,85.3843867,105.0,4.1,8
Daily See Us,Restaurant,27.6647404,85.3662744,0.0,4.9,11
King Everest Restro,Restaurant,27.6678954,85.3803369,0.0,0.0,0
ALX VARIETY FOOD,Restaurant,27.6729441,85.3842916,94.5,4.2,71
SanjaBunja (‡§∏‡§ú‡•Ö‡§Ç‡§¨‡•Å‡§ú‡•Ö‡§Ç),Restaurant,27.675553,85.3842259,84.0,4.4,33
Kausi Restaurant,Restaurant,27.6664796,85.3658737,78.1,4.1,70
Duku Family Restaurant & Sekuwa Hub,Restaurant,27.673066,85.3859269,94.5,3.9,42
Banglamukhi Dairy and Bakery,Coffee shop,27.6695821,85.3728553,107.0,4.6,55
Ghumaowne chwok (RUPAK BOSS),Coffee shop,27.6604235,85.3757396,0.0,5.0,1
Sip Station,Coffee shop,27.6612344,85.3698012,0.0,5.0,2
Indreni food stick,Coffee shop,27.6730043,85.3853889,98.0,4.6,15
Subin Khaja Ghar,Coffee shop,27.667648,85.3842066,98.0,0.0,0
The Baristas Coffee School (Bhaktapur Branch),Coffee shop,27.6744504,85.3692713,61.0,4.8,444
Kuraute toll,Coffee shop,27.6606929,85.3767749,0.0,0.0,0
Foodies Cafe,Cafe,27.6649422,85.3727468,72.0,0.0,0
Namaste khaja ghar,Restaurant,27.6666809,85.3734376,0.0,5.0,2
Chinese And Tandoori Cafe,Chicken restaurant,27.6649378,85.3863822,70.0,3.8,4
Friend‚Äôs Hub Snooker House and cafe,Restaurant,27.710106,85.4153028,99.0,4.2,5
The Squad House Cafe,Coffee shop,27.7139489,85.4139533,0.0,4.4,11
Ganesh chok,Coffee shop,27.7142335,85.4188742,0.0,0.0,0
Urban delight cafe,Cafe,27.6833406,85.4112888,0.0,4.8,12
Friends pizza & burger,Restaurant,27.6648993,85.3863668,91.0,4.0,2
Kallaiya sekuwa & Tas center,Restaurant,27.667801,85.3865525,105.0,0.0,0
Unique Bakery Shop,Bakery,27.6668016,85.3841064,0.0,5.0,2
Suravi Dairy,Bakery,27.6665326,85.3738727,0.0,5.0,2
Hotel Blue Sky,Coffee shop,27.6617372,85.381326,0.0,0.0,0
Suresh Shrestha Khaja Ghar,Coffee shop,27.6623348,85.3813702,0.0,0.0,0
The chapter 1 Griha,Coffee shop,27.6938018,85.4152285,105.0,5.0,1
C.B. Coffee Shop,Coffee shop,27.6716327,85.3847579,98.0,3.7,31
CR7 chiya ghar,Cafe,27.6647937,85.3718426,0.0,4.3,15
R K Dairy and Bakery Coffee Shop,Bakery,27.6685907,85.3738497,0.0,5.0,1
Eden's Organic Juice & fruits centre,Coffee shop,27.6687117,85.3881329,105.0,4.3,6
Matka,Coffee shop,27.6650427,85.3676507,0.0,5.0,4
Readers Hub,Coffee store,27.6745681,85.3671589,94.5,4.3,300
Turning khaja ghar,Tea store,27.665344,85.3747349,91.0,3.7,6
Balkot,Bakery,27.6634556,85.3782481,0.0,0.0,0
Loko matka chiya,Coffee shop,27.7152652,85.4061913,0.0,5.0,2
ARC - Arju Restro And Cafe,Restaurant,27.6706293,85.376281,98.0,4.8,12
"Chicken Hub and Crunchy Fried Chicken, Balkot",Chicken restaurant,27.6686449,85.3654345,91.0,4.3,346
Pranisha Khaja Ghar,Fast food restaurant,27.6694942,85.3765347,0.0,4.0,2
Open Hut cafe,Fast food restaurant,27.6704713,85.3824632,98.0,4.3,9
Adhikari pani puri and chatpat center,Fast food restaurant,27.6694454,85.385985,42.0,3.8,12
Lumbini Tandoori Bhojnalaya and Fast Food,Fast food restaurant,27.6736437,85.3738705,91.0,3.0,3
Gaatha Restro and fast food,Fast food restaurant,27.6716941,85.3880955,77.0,3.0,1
‡§ö‡§æ‡§ü ‡§π‡§æ‡§â‡§∏ 111,Fast food restaurant,27.6741078,85.3739408,98.0,3.7,47
Balkot Highway Fast Food,Fast food restaurant,27.6674592,85.3656799,91.0,4.1,7
ABA Fast Food Cafe,Restaurant,27.6731697,85.3815567,112.0,3.3,7
Ohmsahi dalmot factory,Bakery,27.6678466,85.3821615,84.0,5.0,1
Gufa Cafe,Breakfast restaurant,27.6883099,85.4126701,0.0,0.0,0
MOMO CAFE,Fast food restaurant,27.6709016,85.3842039,91.0,3.9,27
Hosanna Tapari Momo,Fast food restaurant,27.6741639,85.3742498,91.0,3.6,311
La Reina Liquor Store,Bar,27.6660787,85.3830871,89.78,4.5,2
Hookah station,Bar,27.6642441,85.367297,0.0,2.3,3
Umakunda Bakery Udhyog,Bakery,27.6697768,85.3821041,105.0,4.4,15
Tapaiko fresh bakery and cake shop,Bakery,27.6711052,85.3829232,104.0,5.0,2
Aroma Bakery,Bakery,27.669833,85.3859192,105.0,4.3,6
Sijan Bakery,Bakery,27.6718831,85.3782443,101.5,5.0,1
Bread Box Bakery and Cafe,Bakery,27.6653898,85.366322,98.0,4.6,11
Cake Snow Bakery & Coffee Shop,Bakery,27.6650324,85.3682898,101.5,5.0,5
Friendship Bakery Cafe Fast Food,Bakery,27.67259,85.38543,91.0,4.0,11
Dhaneshwar Dairy,Bakery,27.6678072,85.3760296,0.0,0.0,0
Hamro Chiya Station,Tea house,27.6655155,85.3662752,0.0,5.0,8
Asar,Bar,27.6708943,85.3762267,0.0,0.0,0
Deepen KhajaGhar,Tea store,27.6601844,85.3746558,0.0,0.0,0
Dhanusha Sweet And Chat House,Dessert shop,27.672922,85.38556,105.0,3.9,8
Joti baral,Bakery,27.6515135,85.4547728,0.0,1.0,1
Bhadgaun cake factory,Bakery,27.6519635,85.4554825,0.0,0.0,0
Magar Coffe Shop,Coffee shop,27.6437091,85.4698301,0.0,4.0,77
KFA Cafe(Kir Food Aqui),Cafe,27.6987513,85.373739,98.0,4.5,21
Ramesh Dai ko Chiya pasal,Cafe,27.643766,85.465191,0.0,0.0,0
‡§≠‡•Ç. ‡§™‡•Å. ‡§∏‡•à‡§®‡§ø‡§ï ‡§ñ‡§æ‡§ú‡§æ ‡§ò‡§∞ ‡§è‡§£‡•ç‡§° ‡§∏‡•á‡§ï‡•Å‡§µ‡§æ ‡§ï‡§∞‡•ç‡§®‡§∞,Restaurant,27.6457577,85.4703245,0.0,5.0,1
Tripura Mo:Mo Food Center,Dumpling restaurant,27.6466718,85.4661538,0.0,0.0,0
Palisade Resort,Restaurant,27.6479316,85.4655629,0.0,4.2,55
Samjhana Khaja Ghar,Restaurant,27.7013691,85.3855525,0.0,2.0,1
Amarsinghchowk Hotel,Coffee shop,27.7015551,85.3855875,0.0,0.0,0
Cellsanasar Photo Studio,Internet cafe,27.7021453,85.3857197,0.0,0.0,0
Seabird Resort,Restaurant,27.645253,85.4653939,84.0,3.3,12
Palansey Tower Restro & Lodge,Restaurant,27.6459916,85.4659724,0.0,3.8,44
New Durga fal ful tatha holsel fasal,Bakery,27.6787577,85.4416475,0.0,1.0,1
thecho,Bakery,27.6775186,85.4430343,0.0,0.0,0
Bikers Snooker House,Restaurant,27.664614,85.3663413,96.0,4.2,81
The Queen Restro And Bar,Restaurant,27.663305,85.3677408,87.5,4.0,4
Gatthaghar top liquor shop,Bar,27.6737008,85.373399,91.0,5.0,7
Brotherhood Liquor Shop,Bar,27.6733387,85.364884,90.0,5.0,1
Bisauni Restro,Restaurant,27.6767413,85.375151,0.0,4.1,27
Jojolapa Khaja Ghar,Nepalese restaurant,27.6754617,85.3747703,0.0,5.0,3
Bajeko Sekuwa Gatthaghar,Barbecue restaurant,27.6743794,85.3707034,84.0,3.8,288
Gatthaghar Food Cafe,Family restaurant,27.674598,85.3742549,91.0,3.3,24
Restaurant,Restaurant,27.6746778,85.3653104,94.5,3.6,27
M2 Restaurant & Bar,Restaurant,27.6746946,85.3655019,84.0,4.3,3
Yomari Cafe,Restaurant,27.6742924,85.3732771,0.0,4.4,9
Koila Multi Cuisine Restaurant - Gatthaghar,Fast food restaurant,27.6742127,85.3727102,84.0,3.7,70
Universal Star Foodland,Restaurant,27.6740956,85.3747591,98.0,3.2,44
Purbeli bhanchha ghar.& ‡§•‡§ï‡§æ‡§≤‡•Ä ‡§ñ‡§æ‡§®‡§æ‡•§,Restaurant,27.6736555,85.3737886,84.5,3.3,43
Junction Cafe And Restaurant,Restaurant,27.6743329,85.3719916,98.0,3.7,3
Beeburger And Real Kitchen,Restaurant,27.6737832,85.379333,98.0,4.3,74
Aangeno Restaurent and Sekuwa Thalo,Restaurant,27.6679847,85.3652219,87.5,3.7,20
The Burger House And Crunchy Fried Chicken- Balkot Bhaktapur,Restaurant,27.6651826,85.3667275,84.0,4.0,50
Utsav Bakery Cafe,Bakery,27.6705557,85.3645936,119.5,4.0,6
‡§ú‡§®‡§ï‡§™‡•Å‡§∞‡•Ä‡§Ø‡§æ ‡§∏‡•ç‡§µ‡•Ä‡§ü‡§∏‡•ç,Dessert shop,27.6747613,85.3653239,105.0,0.0,0
Coffee Cafe & Burger House,Restaurant,27.6745872,85.3670569,103.25,4.4,20
Namo Buddha Cafe and Tanduri Kitchen,Cafe,27.6735883,85.3748384,63.0,5.0,1
Hookahchhen Cafe,Coffee shop,27.6679906,85.3656359,140.0,5.0,3
Neeva‚Äôs Cafe & Pizzeria,Coffee shop,27.673457,85.3743608,91.0,3.9,17
BB Liquor shop Thimi,Cafe,27.673699,85.3732309,87.5,5.0,2
baristas coffee shop,Coffee shop,27.6744056,85.3691595,0.0,4.0,3
Himalayan Orbit Cafe,Cafe,27.6736844,85.3734008,91.0,0.0,0
Friends Cafe And Sekuwa House,Restaurant,27.6741543,85.3734271,84.0,4.3,4
Heart To Heart Cafe,Cafe,27.6728689,85.37385,91.0,1.0,1
RR Fast Food & Momo Center,Cafe,27.6737416,85.3728929,91.0,4.4,7
Numbur thakali kitchen,Family restaurant,27.6742975,85.3730486,105.0,5.0,65
"Sindhupalchok Khaja Ghar , Gattaghar",Asian restaurant,27.6750336,85.372717,108.5,5.0,1
Balkot khaja ghar,Restaurant,27.6704794,85.3649762,109.0,4.8,8
Aageno Sekuwa Ghar,Barbecue restaurant,27.6733981,85.3743297,105.0,4.4,21
Taj Sekuwa And Pakku House,Barbecue restaurant,27.6735913,85.3650429,0.0,4.8,10
Ek Bisauli,Restaurant,27.6746626,85.3687775,101.5,4.9,7
Joshi Mo:Mo,Momo restaurant,27.6751027,85.3758482,0.0,4.5,2
The Himali Kitchen Kaushaltar,Fast food restaurant,27.6747538,85.3663327,0.0,5.0,4
The Lord of Pizza and Bar,Restaurant,27.6740899,85.3658305,84.0,4.2,17
JYUNAAR THAKALI KITCHEN,Family restaurant,27.6735505,85.3741698,98.0,3.9,131
Shandar Momo - Gatthaghar (‡§∂‡§æ‡§®‡§¶‡§æ‡§∞ ‡§Æ‡§É‡§Æ‡§É),Dumpling restaurant,27.673639,85.3734622,91.0,3.7,167
Red ribbon bakery and cake shop,Bakery,27.6685003,85.3654254,112.0,4.0,5
Chiyakot,Coffee shop,27.6684943,85.3654291,0.0,5.0,2
Chiya pasal,Coffee shop,27.6645196,85.3670625,0.0,4.4,5
Lama Dai Khaja Ghar,Cafe,27.6697361,85.3659915,98.0,4.5,4
Kaushaltar Jhol Momo since 2062,Fast food restaurant,27.6734637,85.3647851,77.0,4.7,7
Welcome Khaja Ghar,Restaurant,27.6748729,85.3655328,104.5,4.3,4
Corner and black pigs barbecues Dharan,Barbecue restaurant,27.6745692,85.3735235,0.0,4.5,2
‡§¨‡•Å‡§°‡§æ‡§•‡•ã‡§Ç‡§ï‡•Ä ‡§§‡§æ‡§∏ ‡§è‡§Ç‡§° ‡§õ‡•ã‡§á‡§≤‡§æ ‡§π‡§æ‡§â‡§∏,Nepalese restaurant,27.674678,85.3726167,108.5,3.8,6
Chicken Strong,Restaurant,27.6744234,85.3721044,105.0,3.8,32
Sewaro Food Cafe,Fast food restaurant,27.6735751,85.3726108,0.0,5.0,5
King Everest Momo Center,Momo restaurant,27.6697272,85.3768691,84.0,4.2,11
Lotus Sekuwa & Cafe,Restaurant,27.6740751,85.374894,98.0,3.4,21
Basil House Lounge and Bar,Restaurant,27.6718159,85.3647823,91.0,3.3,21
The Burger House and Cruchy Fried Chicken,Restaurant,27.6741244,85.374662,91.0,3.5,698
Gatthaghar banquet.,Restaurant,27.6752182,85.373278,91.0,3.5,16
Chiya guff,Coffee shop,27.6765533,85.3773701,98.0,4.1,15
Purbeli khaja & Chiya,Coffee shop,27.670665,85.370528,0.0,0.0,0
Dolakhali Khaja Ghar,Cafe,27.6704508,85.3651226,0.0,4.0,2
Blue Sky Cafe,Restaurant,27.6717998,85.3647335,0.0,3.4,5
Korean Sekuwa Corner,Cafe,27.6747063,85.3653158,80.5,0.0,0
Local restro and cafe,Fast food restaurant,27.6756474,85.3670879,0.0,0.0,0
New Tandoori Cafe,Restaurant,27.6740909,85.3747357,91.0,3.0,2
Aama ko Pasal,Coffee shop,27.6717122,85.3780744,0.0,0.0,0
Kaushi chiya,Coffee shop,27.6746075,85.3662368,0.0,0.0,0
"Iman cold store,Gatthaghar",Coffee shop,27.6737045,85.3731004,0.0,0.0,0
Aago Pani Authentic Nepali Cuisine,Restaurant,27.6758263,85.3658754,0.0,4.0,2
Syanko katti Roll,Family restaurant,27.6743008,85.3724881,91.0,3.4,44
Airport A-One Sekuwa Corner,Barbecue restaurant,27.674294,85.371442,92.0,3.1,101
Live Chulo Restaurant and Sekuwa Corner,Restaurant,27.6746878,85.3655737,84.0,3.0,2
Red Hut Restro & Bar,Restaurant,27.6746058,85.3663686,108.5,3.5,6
Aone Sekuwa and Fastfood Pvt.Ltd.,Restaurant,27.6761381,85.3743183,91.0,3.7,3
Quality Laundry & Sekuwa Hub,Asian restaurant,27.6748397,85.3664068,119.0,3.7,3
Purano dahu fast food,Nepalese restaurant,27.6737221,85.3650027,0.0,3.1,7
The One 99 Eatery,Family restaurant,27.6742174,85.3727221,98.0,1.0,1
Rishna sweets and Bakery,Indian restaurant,27.6742607,85.3727834,101.5,3.0,26
Bhetghat Sekuwa Station,Restaurant,27.6732102,85.3649158,84.0,3.3,4
‡§ó‡•á‡§ü ‡§ü‡•Å‡§ó‡•á‡§¶‡§∞ ‡§´‡•ç‡§Ø‡§æ‡§Æ‡§ø‡§≤‡•Ä ‡§∞‡•á‡§∏‡•ç‡§ü‡•Å‡§∞‡•á‡§®‡•ç‡§ü,Restaurant,27.6746368,85.3659858,0.0,4.0,5
Sunaapati Bhojanaalaya and Sekuwa Corner,Restaurant,27.6742856,85.3744577,0.0,3.0,1
Kamaldhara Resturant,Restaurant,27.6754708,85.3659346,0.0,0.0,0
Yunisa Mo:Mo: and Khaja Ghar,Dumpling restaurant,27.675162,85.3743839,73.5,3.0,6
Ujjwal Cake And Chiya Pasal,Restaurant,27.6694587,85.3658763,75.0,0.0,0
Agleshwori Laxmi Vojanalays and Khaja Ghar,Asian restaurant,27.6737968,85.3720042,0.0,0.0,0
balkot homestay,Family restaurant,27.6692489,85.3709162,0.0,0.0,0
The bright light kitchen,Fast food restaurant,27.6735567,85.3748494,101.5,3.6,7
Rco Foods,Fast food restaurant,27.6742607,85.3722186,0.0,3.0,2
Jai Nepal Fast Food,Restaurant,27.6742183,85.364538,0.0,3.0,2
Friendship Fast Food & Guest House,Fast food restaurant,27.6740215,85.3670402,0.0,3.3,4
Seto Parda Khaja Ghar,Fast food restaurant,27.6739305,85.3686086,73.5,1.8,5
Sailunge Khaja Ghar,Fast food restaurant,27.6750836,85.3689089,84.0,1.7,3
Chowyela baji chhe,Fast food restaurant,27.6735409,85.3748279,0.0,0.0,0
R K C Mo:Mo and Chaumin Center,Fast food restaurant,27.674256,85.372563,0.0,3.0,1
Special coffee shop and khaja ghar,Coffee store,27.6741193,85.3663206,0.0,0.0,0
Ghising Dighyu Ghar,Coffee shop,27.6770187,85.3674624,0.0,0.0,0
Aju Bakery And Gift Shop,Bakery,27.6749176,85.3653099,94.5,4.0,4
Harman Live Bakery,Bakery,27.6702645,85.3649554,98.0,3.9,164
Releaf Restro,Restaurant,27.6955041,85.4637617,70.0,4.4,23
Shree Krishnarpanam Sweets And Chaat House,Restaurant,27.674294,85.374302,94.5,4.2,16
Ghattaghar Majheree Cafe & Live Sekuwa,Restaurant,27.6762843,85.3755291,98.0,3.9,84
Ghumti Khaja Ghar,Fast food restaurant,27.6765201,85.3727004,94.5,3.8,14
Royale Coffee. And Food Station,Coffee shop,27.6995554,85.4678738,91.0,4.5,25
tea shop and khaja ghar,Coffee shop,27.6942425,85.460264,0.0,4.5,2
‡§∞‡•á‡§∑‡•ç‡§Æ‡§æ ‡§ñ‡§æ‡§ú‡§æ ‡§™‡§∏‡§≤,Bed & breakfast,27.6743633,85.3707449,0.0,2.0,1
Himchuli Natural Trade link Enterprises,Tea house,27.675558,85.3747829,84.0,5.0,1
Kalika Khaja Ghar,Bar,27.67408,85.3749999,0.0,4.5,4
Infront of Ageno sekuwa corner,Bar,27.6735675,85.3751825,0.0,0.0,0
Purbali fish House,Bar,27.6755042,85.3662001,0.0,5.0,3
Jbs Bakery,Bakery,27.6748932,85.3696216,0.0,3.3,6
Uma Kund Dairy (Bakery),Bakery,27.6752117,85.3758598,0.0,0.0,0
Kalika Dairy And Bakery Shop,Bakery,27.6746485,85.3744384,0.0,0.0,0
Akleshwori Laxmi Bhojanalaya,Bar,27.6765033,85.3743339,0.0,0.0,0
Siddhibinayak Bakers House,Bakery,27.6743321,85.3709832,84.0,5.0,1
Sargun Cake and Pastries,Bakery,27.6736719,85.3733955,94.5,0.0,0
Unique dairy,Bakery,27.6750214,85.369669,0.0,2.9,9
SURYA VINAYAK BAKERY AND FOODS,Wholesale bakery,27.670018,85.3676968,0.0,4.0,1
Pokhrely dairy,Bakery,27.6718027,85.3723581,0.0,0.0,0
Warm Delight Bakery,Wholesale bakery,27.674833,85.3696693,0.0,0.0,0
The Sip N' Play Junction,Cafe,27.6664552,85.3658449,0.0,4.5,4
Rolls & Burger,Cafe,27.6650557,85.3674787,91.0,4.3,11
Mainali Cake Shop and Dairy,Cafe,27.6654789,85.3666449,98.0,3.8,26
Phulchowki dudh Dahi Bhandar & cake Shop,Cafe,27.6653256,85.3664883,0.0,4.0,1
Kane harry niwas,Coffee shop,27.6623684,85.3677135,0.0,1.0,2
Yummy Laphing Center,Chinese restaurant,27.6647035,85.3670857,56.0,4.7,3
MAHALAXMI MOMO CENTER,Restaurant,27.6639636,85.3672374,77.0,4.6,15
Shrestha Food &Cafe,Fast food restaurant,27.6651056,85.3670338,0.0,5.0,2
Sandar Momo (Balkot Branch),Asian restaurant,27.6652922,85.3672327,0.0,0.0,0
‡§¨‡§æ‡§≤‡§ï‡§æ‡•á‡§ü ‡§Æ‡§ø‡§†‡§æ‡§à ‡§≠‡§£‡•ç‡§°‡§æ‡§∞,Fast food restaurant,27.6654964,85.3663677,0.0,5.0,2
Chiya Donut,Cafe,27.6667118,85.3661668,0.0,4.8,13
Miteri Sekuwa Ghar,Restaurant,27.6672789,85.3657097,98.0,4.0,6
Shubhi's Bhansa Ghar,Restaurant,27.6639802,85.3653369,83.0,4.0,1
Bishal bhandari,Restaurant,27.662928,85.3653101,0.0,0.0,0
üî™,Breakfast restaurant,27.6638406,85.3673292,0.0,5.0,9
BM Brothers Bekery and Coffee Shop,Bakery,27.6612252,85.369799,101.5,0.0,0
Ma,Tea store,27.6652779,85.3678655,0.0,0.0,0
Newa Cafe (‡§®‡•á‡§µ‡§æ‡§∞‡•Ä ‡§ñ‡§æ‡§ú‡§æ ‡§ò‡§∞),Restaurant,27.6905625,85.4721875,98.0,4.5,4
Backers cafe,Bakery,27.6654851,85.3658945,0.0,0.0,0
Dipsan home,Bakery,27.6659305,85.3677244,0.0,5.0,1
Restaurant,Restaurant,27.6784335,85.471726,72.0,0.0,0
‡§∏‡§æ‡§®‡§æ‡•á ‡§†‡§æ‡§â‡§Å‡§Æ‡§æ ‡§∏‡§æ‡§®‡•ã ‡§µ‡•ç‡§Ø‡§µ‡§∏‡§æ‡§Ø,Restaurant,27.6858742,85.4794353,0.0,0.0,0
Dakshinkali Khuwa Udhyog,Bakery,27.6863787,85.4790383,98.0,3.0,2
‡§¨‡§æ‡§≤‡§ï‡•Å‡§Æ‡§æ‡§∞‡•Ä ‡§ñ‡§æ‡§ú‡§æ ‡§ò‡§∞,Restaurant,27.6794027,85.4758049,0.0,3.9,7
Milan tea and coffee sudal,Coffee shop,27.6832798,85.4822496,0.0,3.0,2
Anup Tea Shop,Bakery,27.6785213,85.481423,0.0,0.0,0
Break Time,Family restaurant,27.7095616,85.4149692,105.0,3.0,2
Sano khaja pasal,Family restaurant,27.7117664,85.414356,0.0,0.0,0
R.A. Banquet,Banquet hall,27.7145138,85.4092619,0.0,4.1,65
Amrit Khaja Ghar,Fast food restaurant,27.6645726,85.3922817,0.0,0.0,0
‡§∏‡•Å‡§∂‡•Ä‡§≤‡§æ‡§ï‡•ã ‡§≠‡§æ‡§®‡•ç‡§∏‡§æ,Cafe,27.7095992,85.4149886,92.0,4.2,30
Fresh bite bhojanalay,Cafe,27.711675,85.4127074,99.75,0.0,0
Manita Stores,Coffee shop,27.6843422,85.4682312,0.0,0.0,0
‡§∏‡§æ‡§á‡§≤‡§æ‡§ï‡•ã ‡§™‡§∏‡§≤,Coffee shop,27.6869412,85.4827798,0.0,3.5,4
Live Bakery Pvt.ltd,Bakery,27.7100617,85.4020678,0.0,3.8,6
Kalash Food Cafe,Cafe,27.6729236,85.3876911,82.25,3.6,101
New Guransh coffee shop,Cafe,27.686144,85.4801914,52.5,0.0,0
China Road Restaurant & Sekuwa Corner,Restaurant,27.6738988,85.392768,91.0,5.0,1
Pradeep,Momo restaurant,27.6644725,85.392083,91.0,5.0,4
pizza Spot,Pizza restaurant,27.6652297,85.3900456,0.0,5.0,8
Newa Pasa Foodland,Restaurant,27.6644933,85.3915539,98.0,0.0,0
Utshahan dining table,Restaurant,27.6707799,85.3998925,0.0,4.0,1
Shova Dairy,Bakery,27.6643386,85.3916075,0.0,4.2,5
Kamal dai ko tea pasal,Tea store,27.665948,85.392561,0.0,0.0,0
Bhansa Ghar,Breakfast restaurant,27.6730011,85.3856447,0.0,0.0,0
Syanko Katti Roll,Fast food restaurant,27.6828125,85.4113125,84.0,4.5,8
Classic fast food hub,Cafe,27.6826303,85.411082,84.0,4.1,23
Simple Food Corner (SASA),Fast food restaurant,27.6837882,85.4119169,0.0,5.0,1
"Biryani Adda , Radhe Radhe , Bhaktapur",Indian restaurant,27.6753198,85.3979596,84.0,3.8,191
Pizza World Bhaktapur,Restaurant,27.6755211,85.3976867,77.0,4.4,255
Pizza Hut,Pizza restaurant,27.6748593,85.3973481,80.5,4.1,336
PEPE PIZZA bhaktapur,Family restaurant,27.6754472,85.3971339,77.0,3.9,31
Madhyapur Tiffin House,Fast food restaurant,27.6828589,85.3882494,101.5,0.0,0
Dinesh Khaja Ghar,Fast food restaurant,27.6824253,85.3891807,91.0,0.0,0
The Sekuwa House,Fast food restaurant,27.6870682,85.3884207,0.0,0.0,0
Indrayani Hub,Fast food restaurant,27.6782144,85.3856289,0.0,0.0,0
The town kitchen,Restaurant,27.6764193,85.3975993,56.0,3.4,5
‡§ú‡•ã‡§∂‡•Ä ‡§Æ:‡§Æ: ‡§∏‡•á‡§®‡•ç‡§ü‡§∞,Restaurant,27.6760932,85.3981691,0.0,4.0,3
Cozy Food Cafe (CFC),Restaurant,27.671833,85.3878811,91.0,2.0,2
Good Mood Stick Food & Cafe,Restaurant,27.6717358,85.3880642,0.0,0.0,0
Royal Thai Hospitality,Restaurant,27.6749012,85.3964525,98.0,3.9,385
Shankhadhar Newari KhajaGhar,Restaurant,27.6724497,85.3847092,98.0,4.7,13
Yunisha Bhojanalay and Mo:Mo: Center,Restaurant,27.6730145,85.3859484,77.0,4.0,8
Hospital canteen,Restaurant,27.6722508,85.3879495,0.0,5.0,1
Best Kuboos Rolls & Restro,Restaurant,27.6731679,85.3867754,85.5,3.3,16
Chautari chiya adda,Coffee shop,27.6816716,85.4104162,101.5,4.9,7
Hotel family and restro,Restaurant,27.7006163,85.4684994,0.0,5.0,2
Pasa Cake House,Bakery,27.6773635,85.4309337,84.0,0.0,0
target,Bar,27.6953509,85.4718954,0.0,5.0,1
Aabsar khaja ghar,Restaurant,27.695915,85.4641851,0.0,5.0,3
Roadside Restro & Cafe,Restaurant,27.696253,85.4651164,101.0,0.0,0
Sabina mine market,Cafe,27.6865012,85.4806951,105.0,0.0,0
Sakura resort,Bed & breakfast,27.6606679,85.4511609,0.0,4.8,5
FIREWOOD SEKUWA PALACE,Restaurant,27.6697901,85.385248,0.0,4.4,171
Daura Thakali Bhaktapur,Family restaurant,27.6748427,85.3907559,0.0,4.5,52
Divyashwori Guest House & Restaurant,Restaurant,27.676267,85.3880049,0.0,3.9,33
SEWA Resturant,Family restaurant,27.684881,85.3876516,91.0,3.6,14
RAJ GANESH CAFE AND KHAJA GHAR,Restaurant,27.6773662,85.3855139,0.0,0.0,0
Ranjeet Chatpate Panipuri,Fast food restaurant,27.674505,85.3873503,0.0,4.3,4
.....,Fast food restaurant,27.6735042,85.3854631,70.0,3.7,19
NigooPukhoo Restro,Restaurant,27.6779848,85.3858299,94.5,4.3,29
Sarkar Newa Khaja Ghar,Restaurant,27.6802712,85.3858719,0.0,5.0,2
Newa Nasa Chhey,Restaurant,27.678597,85.3856256,0.0,4.2,61
Rajendra Khaja Ghar,Fast food restaurant,27.680102,85.3866159,0.0,5.0,1
Bhairav Hotel,Restaurant,27.679197,85.3859545,115.5,4.5,6
Om Newari Khaja Ghar,Restaurant,27.6800629,85.386673,98.0,4.3,3
Kuncha Pasal,Restaurant,27.6828118,85.3859487,66.0,4.3,62
EVE DINE HOUSE,Restaurant,27.6830703,85.3877019,87.5,5.0,1
Food juction,Family restaurant,27.6773798,85.3832487,0.0,5.0,2
Roll House,Restaurant,27.6822179,85.3889022,91.0,4.4,9
Tasty mo mo center,Restaurant,27.6804904,85.3859317,0.0,5.0,3
Manandhar Newari khaja Ghar,Restaurant,27.6772347,85.3886696,91.0,4.1,11
Tamidewa stick food,Restaurant,27.6786489,85.3855453,0.0,5.0,1
6/9 Khaja Ghar,Fast food restaurant,27.6784061,85.3863721,105.0,0.0,0
‡§Æ‡§π‡§ø‡§Æ ‡§ï‡•ç‡§Ø‡§æ‡§´‡•á,Cafe,27.680051,85.386488,0.0,4.3,3
"Dahi, tasty curd",Restaurant,27.6803154,85.3840549,0.0,0.0,0
Shree Shiddhikali Newa Suli,Restaurant,27.6814131,85.3831463,91.0,4.0,3
Cheers Loung and Bar,Restaurant,27.6821975,85.3891531,105.0,3.9,8
Madhyapur A.One Food House Digutol,Restaurant,27.679259,85.3858656,0.0,0.0,0
Shandar Everest MoMo Purano Thimi,Momo restaurant,27.6830967,85.3865375,0.0,3.7,3
Basuki Newari khaja Ghar,Restaurant,27.682206,85.3824075,0.0,3.0,1
KP,Restaurant,27.682054,85.3885748,0.0,0.0,0
Jhigu Newa chhey,Family restaurant,27.6827983,85.385943,0.0,0.0,0
pramod ko pasal,Asian restaurant,27.6808886,85.3867524,0.0,0.0,0
GTS Store,Tea house,27.6830103,85.3884901,0.0,0.0,0
Thimi,Restaurant,27.676532,85.382546,0.0,0.0,0
Manakamana falful pasal,Restaurant,27.6827942,85.3885012,0.0,0.0,0
Tej chiya pasal,Coffee shop,27.6833351,85.3858766,0.0,0.0,0
Ta Nani Cafe,Coffee shop,27.677763,85.385635,0.0,0.0,0
Laxmipooja Khaja Ghar ‡§≤‡§ï‡•ç‡§∑‡•ç‡§Æ‡•Ä‡§™‡•Ç‡§ú‡§æ ‡§ñ‡§æ‡§ú‡§æ ‡§ò‡§∞,Coffee shop,27.6781954,85.3831285,112.0,0.0,0
Rajesh Khaja Ghar,Coffee shop,27.6824711,85.3880432,101.5,0.0,0
Caketown,Bakery,27.6828491,85.3883392,94.0,4.9,17
My home,Bakery,27.6826579,85.3860919,0.0,1.0,1
‡§ä‡§Å ‡§ú‡§Ø ‡§∂‡•ç‡§∞‡•Ä ‡§¶‡•Å‡§∞‡•ç‡§ó‡•á ‡§∏‡•ç‡§µ‡•Ä‡§ü ‡§è‡§£‡•ç‡§° ‡§ö‡§æ‡§ü ‡§π‡§æ‡§â‡§∏,Dessert shop,27.682907,85.3873189,98.0,0.0,0
Crossroad khajaghar,Bar,27.6778495,85.3834804,0.0,5.0,1
Thimi Newari Khaja Ghar,Bar,27.6831098,85.3892239,0.0,3.7,3
Kalinchok cafe,Bar,27.677957,85.3834875,0.0,0.0,0
Nitin wananje,Internet cafe,27.6829508,85.3864632,0.0,4.0,1
Duwakot hotel,Restaurant,27.7040208,85.4111656,0.0,4.7,3
KC General Store and Khaja Ghar,Restaurant,27.648037,85.4677866,105.0,5.0,4
Sweta Khaja Ghar,Coffee shop,27.6992486,85.4115355,0.0,0.0,0
Kolakhu De Cafe,Cafe,27.6754737,85.3853666,105.0,4.2,31
Siwatol Community Building,Cafe,27.677408,85.3872402,0.0,4.0,2
Meal Me Restaurant & Bar,Restaurant,27.6756089,85.3981092,98.0,3.5,106
Matina Nasha Chhen,Family restaurant,27.6725625,85.3989375,95.0,5.0,4
The Atlantic Seafood Restaurant & Bar,Asian restaurant,27.6759092,85.3980128,98.0,3.8,99
ATITHI FOOD PALACE,Restaurant,27.6750932,85.3986352,86.0,3.7,95
Shrestha Khaja Ghar,Restaurant,27.6728164,85.3995381,0.0,3.8,10
Katunje Kirana Pasal,Restaurant,27.6690605,85.3981223,91.0,3.6,18
Syanko Katti Roll,Restaurant,27.67545,85.3980694,77.0,2.0,3
KFC Head Office,American restaurant,27.673364,85.4014606,0.0,2.3,3
Tupi Baje Chiya Point,Tea store,27.6710857,85.382694,108.5,0.0,0
‡§ö‡§ø‡§Ø‡§æ Times,Coffee shop,27.6843016,85.4116201,0.0,5.0,7
YOYO ZIPLINE,Adventure sports center,27.6298676,85.4276306,56.5,3.9,218
Chiya Pasal,Coffee shop,27.6578507,85.4284849,0.0,1.0,1
Ranju Khaja Ghar,Restaurant,27.6686884,85.4700829,0.0,4.0,3
Gundu Newari khaja Ghar,Restaurant,27.6396049,85.4143417,105.0,3.6,13
Star Restaurant & Guest House,Bed & breakfast,27.6348384,85.4284282,0.0,5.0,1
The little Eatery,Restaurant,27.6956788,85.3741024,70.0,4.6,13
The Smoky Sekuwa House,Restaurant,27.6957576,85.3737676,77.0,4.7,3
Orung Saa Family Restro And Sekuwa,Restaurant,27.6956841,85.3736266,91.0,4.5,2
The 12 Piece Mo:Mo Station,Momo restaurant,27.6968795,85.3798116,0.0,4.4,9
Hardik Resturent & Bar,Restaurant,27.6956332,85.3749529,94.5,4.1,10
Bar BQ Ghar,Restaurant,27.6956404,85.3757327,108.5,4.1,17
"Chwassa Jhol Momo,Kadaghari",Momo restaurant,27.695556,85.3737381,73.5,4.0,13
‡§ï‡§æ‡§∞‡•ç‡§ï‡§ø ‡§¶‡§æ‡§à ‡§∏‡•ç‡§µ‡§æ‡§¶‡§ø‡§∑‡•ç‡§ü ‡§∏‡§æ‡§®‡•ç‡§¶‡§æ‡§∞ ‡§ù‡•ã‡§≤ ‡§Æ:‡§Æ: Karki Dai Sandar momo,Momo restaurant,27.6959724,85.3767325,0.0,5.0,2
Holiday Sekuwa Ghar (Domestic Liquior at MRP),Restaurant,27.6979895,85.3744569,70.0,5.0,3
12 Shutter,Restaurant,27.6962121,85.3769261,0.0,4.0,56
Hungry Hunter Resturant,Restaurant,27.6959323,85.3769575,0.0,3.3,14
Shubha Shree Party Palace,Restaurant,27.6938686,85.3745156,8.0,3.8,13
Frienz zone,Restaurant,27.694946,85.3727326,0.0,0.0,0
NEPAL TOP MOMO,Momo restaurant,27.695982,85.3745097,0.0,4.0,1
Thimi Newa Kitchen,Family restaurant,27.695673,85.3733349,0.0,0.0,0
Sewaro Yung Sum Sekuwa Corner,Family restaurant,27.6976545,85.3747365,0.0,0.0,0
D' Redo House,Restaurant,27.6967766,85.3796056,0.0,0.0,0
Teentalle Cafe,Restaurant,27.698582,85.3732139,0.0,0.0,0
Dolakha Jiri Khajaghar,Bar,27.714817,85.4053523,77.0,3.2,13
Kadhaghari -Home,Bed & breakfast,27.6944548,85.3731033,0.0,5.0,3
Apsara tea pasal,Coffee shop,27.695699,85.375817,0.0,0.0,0
Topgachihi tea house,Cafe,27.6942854,85.3743414,0.0,0.0,0
Jet Lounge and Restaurant,Restaurant,27.6999357,85.3681421,91.0,4.2,13
Himalayan Food House,Coffee shop,27.6988762,85.3741336,0.0,5.0,1
"12sutar chok,Deepa",Coffee shop,27.6976597,85.3777113,0.0,0.0,0
Chiya Juxon,Cafe,27.6604619,85.4274029,0.0,5.0,2
Deurali khaja ghar Darjeeling height fyafuulla tol,Restaurant,27.6563856,85.4299725,105.0,4.3,11
Readers Hub,Cafe,27.6961039,85.3703238,94.5,4.4,104
Our Cottage Cafe,Cafe,27.6947758,85.3725011,42.0,3.7,26
Herbs Garden,Restaurant,27.7147102,85.4079653,0.0,5.0,5
King Everest Momo Center (Rose village Sakha)üëë,Momo restaurant,27.6598766,85.425972,94.5,5.0,2
Him babu,American restaurant,27.658384,85.425281,0.0,0.0,0
Sekuwa ghar,Barbecue restaurant,27.657943,85.428135,0.0,0.0,0
RNG organic hotel,Fast food restaurant,27.6565274,85.43242,0.0,0.0,0
"Shandar Mo:Mo Birendra Chowk, Kadaghari",Momo restaurant,27.6985501,85.373722,101.5,3.3,4
Syryabinayak Bhaktapur,Momo restaurant,27.6599178,85.4259639,0.0,0.0,0
Lila Bekary Udhyog,Bakery,27.6982626,85.3729363,119.0,0.0,0
Ramechhap Basnet Hotel),Cafe,27.6958027,85.3763511,0.0,4.0,3
Sujit bakrey,Bakery,27.6599618,85.4317119,0.0,0.0,0
sujan1234,Bakery,27.6577909,85.4323594,0.0,0.0,0
Aakrisha Thapa' Wine Shop,Bar,27.7008293,85.3807701,91.0,3.5,2
R Rayamajhi wine shop,Bar,27.7005374,85.376224,0.0,0.0,0
Bhatapur rada krishana,Bed & breakfast,27.6565342,85.4323974,0.0,0.0,0
Shanti Special Food Industry Private Limited,Bakery,27.6629488,85.4185637,56.0,3.9,22
Sauvagya Bakes & Cakes,Bakery,27.6709676,85.3842489,0.0,3.0,3
G & S house of bakery,Bakery,27.6711472,85.3828303,0.0,0.0,0
Shailungeshwor Dairy & Bakery,Bakery,27.6731362,85.3800252,84.0,4.0,2
Makaju Cold Store,Bar,27.666449,85.3887848,91.0,1.0,1
‡§®‡•ç‡§Ø‡•Ç ‡§∏‡•Å‡§∞‡•ç‡§Ø‡§¨‡§ø‡§®‡§æ‡§Ø‡§ï ‡§Ö‡§Æ‡§ø‡§≤‡•ã ‡§è‡§£‡•ç‡§° ‡§ï‡•Å‡§≤‡•ç‡§´‡•Ä ‡§∂‡§™,Dessert shop,27.666363,85.425524,84.0,0.0,0
Laxmi Breads and Bakery,Wholesale bakery,27.6650492,85.4256411,91.0,5.0,1
Nabin Mobile Care,Bakery,27.6627832,85.425985,0.0,5.0,1
Siddhilaxmi Mithai and Dahi Bhandar,Bakery,27.6653963,85.4252398,98.0,3.3,3
Hari Dairy,Bakery,27.6617052,85.4261785,0.0,0.0,0
Heat 7 Cafe & Resort,Restaurant,27.6954598,85.4609476,84.0,4.4,21
ALIEN RESTRO & BAR,Restaurant,27.6956374,85.4639866,70.0,3.5,11
New Neelbarahi Cold Store Store,Bed & breakfast,27.6663926,85.4233292,0.0,0.0,0
Madhav thapa,Bar,27.7103599,85.4031193,0.0,0.0,0
Sabina Kirana Pasal,Cafe,27.6863958,85.4813265,0.0,1.5,2
"Madhu tea & coffee shop,Gankhu",Restaurant,27.6885087,85.3956087,0.0,5.0,1
chhaling,Bakery,27.7040349,85.4529896,0.0,0.0,0
Belli The Fine Dine,Restaurant,27.6729575,85.3835842,112.0,4.2,16
Gongo resort,Bed & breakfast,27.7052284,85.4514484,0.0,0.0,0
Sundar Ramechhap bakery,Cafe,27.6798658,85.3760993,0.0,2.3,6
Nawaj Resturant,Restaurant,27.6799797,85.3760665,0.0,4.0,1
Newa Chimney,Restaurant,27.6745959,85.3844078,91.0,4.8,13
Rojina Fast Food Cafe,Restaurant or cafe,27.6770892,85.3756588,77.0,4.0,3
Alisha Fast Food,Restaurant,27.6769046,85.3752966,105.0,0.0,0
Aaunty ko chiya pasal,Cafe,27.67656,85.377639,0.0,3.0,2
CHIYA LAHANA,Cafe,27.6799679,85.3761355,0.0,0.0,0
Kathmandu Khaja Ghar,Cafe,27.6799089,85.3762861,0.0,0.0,0
TITI Canteen,Restaurant,27.6806927,85.3754553,0.0,4.0,1
Ghising Dighyu Ghar,Family restaurant,27.6769401,85.3674385,0.0,0.0,0
New Chakra Sweet and Chaat House,Indian restaurant,27.6801001,85.3763216,0.0,0.0,0
Newaz Kitchen,Restaurant,27.6799121,85.376051,0.0,0.0,0
The Bakery Palace,Bakery,27.6782934,85.3685432,105.0,0.0,0
Srijana home Bhaktapur,Bakery,27.6772415,85.3682124,0.0,0.0,0
Khushi dairy and bakery,Bakery,27.6780324,85.3757911,0.0,0.0,0
Thakali Bhansa Ghar,Restaurant,27.6753013,85.3978524,84.0,3.8,11
Aarati Restaurant,Restaurant,27.6754327,85.3979407,98.0,4.0,4
Satyam paan shop,Bakery,27.6779427,85.3755865,0.0,0.0,0
Chhoyala house,Restaurant,27.6755983,85.3913541,84.0,4.4,17
Everyday is friday,Nepalese restaurant,27.6747414,85.3904894,98.0,4.4,5
KALI JIE LIVE NOODLES,Chinese noodle restaurant,27.67581,85.3974108,0.0,4.6,9
Fren's Cafe,Cafe,27.6962531,85.3700869,91.0,3.7,12
RS Khaja ghar kadhagari,Restaurant,27.6963928,85.3682705,56.0,5.0,1
Seven Eleven,Restaurant,27.6985881,85.3687532,98.0,4.6,5
Helambu Cafe and Restaurant,Restaurant,27.6992206,85.3677503,0.0,4.8,5
Naan house,Indian restaurant,27.6755324,85.3977585,0.0,2.8,4
Bhatbhateni Food Park (Bhaktapur),Restaurant,27.6750698,85.397268,73.5,3.1,71
MUKBANG KOREAN BBQ & GRILL,Korean restaurant,27.6760139,85.3978358,0.0,0.0,0
HAMRO KHAJA GHAR,Cafe,27.6961875,85.3693125,84.0,4.3,16
Matka chiya pepsicola,Coffee shop,27.6965844,85.3678843,0.0,0.0,0
Kadhaghari Khaja Ghar,Fast food restaurant,27.6968308,85.3706123,98.0,4.2,73
Chaska - Pepsicola,Fast food restaurant,27.6965982,85.3678565,0.0,3.7,3
A1 mo:mo: newari khaja ghar,Fast food restaurant,27.6951836,85.3705747,0.0,3.0,2
"Ukali Orali Khaja Ghar- Sundari Chowk, Kadaghari",Fast food restaurant,27.6982926,85.3678507,0.0,0.0,0
‡§®‡•á‡§µ‡§æ ‡§ñ‡§æ‡§ú‡§æ ‡§ò‡§∞,Restaurant,27.6776203,85.3965558,0.0,0.0,0
Hardik Restaurant and Hotel,Restaurant,27.6764265,85.3976102,0.0,0.0,0
Kwality Momo,Restaurant,27.6773263,85.3978183,0.0,0.0,0
"KTM Cake's - Khahare, Pepsicola",Bakery,27.6969045,85.3673445,98.0,5.0,5
Kadaghari Sekuwa Corner,Restaurant,27.6978477,85.3713869,44.0,3.9,33
The Bakery House,Bakery,27.6991462,85.3679334,0.0,0.0,0
"Ram Bakery - Sundari Chowk, Kadaghari",Bakery,27.6985596,85.368559,84.0,0.0,0
Seema food industries,Bakery,27.6954588,85.3697116,54.0,5.0,1
Chadani khaja Ghar susil chock Balkot,Coffee shop,27.6671996,85.363031,0.0,0.0,0
Chyamasing,Bakery,27.6865852,85.4581859,0.0,0.0,0
uma,Bakery,27.6862181,85.4579414,0.0,0.0,0
Purbeli Lafa momo Center,Restaurant,27.6998624,85.3681412,0.0,5.0,3
classic hukka&bar,Family restaurant,27.7002897,85.3758325,0.0,5.0,1
Abhiyan dairy,Bakery,27.7002138,85.3655298,0.0,0.0,0
Rosemary kitchen &coffee Shop,Restaurant,27.68358,85.4114222,0.0,5.0,2
Gaba Jhol Momo and Jheer Sekuwa,Restaurant,27.6828042,85.4111515,91.58,4.3,4
Bhaktapur newari khaza ghar,Restaurant,27.6847054,85.4110257,0.0,0.0,0
Gorkhali Mo:Mo,Restaurant,27.6816241,85.4104302,0.0,5.0,4
p&p liquor,Bar,27.6908623,85.4136585,0.0,4.3,4
"Dhan cafe, DUWAKOT",Cafe,27.6898073,85.4126105,0.0,4.0,6
KHADKA MEAT SHOP AND ALCHOL BEVERAGE,Meat dish restaurant,27.6923029,85.4142516,0.0,5.0,1
Suman khajafram,Coffee shop,27.6933677,85.412955,0.0,0.0,0
Pragati Agro Farm Cottage,Restaurant,27.69375,85.4140833,0.0,5.0,1
Payoza‚Äôs Organic Food,Cafe,27.6930591,85.4124215,98.0,5.0,2
Giri Niwas,Restaurant,27.6965019,85.4118608,0.0,0.0,0
Umesh room,Bakery,27.6821947,85.4107838,0.0,0.0,0
Beli's Bread n cake station,Bakery,27.684394,85.4117026,0.0,4.3,3
Gankhu,Fast food restaurant,27.6880753,85.3984314,0.0,4.0,1
Suwal's Caf√©,Dog cafe,27.6512426,85.4271773,91.0,3.1,17
Suzan cafe,Cafe,27.6510401,85.427488,0.0,0.0,0
Ajima cafe,Coffee shop,27.6849416,85.3876473,0.0,0.0,0
Little eatery,Restaurant,27.6676516,85.3875564,0.0,0.0,0
Street harvest restaurant,Fast food restaurant,27.6737357,85.3801585,91.0,3.7,3
Shree bajrabarahi newari mithai pasal,Bakery,27.6892554,85.3895181,0.0,0.0,0
cake cafe,Bakery,27.6898954,85.3901125,0.0,0.0,0
Bhimeshwor Mo:Mo & Chinese Stick House,Restaurant,27.6726938,85.3853502,78.5,4.0,83
Combo kitchen,Restaurant,27.6732686,85.3872661,84.0,4.6,7
Dhungro Lekali Kitchen,Fast food restaurant,27.6735106,85.3854431,105.0,3.0,2
Global Mo:Mo: and Fastfood Center,Fast food restaurant,27.6730018,85.3856438,0.0,4.0,5
Bode sentitar,Coffee shop,27.6892273,85.3932541,0.0,0.0,0
Lastsport,Coffee shop,27.6781678,85.3808068,0.0,0.0,0
Roshan dudh Dairy,Coffee shop,27.6745713,85.3802805,0.0,5.0,2
Thimi burger house and crunchy fried chicken,Restaurant,27.6718921,85.3855725,91.0,3.4,5
Gankhu Restaurant,Restaurant,27.6851312,85.3950065,0.0,0.0,0
"Khaja ghar, Gankhu",Restaurant,27.6846325,85.397554,98.0,5.0,1
"Sarswati khajaghar Gankhu ‡§∏‡§∞‡§∏‡•ç‡§µ‡§§‡§ø ‡§ñ‡§æ‡§®‡§æ ‡§§‡§•‡§æ ‡§ñ‡§æ‡§ú‡§æ ‡§ò‡§∞,‡§ó‡§æ‡§Å‡§ñ‡•Å",Restaurant,27.6864771,85.3971473,0.0,5.0,2
Nashir Shekh Halal meat shop,Restaurant,27.6890815,85.3896465,78.75,3.6,203
Shanti Khaja Ghar,Restaurant,27.6879753,85.3900556,0.0,5.0,3
Gakhu Sangita khaja ghar ‡§ó‡§æ‡§Å‡§ñ‡•Å ‡§∏‡§Ç‡§ó‡§ø‡§§‡§æ ‡§ñ‡§æ‡§ú‡§æ‡§ò‡§∞,Restaurant,27.6846154,85.3964598,0.0,4.3,4
Khuwalung Sekuwa Ghar,Barbecue restaurant,27.6850836,85.3900443,0.0,4.0,2
Bhaktapur Khaja Ghar,Restaurant,27.6841275,85.3894429,91.0,0.0,0
‡§∞‡•ã‡§ú ‡§ñ‡§æ‡§®‡§æ ‡§§‡§•‡§æ ‡§ñ‡§æ‡§ú‡§æ ‡§ò‡§∞,Restaurant,27.6896582,85.3910851,0.0,3.0,2
